--------- beginning of main
         1787686234.089 16973 16973 D PicoSwitch: monoMs=99436493 app/created: version 2.0.0-debug
         1787686234.094 16973 16973 D PicoSwitch: monoMs=99436498 controller/bridge.phase: Idle
         1787686234.102 16973 16973 D PicoSwitch: monoMs=99436507 controller/haptics bound: System (device=yes ids=[] hasVibrator=false external=true system=true vibrateOnSetting=true) amplitudeControl=true
         1787686234.102 16973 16973 D PicoSwitch: monoMs=99436507 bridge/source bound: Odin Controller caps=DeviceCapabilities(gamepadButtons=true, analogSticks=2, analogTriggers=true, dpad=true, gyroscope=true, accelerometer=true, rumbleMotors=1, battery=true)
         1787686234.102 16973 16973 D PicoSwitch: monoMs=99436507 controller/auto-selected: Odin Controller
         1787686234.108 16973 16973 D PicoSwitch: monoMs=99436513 app/lifecycle: created
         1787686234.112 16973 16973 D PicoSwitch: monoMs=99436516 relationship/association.reconciled: source=SavedWithoutAssociation records=0 association=none state=Missing
         1787686234.112 16973 16973 D PicoSwitch: monoMs=99436517 relationship/connect.request: attempt=1 reason=foreground-auto association=none bond=Bonded
         1787686234.114 16973 16973 D PicoSwitch: monoMs=99436519 management/connect.generation: attempt=1 gatt=1 gattObj=none state=Connecting reason=foreground-auto retry=0/1 source=reconnect reason=foreground-auto association=none bond=Bonded priorGattRetired=false expectsBonding=false retry=0/1
         1787686234.114 16973 16973 D PicoSwitch: monoMs=99436519 management/connect.request: attempt=1 gatt=1 gattObj=none state=Connecting reason=foreground-auto retry=0/1 source=reconnect api=connectGatt
         1787686234.114 16973 16973 D BluetoothGatt: connect() - device: 88:A2:9E:D1:77:78, auto: false, eattSupport: false
         1787686234.114 16973 16973 D BluetoothGatt: registerApp()
         1787686234.114 16973 16973 D BluetoothGatt: registerApp() - UUID=cec4c097-642a-44ff-b6ec-7c3af1b88d3e
         1787686234.115 16973 17001 D BluetoothGatt: onClientRegistered() - status=0 clientIf=13
         1787686234.115 16973 16973 D PicoSwitch: monoMs=99436520 management/gatt.created: attempt=1 gatt=1 gattObj=0xf44bed6 state=Connecting reason=foreground-auto retry=0/1 source=reconnect api=connectGatt autoConnect=false transport=LE phy=1M
         1787686234.117 16973 16973 D PicoSwitch: monoMs=99436522 app/lifecycle: resumed
         1787686234.130  2756  3189 W bt_btm  : btm_acl_created hci_handle=22 link_role=0  transport=2
         1787686234.298  2756  3189 W bt_btm  : btm_read_remote_version_complete lmp_version 11 manufacturer 305 lmp_subversion 8976
         1787686234.298  2756  3189 E bt_btif : bta_dm_acl_change new acl connetion:count = 1
         1787686234.298  2756  3189 W bt_btif : bta_dm_acl_change info: 0x0
         1787686234.300 16973 17001 D BluetoothGatt: onClientConnectionState() - status=0 clientIf=13 device=88:A2:9E:D1:77:78
         1787686234.301 16973 17001 D PicoSwitch: monoMs=99436705 management/gatt.state: attempt=1 gatt=1 gattObj=0xf44bed6 state=Connecting reason=foreground-auto retry=0/1 status=0 state=2 elapsedMs=187
         1787686234.302 16973 17001 D BluetoothGatt: requestConnectionPriority() - params: 1
         1787686234.303 16973 17001 D PicoSwitch: monoMs=99436707 management/gatt.priority: attempt=1 gatt=1 gattObj=0xf44bed6 state=Connecting reason=foreground-auto retry=0/1 source=setup priority=high apiAccepted=true
         1787686234.303 16973 17001 D BluetoothGatt: configureMTU() - device: 88:A2:9E:D1:77:78 mtu: 517
         1787686234.303 16973 17001 D PicoSwitch: monoMs=99436708 management/gatt.mtu_request: attempt=1 gatt=1 gattObj=0xf44bed6 state=Connecting reason=foreground-auto retry=0/1 mtu=517 requested=true
         1787686234.724 16973 17001 D BluetoothGatt: onConfigureMTU() - Device=88:A2:9E:D1:77:78 mtu=517 status=0
         1787686234.726 16973 17001 D PicoSwitch: monoMs=99437130 management/gatt.mtu: attempt=1 gatt=1 gattObj=0xf44bed6 state=Connecting reason=foreground-auto retry=0/1 status=0 mtu=517
         1787686234.730 16973 17001 D PicoSwitch: monoMs=99437135 management/gatt.services_begin: attempt=1 gatt=1 gattObj=0xf44bed6 state=Connecting reason=foreground-auto retry=0/1 operation=discoverServices
         1787686234.731 16973 17001 D BluetoothGatt: discoverServices() - device: 88:A2:9E:D1:77:78
         1787686234.734 16973 17001 D PicoSwitch: monoMs=99437138 management/gatt.services_api: attempt=1 gatt=1 gattObj=0xf44bed6 state=Connecting reason=foreground-auto retry=0/1 operation=discoverServices apiAccepted=true
         1787686234.741 16973 17001 D BluetoothGatt: onSearchComplete() = Device=88:A2:9E:D1:77:78 Status=0
         1787686234.742 16973 17001 D PicoSwitch: monoMs=99437146 management/gatt.services: attempt=1 gatt=1 gattObj=0xf44bed6 state=Connecting reason=foreground-auto retry=0/1 status=0
         1787686234.742 16973 17001 D BluetoothGatt: setCharacteristicNotification() - uuid: 81462706-8e64-407a-bc3d-d303529fbe1c enable: true
         1787686234.743 16973 17001 D PicoSwitch: monoMs=99437148 management/gatt.notification_api: attempt=1 gatt=1 gattObj=0xf44bed6 state=Connecting reason=foreground-auto retry=0/1 characteristic=tx enabled=true apiAccepted=true
         1787686234.743 16973 17001 D PicoSwitch: monoMs=99437148 management/gatt.descriptor_begin: attempt=1 gatt=1 gattObj=0xf44bed6 state=Connecting reason=foreground-auto retry=0/1 descriptor=ccc operation=enable-notifications bytes=2
         1787686234.744 16973 17001 D PicoSwitch: monoMs=99437149 management/gatt.descriptor_api: attempt=1 gatt=1 gattObj=0xf44bed6 state=Connecting reason=foreground-auto retry=0/1 descriptor=ccc operation=enable-notifications apiAccepted=true
         1787686234.779 16973 17001 D PicoSwitch: monoMs=99437183 management/gatt.subscribe: attempt=1 gatt=1 gattObj=0xf44bed6 state=Connecting reason=foreground-auto retry=0/1 status=0
         1787686234.786 16973 16973 D PicoSwitch: monoMs=99437190 management/request.queued: seq=1 type=info source=reconnect workflow=connect-identity gatt=1 gattObj=0xf44bed6 state=Connecting timeoutMs=10000
         1787686234.788 16973 16973 D PicoSwitch: monoMs=99437192 management/request.begin: attempt=1 gatt=1 gattObj=0xf44bed6 state=Connecting reason=foreground-auto retry=0/1 seq=1 type=info source=reconnect workflow=connect-identity queuedMs=2 preflightMs=0
         1787686234.791 16973 16973 D PicoSwitch: monoMs=99437195 management/command: info seq=1 gatt=1 mtu=517 source=reconnect caller=connect-identity bridge=Idle personality=idle sinceReadyMs=6 sinceReplyMs=none
         1787686234.792 16973 16973 D PicoSwitch: monoMs=99437196 management/request.write_begin: attempt=1 gatt=1 gattObj=0xf44bed6 state=Connecting reason=foreground-auto retry=0/1 seq=1 type=info source=reconnect characteristic=rx bytes=5 chunk=1/1
         1787686234.794 16973 16973 D PicoSwitch: monoMs=99437199 management/request.write_api: attempt=1 gatt=1 gattObj=0xf44bed6 state=Connecting reason=foreground-auto retry=0/1 seq=1 type=info source=reconnect characteristic=rx bytes=5 chunk=1/1 apiAccepted=true apiStatus=0
         1787686234.841 16973 17001 D PicoSwitch: monoMs=99437246 management/command.write: attempt=1 gatt=1 gattObj=0xf44bed6 state=Connecting reason=foreground-auto retry=0/1 seq=1 type=info callback=1 status=0 source=reconnect elapsedMs=53
         1787686234.841  2756  3189 E bt_btif : bta_gattc_process_indicate, ignore HID ind/notificiation
         1787686234.843 16973 17001 D PicoSwitch: monoMs=99437248 management/response.first: attempt=1 gatt=1 gattObj=0xf44bed6 state=Connecting reason=foreground-auto retry=0/1 seq=1 type=info source=reconnect bytes=111 elapsedMs=55
         1787686234.844 16973 16973 D PicoSwitch: monoMs=99437248 management/request.complete: attempt=1 gatt=1 gattObj=0xf44bed6 state=Connecting reason=foreground-auto retry=0/1 seq=1 type=info source=reconnect elapsedMs=56 responseBytes=110
         1787686234.845 16973 16973 D PicoSwitch: monoMs=99437250 management/result: info: complete (110 bytes) seq=1 gatt=1 source=reconnect elapsedMs=56 firstNotifyMs=55 notifications=1/111B writes=1
         1787686234.846 16973 16973 D PicoSwitch: monoMs=99437250 management/request.release: attempt=1 gatt=1 gattObj=0xf44bed6 state=Connecting reason=foreground-auto retry=0/1 seq=1 type=info source=reconnect elapsedMs=58
         1787686234.846 16973 16973 D BluetoothGatt: requestConnectionPriority() - params: 0
         1787686234.850 16973 16973 D PicoSwitch: monoMs=99437255 management/gatt.priority: attempt=1 gatt=1 gattObj=0xf44bed6 state=Connecting reason=foreground-auto retry=0/1 source=setup priority=balanced apiAccepted=true after=identity
         1787686234.852 16973 16973 D PicoSwitch: monoMs=99437257 adapter/bridge contract: compatible (bridge contract 3)
         1787686234.853 16973 16973 D PicoSwitch: monoMs=99437258 management/gatt.ready: attempt=1 gatt=1 gattObj=0xf44bed6 state=Connected reason=foreground-auto retry=0/1 management identity verified
         1787686234.853 16973 16973 D PicoSwitch: monoMs=99437258 management/request.queued: seq=2 type=personality source=reconnect workflow=connect-identity gatt=1 gattObj=0xf44bed6 state=Connected timeoutMs=10000
         1787686234.900 16973 17001 D BluetoothGatt: onConnectionUpdated() - Device=88:A2:9E:D1:77:78 interval=12 latency=0 timeout=500 status=0
         1787686234.901 16973 17001 D PicoSwitch: monoMs=99437305 management/gatt.params: attempt=1 gatt=1 gattObj=0xf44bed6 state=Connected reason=foreground-auto retry=0/1 status=0 intervalUnits=12 intervalUs=15000 latency=0 timeoutUnits=500 timeoutMs=5000
         1787686234.910 16973 16973 D PicoSwitch: monoMs=99437314 management/request.queued: seq=3 type=input source=foreground workflow=automatic-controller-resume gatt=1 gattObj=0xf44bed6 state=Connected timeoutMs=10000
         1787686234.944 16973 16973 D PicoSwitch: monoMs=99437348 management/request.begin: attempt=1 gatt=1 gattObj=0xf44bed6 state=Connected reason=foreground-auto retry=0/1 seq=2 type=personality source=reconnect workflow=connect-identity queuedMs=90 preflightMs=90
         1787686234.945 16973 16973 D PicoSwitch: monoMs=99437350 management/command: personality seq=2 gatt=1 mtu=517 source=reconnect caller=connect-identity bridge=Idle personality=idle sinceReadyMs=162 sinceReplyMs=100
         1787686234.945 16973 16973 D PicoSwitch: monoMs=99437350 management/request.write_begin: attempt=1 gatt=1 gattObj=0xf44bed6 state=Connected reason=foreground-auto retry=0/1 seq=2 type=personality source=reconnect characteristic=rx bytes=12 chunk=1/1
         1787686234.949 16973 16973 D PicoSwitch: monoMs=99437353 management/request.write_api: attempt=1 gatt=1 gattObj=0xf44bed6 state=Connected reason=foreground-auto retry=0/1 seq=2 type=personality source=reconnect characteristic=rx bytes=12 chunk=1/1 apiAccepted=true apiStatus=0
         1787686234.989  2756  3189 E bt_btif : bta_gattc_process_indicate, ignore HID ind/notificiation
         1787686234.991 16973 17001 D PicoSwitch: monoMs=99437395 management/command.write: attempt=1 gatt=1 gattObj=0xf44bed6 state=Connected reason=foreground-auto retry=0/1 seq=2 type=personality callback=1 status=0 source=reconnect elapsedMs=46
         1787686234.993 16973 17001 D PicoSwitch: monoMs=99437398 management/response.first: attempt=1 gatt=1 gattObj=0xf44bed6 state=Connected reason=foreground-auto retry=0/1 seq=2 type=personality source=reconnect bytes=57 elapsedMs=49
         1787686234.999 16973 16973 D PicoSwitch: monoMs=99437404 management/request.complete: attempt=1 gatt=1 gattObj=0xf44bed6 state=Connected reason=foreground-auto retry=0/1 seq=2 type=personality source=reconnect elapsedMs=56 responseBytes=56
         1787686235.001 16973 16973 D PicoSwitch: monoMs=99437405 management/result: personality: complete (56 bytes) seq=2 gatt=1 source=reconnect elapsedMs=56 firstNotifyMs=49 notifications=1/57B writes=1
         1787686235.001 16973 16973 D PicoSwitch: monoMs=99437406 management/request.release: attempt=1 gatt=1 gattObj=0xf44bed6 state=Connected reason=foreground-auto retry=0/1 seq=2 type=personality source=reconnect elapsedMs=58
         1787686235.006 16973 16973 D PicoSwitch: monoMs=99437410 management/request.queued: seq=4 type=device source=reconnect workflow=connect-identity gatt=1 gattObj=0xf44bed6 state=Connected timeoutMs=10000
         1787686235.100 16973 16973 D PicoSwitch: monoMs=99437505 management/request.begin: attempt=1 gatt=1 gattObj=0xf44bed6 state=Connected reason=foreground-auto retry=0/1 seq=3 type=input source=foreground workflow=automatic-controller-resume queuedMs=190 preflightMs=98
         1787686235.102 16973 16973 D PicoSwitch: monoMs=99437507 management/command: input seq=3 gatt=1 mtu=517 source=foreground caller=automatic-controller-resume bridge=Idle personality=idle sinceReadyMs=318 sinceReplyMs=100
         1787686235.103 16973 16973 D PicoSwitch: monoMs=99437507 management/request.write_begin: attempt=1 gatt=1 gattObj=0xf44bed6 state=Connected reason=foreground-auto retry=0/1 seq=3 type=input source=foreground characteristic=rx bytes=14 chunk=1/1
         1787686235.106 16973 16973 D PicoSwitch: monoMs=99437511 management/request.write_api: attempt=1 gatt=1 gattObj=0xf44bed6 state=Connected reason=foreground-auto retry=0/1 seq=3 type=input source=foreground characteristic=rx bytes=14 chunk=1/1 apiAccepted=true apiStatus=0
         1787686235.110 16973 17001 D BluetoothGatt: onConnectionUpdated() - Device=88:A2:9E:D1:77:78 interval=24 latency=0 timeout=500 status=0
         1787686235.111 16973 17001 D PicoSwitch: monoMs=99437515 management/gatt.params: attempt=1 gatt=1 gattObj=0xf44bed6 state=Connected reason=foreground-auto retry=0/1 status=0 intervalUnits=24 intervalUs=30000 latency=0 timeoutUnits=500 timeoutMs=5000
         1787686235.170  2756  3189 E bt_btif : bta_gattc_process_indicate, ignore HID ind/notificiation
         1787686235.170 16973 17001 D PicoSwitch: monoMs=99437575 management/command.write: attempt=1 gatt=1 gattObj=0xf44bed6 state=Connected reason=foreground-auto retry=0/1 seq=3 type=input callback=1 status=0 source=foreground elapsedMs=70
         1787686235.171 16973 17001 D PicoSwitch: monoMs=99437576 management/response.first: attempt=1 gatt=1 gattObj=0xf44bed6 state=Connected reason=foreground-auto retry=0/1 seq=3 type=input source=foreground bytes=98 elapsedMs=72
         1787686235.172 16973 16973 D PicoSwitch: monoMs=99437577 management/request.complete: attempt=1 gatt=1 gattObj=0xf44bed6 state=Connected reason=foreground-auto retry=0/1 seq=3 type=input source=foreground elapsedMs=72 responseBytes=97
         1787686235.174 16973 16973 D PicoSwitch: monoMs=99437579 management/result: input: complete (97 bytes) seq=3 gatt=1 source=foreground elapsedMs=72 firstNotifyMs=72 notifications=1/98B writes=1
         1787686235.175 16973 16973 D PicoSwitch: monoMs=99437579 management/request.release: attempt=1 gatt=1 gattObj=0xf44bed6 state=Connected reason=foreground-auto retry=0/1 seq=3 type=input source=foreground elapsedMs=75
         1787686235.180 16973 16973 D PicoSwitch: monoMs=99437585 controller/automatic resume: adapter idle; restoring saved handheld
         1787686235.181 16973 16973 D PicoSwitch: monoMs=99437586 controller/bridge.phase: Preparing
         1787686235.182 16973 16973 D PicoSwitch: monoMs=99437586 transport/HID profile: acquiring
         1787686235.273 16973 16973 D PicoSwitch: monoMs=99437677 management/request.begin: attempt=1 gatt=1 gattObj=0xf44bed6 state=Connected reason=foreground-auto retry=0/1 seq=4 type=device source=reconnect workflow=connect-identity queuedMs=266 preflightMs=96
         1787686235.274 16973 16973 D PicoSwitch: monoMs=99437679 management/command: device seq=4 gatt=1 mtu=517 source=reconnect caller=connect-identity bridge=Preparing personality=idle sinceReadyMs=490 sinceReplyMs=100
         1787686235.275 16973 16973 D PicoSwitch: monoMs=99437679 management/request.write_begin: attempt=1 gatt=1 gattObj=0xf44bed6 state=Connected reason=foreground-auto retry=0/1 seq=4 type=device source=reconnect characteristic=rx bytes=7 chunk=1/1
         1787686235.279 16973 16973 D PicoSwitch: monoMs=99437683 management/request.write_api: attempt=1 gatt=1 gattObj=0xf44bed6 state=Connected reason=foreground-auto retry=0/1 seq=4 type=device source=reconnect characteristic=rx bytes=7 chunk=1/1 apiAccepted=true apiStatus=0
         1787686235.286 16973 16973 D PicoSwitch: monoMs=99437691 controller/bridge.phase: Registering
         1787686235.293 16973 16973 D PicoSwitch: monoMs=99437697 transport/HID registration: immediate result false; awaiting callback
         1787686235.294 16973 17033 D PicoSwitch: monoMs=99437698 transport/HID registration: registered
         1787686235.296  2756  3189 E bt_btif : bta_av_co_get_active_peer: peer index out of bounds: 5
         1787686235.296  2756  3189 E bt_btif : btif_av_is_split_a2dp_enabled:  No active peer codec config found, by default splitmode
         1787686235.299 16973 16973 D PicoSwitch: monoMs=99437703 controller/bridge.phase: Connecting
         1787686235.300 16973 17033 D PicoSwitch: monoMs=99437705 transport/HID connection: requested accepted=true bond=12 type=3 major=0x1F00 device=0x1F00 hostOk=true; awaiting callback
         1787686235.301 16973 17033 D PicoSwitch: monoMs=99437705 transport/HID connection state: connecting
         1787686235.319 16973 17001 D PicoSwitch: monoMs=99437724 management/command.write: attempt=1 gatt=1 gattObj=0xf44bed6 state=Connected reason=foreground-auto retry=0/1 seq=4 type=device callback=1 status=0 source=reconnect elapsedMs=47
         1787686235.350 16973 17001 D PicoSwitch: monoMs=99437754 management/response.first: attempt=1 gatt=1 gattObj=0xf44bed6 state=Connected reason=foreground-auto retry=0/1 seq=4 type=device source=reconnect bytes=70 elapsedMs=78
         1787686235.351 16973 16973 D PicoSwitch: monoMs=99437755 management/request.complete: attempt=1 gatt=1 gattObj=0xf44bed6 state=Connected reason=foreground-auto retry=0/1 seq=4 type=device source=reconnect elapsedMs=79 responseBytes=69
         1787686235.352 16973 16973 D PicoSwitch: monoMs=99437756 management/result: device: complete (69 bytes) seq=4 gatt=1 source=reconnect elapsedMs=79 firstNotifyMs=78 notifications=1/70B writes=1
         1787686235.352 16973 16973 D PicoSwitch: monoMs=99437757 management/request.release: attempt=1 gatt=1 gattObj=0xf44bed6 state=Connected reason=foreground-auto retry=0/1 seq=4 type=device source=reconnect elapsedMs=81
         1787686235.353 16973 16973 D PicoSwitch: monoMs=99437758 relationship/connect.verified: attempt=1 reason=foreground-auto association=legacy
         1787686235.548  2756  3031 W bt_btif : btif_config_file_update
         1787686235.549  2756  3031 W bt_btif : btif_config_file_update: entries: 6 paired_devices: 3, new_config_entries: 6
         1787686236.796  2756  3189 W bt_btm  : btm_acl_role_changed: peer 88:a2:9e:d1:77:78 hci_status:0x0 new_role:1
         1787686236.807  2756  3189 W bt_btm  : btm_acl_created hci_handle=1 link_role=1  transport=1
         1787686236.808  2756  3189 W bt_btm  : btm_acl_created hci_handle=1 link_role=1  transport=1
         1787686236.808  2756  3189 E bt_btif : bta_dm_acl_change new acl connetion:count = 2
         1787686236.808  2756  3189 W bt_btif : bta_dm_acl_change info: 0x10
         1787686236.824  2756  3189 W bt_btm  : btm_read_remote_version_complete lmp_version 11 manufacturer 305 lmp_subversion 8976
         1787686236.905  2756  3031 W bt_btif : BTA_HD_OPEN_EVT, address (88:a2:9e:d1:77:78)
         1787686236.909 16973 17033 D PicoSwitch: monoMs=99439313 transport/HID connection state: connected
         1787686236.921  2756  3189 E bt_btif : sdp_upgrade_mse_record 
         1787686236.921  2756  3189 E bt_btif : check_remote_pbap_version_102 unable to open PBAP PCE Conf file for read: error: (No such file or directory)
         1787686236.925 16973 17033 D PicoSwitch: monoMs=99439329 bridge/link up: interrupt link ready
         1787686236.925 16973 16973 D PicoSwitch: monoMs=99439330 controller/bridge.phase: Playing
         1787686236.926 16973 16973 D PicoSwitch: monoMs=99439331 management/request.queued: seq=5 type=input source=foreground workflow=controller-source-reconcile gatt=1 gattObj=0xf44bed6 state=Connected timeoutMs=10000
         1787686236.927 16973 16973 D PicoSwitch: monoMs=99439331 management/request.begin: attempt=1 gatt=1 gattObj=0xf44bed6 state=Connected reason=foreground-auto retry=0/1 seq=5 type=input source=foreground workflow=controller-source-reconcile queuedMs=0 preflightMs=0
         1787686236.928 16973 16973 D PicoSwitch: monoMs=99439333 management/command: input seq=5 gatt=1 mtu=517 source=foreground caller=controller-source-reconcile bridge=Playing personality=idle sinceReadyMs=2145 sinceReplyMs=1576
         1787686236.929 16973 16973 D PicoSwitch: monoMs=99439333 management/request.write_begin: attempt=1 gatt=1 gattObj=0xf44bed6 state=Connected reason=foreground-auto retry=0/1 seq=5 type=input source=foreground characteristic=rx bytes=14 chunk=1/1
         1787686236.930 16973 16973 D PicoSwitch: monoMs=99439334 management/request.write_api: attempt=1 gatt=1 gattObj=0xf44bed6 state=Connected reason=foreground-auto retry=0/1 seq=5 type=input source=foreground characteristic=rx bytes=14 chunk=1/1 apiAccepted=true apiStatus=0
         1787686236.934 16973 17035 D PicoSwitch: monoMs=99439339 bridge/reports sent: streaming started
         1787686236.970 16973 16997 D PicoSwitch: monoMs=99439374 management/command.write: attempt=1 gatt=1 gattObj=0xf44bed6 state=Connected reason=foreground-auto retry=0/1 seq=5 type=input callback=1 status=0 source=foreground elapsedMs=43
         1787686237.001  2756  3189 E bt_btif : sdp_upgrade_mse_record 
         1787686237.001  2756  3189 E bt_btif : check_remote_pbap_version_102 unable to open PBAP PCE Conf file for read: error: (No such file or directory)
         1787686237.001 16973 16997 D PicoSwitch: monoMs=99439406 management/response.first: attempt=1 gatt=1 gattObj=0xf44bed6 state=Connected reason=foreground-auto retry=0/1 seq=5 type=input source=foreground bytes=163 elapsedMs=75
         1787686237.002 16973 16973 D PicoSwitch: monoMs=99439407 management/request.complete: attempt=1 gatt=1 gattObj=0xf44bed6 state=Connected reason=foreground-auto retry=0/1 seq=5 type=input source=foreground elapsedMs=75 responseBytes=162
         1787686237.004 16973 16973 D PicoSwitch: monoMs=99439408 management/result: input: complete (162 bytes) seq=5 gatt=1 source=foreground elapsedMs=75 firstNotifyMs=75 notifications=1/163B writes=1
         1787686237.004 16973 16973 D PicoSwitch: monoMs=99439408 management/request.release: attempt=1 gatt=1 gattObj=0xf44bed6 state=Connected reason=foreground-auto retry=0/1 seq=5 type=input source=foreground elapsedMs=77
         1787686237.005 16973 16973 D PicoSwitch: monoMs=99439410 controller/source.auto_skipped: active=1; existing owner retained
         1787686239.858 16973 16973 D PicoSwitch: monoMs=99442261 management/request.queued: seq=6 type=input source=background workflow=background-input-poll gatt=1 gattObj=0xf44bed6 state=Connected timeoutMs=10000
         1787686239.861 16973 16973 D PicoSwitch: monoMs=99442264 management/request.begin: attempt=1 gatt=1 gattObj=0xf44bed6 state=Connected reason=foreground-auto retry=0/1 seq=6 type=input source=background workflow=background-input-poll queuedMs=4 preflightMs=0
         1787686239.868 16973 16973 D PicoSwitch: monoMs=99442272 management/command: input seq=6 gatt=1 mtu=517 source=background caller=background-input-poll bridge=Playing personality=idle sinceReadyMs=5078 sinceReplyMs=2858
         1787686239.871 16973 16973 D PicoSwitch: monoMs=99442274 management/request.write_begin: attempt=1 gatt=1 gattObj=0xf44bed6 state=Connected reason=foreground-auto retry=0/1 seq=6 type=input source=background characteristic=rx bytes=14 chunk=1/1
         1787686239.875 16973 16973 D PicoSwitch: monoMs=99442279 management/request.write_api: attempt=1 gatt=1 gattObj=0xf44bed6 state=Connected reason=foreground-auto retry=0/1 seq=6 type=input source=background characteristic=rx bytes=14 chunk=1/1 apiAccepted=true apiStatus=0
         1787686239.906  2756  3031 W bt_btif : btif_config_file_update
         1787686239.907  2756  3031 W bt_btif : btif_config_file_update: entries: 6 paired_devices: 3, new_config_entries: 6
         1787686239.931 16973 17001 D PicoSwitch: monoMs=99442335 management/command.write: attempt=1 gatt=1 gattObj=0xf44bed6 state=Connected reason=foreground-auto retry=0/1 seq=6 type=input callback=1 status=0 source=background elapsedMs=70
         1787686239.932 16973 17001 D PicoSwitch: monoMs=99442336 management/response.first: attempt=1 gatt=1 gattObj=0xf44bed6 state=Connected reason=foreground-auto retry=0/1 seq=6 type=input source=background bytes=163 elapsedMs=72
         1787686239.933 16973 16973 D PicoSwitch: monoMs=99442338 management/request.complete: attempt=1 gatt=1 gattObj=0xf44bed6 state=Connected reason=foreground-auto retry=0/1 seq=6 type=input source=background elapsedMs=73 responseBytes=162
         1787686239.935 16973 16973 D PicoSwitch: monoMs=99442340 management/result: input: complete (162 bytes) seq=6 gatt=1 source=background elapsedMs=73 firstNotifyMs=72 notifications=1/163B writes=1
         1787686239.935 16973 16973 D PicoSwitch: monoMs=99442340 management/request.release: attempt=1 gatt=1 gattObj=0xf44bed6 state=Connected reason=foreground-auto retry=0/1 seq=6 type=input source=background elapsedMs=76
         1787686239.937 16973 16973 D PicoSwitch: monoMs=99442341 management/request.queued: seq=7 type=device source=foreground workflow=active-identity-converge gatt=1 gattObj=0xf44bed6 state=Connected timeoutMs=10000
         1787686240.034 16973 16973 D PicoSwitch: monoMs=99442438 management/request.begin: attempt=1 gatt=1 gattObj=0xf44bed6 state=Connected reason=foreground-auto retry=0/1 seq=7 type=device source=foreground workflow=active-identity-converge queuedMs=97 preflightMs=96
         1787686240.037 16973 16973 D PicoSwitch: monoMs=99442441 management/command: device seq=7 gatt=1 mtu=517 source=foreground caller=active-identity-converge bridge=Playing personality=idle sinceReadyMs=5252 sinceReplyMs=101
         1787686240.037 16973 16973 D PicoSwitch: monoMs=99442442 management/request.write_begin: attempt=1 gatt=1 gattObj=0xf44bed6 state=Connected reason=foreground-auto retry=0/1 seq=7 type=device source=foreground characteristic=rx bytes=7 chunk=1/1
         1787686240.041 16973 16973 D PicoSwitch: monoMs=99442446 management/request.write_api: attempt=1 gatt=1 gattObj=0xf44bed6 state=Connected reason=foreground-auto retry=0/1 seq=7 type=device source=foreground characteristic=rx bytes=7 chunk=1/1 apiAccepted=true apiStatus=0
         1787686240.091 16973 16997 D PicoSwitch: monoMs=99442495 management/command.write: attempt=1 gatt=1 gattObj=0xf44bed6 state=Connected reason=foreground-auto retry=0/1 seq=7 type=device callback=1 status=0 source=foreground elapsedMs=56
         1787686240.093 16973 16997 D PicoSwitch: monoMs=99442497 management/response.first: attempt=1 gatt=1 gattObj=0xf44bed6 state=Connected reason=foreground-auto retry=0/1 seq=7 type=device source=foreground bytes=80 elapsedMs=58
         1787686240.094 16973 16973 D PicoSwitch: monoMs=99442498 management/request.complete: attempt=1 gatt=1 gattObj=0xf44bed6 state=Connected reason=foreground-auto retry=0/1 seq=7 type=device source=foreground elapsedMs=60 responseBytes=79
         1787686240.096 16973 16973 D PicoSwitch: monoMs=99442500 management/result: device: complete (79 bytes) seq=7 gatt=1 source=foreground elapsedMs=60 firstNotifyMs=58 notifications=1/80B writes=1
         1787686240.096 16973 16973 D PicoSwitch: monoMs=99442501 management/request.release: attempt=1 gatt=1 gattObj=0xf44bed6 state=Connected reason=foreground-auto retry=0/1 seq=7 type=device source=foreground elapsedMs=63
         1787686240.097 16973 16973 D PicoSwitch: monoMs=99442502 controller/identity.observed: active=1 attached=true
         1787686240.098 16973 16973 D PicoSwitch: monoMs=99442502 controller/source.auto_skipped: active=1; existing owner retained
         1787686245.105 16973 16973 D PicoSwitch: monoMs=99447509 management/request.queued: seq=8 type=input source=background workflow=background-input-poll gatt=1 gattObj=0xf44bed6 state=Connected timeoutMs=10000
         1787686245.106 16973 16973 D PicoSwitch: monoMs=99447510 management/request.begin: attempt=1 gatt=1 gattObj=0xf44bed6 state=Connected reason=foreground-auto retry=0/1 seq=8 type=input source=background workflow=background-input-poll queuedMs=1 preflightMs=0
         1787686245.108 16973 16973 D PicoSwitch: monoMs=99447513 management/command: input seq=8 gatt=1 mtu=517 source=background caller=background-input-poll bridge=Playing personality=idle sinceReadyMs=10324 sinceReplyMs=5012
         1787686245.109 16973 16973 D PicoSwitch: monoMs=99447513 management/request.write_begin: attempt=1 gatt=1 gattObj=0xf44bed6 state=Connected reason=foreground-auto retry=0/1 seq=8 type=input source=background characteristic=rx bytes=14 chunk=1/1
         1787686245.112 16973 16973 D PicoSwitch: monoMs=99447517 management/request.write_api: attempt=1 gatt=1 gattObj=0xf44bed6 state=Connected reason=foreground-auto retry=0/1 seq=8 type=input source=background characteristic=rx bytes=14 chunk=1/1 apiAccepted=true apiStatus=0
         1787686245.161 16973 17001 D PicoSwitch: monoMs=99447565 management/command.write: attempt=1 gatt=1 gattObj=0xf44bed6 state=Connected reason=foreground-auto retry=0/1 seq=8 type=input callback=1 status=0 source=background elapsedMs=55
         1787686245.164 16973 17001 D PicoSwitch: monoMs=99447569 management/response.first: attempt=1 gatt=1 gattObj=0xf44bed6 state=Connected reason=foreground-auto retry=0/1 seq=8 type=input source=background bytes=163 elapsedMs=59
         1787686245.165 16973 16973 D PicoSwitch: monoMs=99447570 management/request.complete: attempt=1 gatt=1 gattObj=0xf44bed6 state=Connected reason=foreground-auto retry=0/1 seq=8 type=input source=background elapsedMs=59 responseBytes=162
         1787686245.167 16973 16973 D PicoSwitch: monoMs=99447571 management/result: input: complete (162 bytes) seq=8 gatt=1 source=background elapsedMs=59 firstNotifyMs=59 notifications=1/163B writes=1
         1787686245.168 16973 16973 D PicoSwitch: monoMs=99447572 management/request.release: attempt=1 gatt=1 gattObj=0xf44bed6 state=Connected reason=foreground-auto retry=0/1 seq=8 type=input source=background elapsedMs=62
         1787686245.169 16973 16973 D PicoSwitch: monoMs=99447574 controller/source.auto_skipped: active=1; existing owner retained
         1787686250.180 16973 16973 D PicoSwitch: monoMs=99452582 management/request.queued: seq=9 type=input source=background workflow=background-input-poll gatt=1 gattObj=0xf44bed6 state=Connected timeoutMs=10000
         1787686250.182 16973 16973 D PicoSwitch: monoMs=99452586 management/request.begin: attempt=1 gatt=1 gattObj=0xf44bed6 state=Connected reason=foreground-auto retry=0/1 seq=9 type=input source=background workflow=background-input-poll queuedMs=3 preflightMs=0
         1787686250.190 16973 16973 D PicoSwitch: monoMs=99452594 management/command: input seq=9 gatt=1 mtu=517 source=background caller=background-input-poll bridge=Playing personality=idle sinceReadyMs=15399 sinceReplyMs=5016
         1787686250.192 16973 16973 D PicoSwitch: monoMs=99452596 management/request.write_begin: attempt=1 gatt=1 gattObj=0xf44bed6 state=Connected reason=foreground-auto retry=0/1 seq=9 type=input source=background characteristic=rx bytes=14 chunk=1/1
         1787686250.196 16973 16973 D PicoSwitch: monoMs=99452600 management/request.write_api: attempt=1 gatt=1 gattObj=0xf44bed6 state=Connected reason=foreground-auto retry=0/1 seq=9 type=input source=background characteristic=rx bytes=14 chunk=1/1 apiAccepted=true apiStatus=0
         1787686250.230 16973 17001 D PicoSwitch: monoMs=99452635 management/command.write: attempt=1 gatt=1 gattObj=0xf44bed6 state=Connected reason=foreground-auto retry=0/1 seq=9 type=input callback=1 status=0 source=background elapsedMs=49
         1787686250.262 16973 16997 D PicoSwitch: monoMs=99452667 management/response.first: attempt=1 gatt=1 gattObj=0xf44bed6 state=Connected reason=foreground-auto retry=0/1 seq=9 type=input source=background bytes=163 elapsedMs=82
         1787686250.263 16973 16973 D PicoSwitch: monoMs=99452668 management/request.complete: attempt=1 gatt=1 gattObj=0xf44bed6 state=Connected reason=foreground-auto retry=0/1 seq=9 type=input source=background elapsedMs=83 responseBytes=162
         1787686250.265 16973 16973 D PicoSwitch: monoMs=99452669 management/result: input: complete (162 bytes) seq=9 gatt=1 source=background elapsedMs=83 firstNotifyMs=82 notifications=1/163B writes=1
         1787686250.265 16973 16973 D PicoSwitch: monoMs=99452670 management/request.release: attempt=1 gatt=1 gattObj=0xf44bed6 state=Connected reason=foreground-auto retry=0/1 seq=9 type=input source=background elapsedMs=84
         1787686250.266 16973 16973 D PicoSwitch: monoMs=99452671 controller/source.auto_skipped: active=1; existing owner retained
         1787686255.273 16973 16973 D PicoSwitch: monoMs=99457677 management/request.queued: seq=10 type=input source=background workflow=background-input-poll gatt=1 gattObj=0xf44bed6 state=Connected timeoutMs=10000
         1787686255.274 16973 16973 D PicoSwitch: monoMs=99457679 management/request.begin: attempt=1 gatt=1 gattObj=0xf44bed6 state=Connected reason=foreground-auto retry=0/1 seq=10 type=input source=background workflow=background-input-poll queuedMs=1 preflightMs=0
         1787686255.276 16973 16973 D PicoSwitch: monoMs=99457681 management/command: input seq=10 gatt=1 mtu=517 source=background caller=background-input-poll bridge=Playing personality=idle sinceReadyMs=20492 sinceReplyMs=5010
         1787686255.277 16973 16973 D PicoSwitch: monoMs=99457681 management/request.write_begin: attempt=1 gatt=1 gattObj=0xf44bed6 state=Connected reason=foreground-auto retry=0/1 seq=10 type=input source=background characteristic=rx bytes=14 chunk=1/1
         1787686255.280 16973 16973 D PicoSwitch: monoMs=99457685 management/request.write_api: attempt=1 gatt=1 gattObj=0xf44bed6 state=Connected reason=foreground-auto retry=0/1 seq=10 type=input source=background characteristic=rx bytes=14 chunk=1/1 apiAccepted=true apiStatus=0
         1787686255.331 16973 16997 D PicoSwitch: monoMs=99457735 management/command.write: attempt=1 gatt=1 gattObj=0xf44bed6 state=Connected reason=foreground-auto retry=0/1 seq=10 type=input callback=1 status=0 source=background elapsedMs=57
         1787686255.334 16973 16997 D PicoSwitch: monoMs=99457739 management/response.first: attempt=1 gatt=1 gattObj=0xf44bed6 state=Connected reason=foreground-auto retry=0/1 seq=10 type=input source=background bytes=163 elapsedMs=60
         1787686255.338 16973 16973 D PicoSwitch: monoMs=99457742 management/request.complete: attempt=1 gatt=1 gattObj=0xf44bed6 state=Connected reason=foreground-auto retry=0/1 seq=10 type=input source=background elapsedMs=64 responseBytes=162
         1787686255.342 16973 16973 D PicoSwitch: monoMs=99457747 management/result: input: complete (162 bytes) seq=10 gatt=1 source=background elapsedMs=64 firstNotifyMs=60 notifications=1/163B writes=1
         1787686255.343 16973 16973 D PicoSwitch: monoMs=99457748 management/request.release: attempt=1 gatt=1 gattObj=0xf44bed6 state=Connected reason=foreground-auto retry=0/1 seq=10 type=input source=background elapsedMs=69
         1787686255.347 16973 16973 D PicoSwitch: monoMs=99457751 controller/source.auto_skipped: active=1; existing owner retained
         1787686260.354 16973 16973 D PicoSwitch: monoMs=99462758 management/request.queued: seq=11 type=input source=background workflow=background-input-poll gatt=1 gattObj=0xf44bed6 state=Connected timeoutMs=10000
         1787686260.354 16973 16973 D PicoSwitch: monoMs=99462759 management/request.begin: attempt=1 gatt=1 gattObj=0xf44bed6 state=Connected reason=foreground-auto retry=0/1 seq=11 type=input source=background workflow=background-input-poll queuedMs=1 preflightMs=0
         1787686260.356 16973 16973 D PicoSwitch: monoMs=99462761 management/command: input seq=11 gatt=1 mtu=517 source=background caller=background-input-poll bridge=Playing personality=idle sinceReadyMs=25573 sinceReplyMs=5017
         1787686260.357 16973 16973 D PicoSwitch: monoMs=99462761 management/request.write_begin: attempt=1 gatt=1 gattObj=0xf44bed6 state=Connected reason=foreground-auto retry=0/1 seq=11 type=input source=background characteristic=rx bytes=14 chunk=1/1
         1787686260.360 16973 16973 D PicoSwitch: monoMs=99462764 management/request.write_api: attempt=1 gatt=1 gattObj=0xf44bed6 state=Connected reason=foreground-auto retry=0/1 seq=11 type=input source=background characteristic=rx bytes=14 chunk=1/1 apiAccepted=true apiStatus=0
         1787686260.403 16973 16997 D PicoSwitch: monoMs=99462806 management/command.write: attempt=1 gatt=1 gattObj=0xf44bed6 state=Connected reason=foreground-auto retry=0/1 seq=11 type=input callback=1 status=0 source=background elapsedMs=46
         1787686260.405 16973 16997 D PicoSwitch: monoMs=99462810 management/response.first: attempt=1 gatt=1 gattObj=0xf44bed6 state=Connected reason=foreground-auto retry=0/1 seq=11 type=input source=background bytes=163 elapsedMs=50
         1787686260.411 16973 16973 D PicoSwitch: monoMs=99462814 management/request.complete: attempt=1 gatt=1 gattObj=0xf44bed6 state=Connected reason=foreground-auto retry=0/1 seq=11 type=input source=background elapsedMs=55 responseBytes=162
         1787686260.417 16973 16973 D PicoSwitch: monoMs=99462821 management/result: input: complete (162 bytes) seq=11 gatt=1 source=background elapsedMs=55 firstNotifyMs=50 notifications=1/163B writes=1
         1787686260.418 16973 16973 D PicoSwitch: monoMs=99462822 management/request.release: attempt=1 gatt=1 gattObj=0xf44bed6 state=Connected reason=foreground-auto retry=0/1 seq=11 type=input source=background elapsedMs=63
         1787686260.421 16973 16973 D PicoSwitch: monoMs=99462826 controller/source.auto_skipped: active=1; existing owner retained
         1787686265.430 16973 16973 D PicoSwitch: monoMs=99467834 management/request.queued: seq=12 type=input source=background workflow=background-input-poll gatt=1 gattObj=0xf44bed6 state=Connected timeoutMs=10000
         1787686265.433 16973 16973 D PicoSwitch: monoMs=99467836 management/request.begin: attempt=1 gatt=1 gattObj=0xf44bed6 state=Connected reason=foreground-auto retry=0/1 seq=12 type=input source=background workflow=background-input-poll queuedMs=3 preflightMs=0
         1787686265.440 16973 16973 D PicoSwitch: monoMs=99467843 management/command: input seq=12 gatt=1 mtu=517 source=background caller=background-input-poll bridge=Playing personality=idle sinceReadyMs=30650 sinceReplyMs=5022
         1787686265.442 16973 16973 D PicoSwitch: monoMs=99467846 management/request.write_begin: attempt=1 gatt=1 gattObj=0xf44bed6 state=Connected reason=foreground-auto retry=0/1 seq=12 type=input source=background characteristic=rx bytes=14 chunk=1/1
         1787686265.447 16973 16973 D PicoSwitch: monoMs=99467851 management/request.write_api: attempt=1 gatt=1 gattObj=0xf44bed6 state=Connected reason=foreground-auto retry=0/1 seq=12 type=input source=background characteristic=rx bytes=14 chunk=1/1 apiAccepted=true apiStatus=0
         1787686265.533 16973 16997 D PicoSwitch: monoMs=99467937 management/command.write: attempt=1 gatt=1 gattObj=0xf44bed6 state=Connected reason=foreground-auto retry=0/1 seq=12 type=input callback=1 status=0 source=background elapsedMs=100
         1787686265.535 16973 17001 D PicoSwitch: monoMs=99467939 management/response.first: attempt=1 gatt=1 gattObj=0xf44bed6 state=Connected reason=foreground-auto retry=0/1 seq=12 type=input source=background bytes=163 elapsedMs=103
         1787686265.541 16973 16973 D PicoSwitch: monoMs=99467945 management/request.complete: attempt=1 gatt=1 gattObj=0xf44bed6 state=Connected reason=foreground-auto retry=0/1 seq=12 type=input source=background elapsedMs=108 responseBytes=162
         1787686265.547 16973 16973 D PicoSwitch: monoMs=99467951 management/result: input: complete (162 bytes) seq=12 gatt=1 source=background elapsedMs=108 firstNotifyMs=103 notifications=1/163B writes=1
         1787686265.548 16973 16973 D PicoSwitch: monoMs=99467952 management/request.release: attempt=1 gatt=1 gattObj=0xf44bed6 state=Connected reason=foreground-auto retry=0/1 seq=12 type=input source=background elapsedMs=116
         1787686265.552 16973 16973 D PicoSwitch: monoMs=99467956 controller/source.auto_skipped: active=1; existing owner retained
         1787686270.561 16973 16973 D PicoSwitch: monoMs=99472964 management/request.queued: seq=13 type=input source=background workflow=background-input-poll gatt=1 gattObj=0xf44bed6 state=Connected timeoutMs=10000
         1787686270.563 16973 16973 D PicoSwitch: monoMs=99472966 management/request.begin: attempt=1 gatt=1 gattObj=0xf44bed6 state=Connected reason=foreground-auto retry=0/1 seq=13 type=input source=background workflow=background-input-poll queuedMs=3 preflightMs=0
         1787686270.569 16973 16973 D PicoSwitch: monoMs=99472973 management/command: input seq=13 gatt=1 mtu=517 source=background caller=background-input-poll bridge=Playing personality=idle sinceReadyMs=35780 sinceReplyMs=5022
         1787686270.571 16973 16973 D PicoSwitch: monoMs=99472975 management/request.write_begin: attempt=1 gatt=1 gattObj=0xf44bed6 state=Connected reason=foreground-auto retry=0/1 seq=13 type=input source=background characteristic=rx bytes=14 chunk=1/1
         1787686270.576 16973 16973 D PicoSwitch: monoMs=99472980 management/request.write_api: attempt=1 gatt=1 gattObj=0xf44bed6 state=Connected reason=foreground-auto retry=0/1 seq=13 type=input source=background characteristic=rx bytes=14 chunk=1/1 apiAccepted=true apiStatus=0
         1787686270.633 16973 17001 D PicoSwitch: monoMs=99473037 management/command.write: attempt=1 gatt=1 gattObj=0xf44bed6 state=Connected reason=foreground-auto retry=0/1 seq=13 type=input callback=1 status=0 source=background elapsedMs=70
         1787686270.635 16973 17001 D PicoSwitch: monoMs=99473040 management/response.first: attempt=1 gatt=1 gattObj=0xf44bed6 state=Connected reason=foreground-auto retry=0/1 seq=13 type=input source=background bytes=163 elapsedMs=73
         1787686270.637 16973 16973 D PicoSwitch: monoMs=99473041 management/request.complete: attempt=1 gatt=1 gattObj=0xf44bed6 state=Connected reason=foreground-auto retry=0/1 seq=13 type=input source=background elapsedMs=75 responseBytes=162
         1787686270.638 16973 16973 D PicoSwitch: monoMs=99473043 management/result: input: complete (162 bytes) seq=13 gatt=1 source=background elapsedMs=75 firstNotifyMs=73 notifications=1/163B writes=1
         1787686270.639 16973 16973 D PicoSwitch: monoMs=99473043 management/request.release: attempt=1 gatt=1 gattObj=0xf44bed6 state=Connected reason=foreground-auto retry=0/1 seq=13 type=input source=background elapsedMs=77
         1787686270.640 16973 16973 D PicoSwitch: monoMs=99473045 controller/source.auto_skipped: active=1; existing owner retained
         1787686275.643 16973 16973 D PicoSwitch: monoMs=99478047 management/request.queued: seq=14 type=input source=background workflow=background-input-poll gatt=1 gattObj=0xf44bed6 state=Connected timeoutMs=10000
         1787686275.644 16973 16973 D PicoSwitch: monoMs=99478048 management/request.begin: attempt=1 gatt=1 gattObj=0xf44bed6 state=Connected reason=foreground-auto retry=0/1 seq=14 type=input source=background workflow=background-input-poll queuedMs=1 preflightMs=0
         1787686275.646 16973 16973 D PicoSwitch: monoMs=99478051 management/command: input seq=14 gatt=1 mtu=517 source=background caller=background-input-poll bridge=Playing personality=idle sinceReadyMs=40862 sinceReplyMs=5007
         1787686275.647 16973 16973 D PicoSwitch: monoMs=99478051 management/request.write_begin: attempt=1 gatt=1 gattObj=0xf44bed6 state=Connected reason=foreground-auto retry=0/1 seq=14 type=input source=background characteristic=rx bytes=14 chunk=1/1
         1787686275.650 16973 16973 D PicoSwitch: monoMs=99478055 management/request.write_api: attempt=1 gatt=1 gattObj=0xf44bed6 state=Connected reason=foreground-auto retry=0/1 seq=14 type=input source=background characteristic=rx bytes=14 chunk=1/1 apiAccepted=true apiStatus=0
         1787686275.702 16973 16997 D PicoSwitch: monoMs=99478106 management/command.write: attempt=1 gatt=1 gattObj=0xf44bed6 state=Connected reason=foreground-auto retry=0/1 seq=14 type=input callback=1 status=0 source=background elapsedMs=58
         1787686275.704 16973 16997 D PicoSwitch: monoMs=99478109 management/response.first: attempt=1 gatt=1 gattObj=0xf44bed6 state=Connected reason=foreground-auto retry=0/1 seq=14 type=input source=background bytes=163 elapsedMs=61
         1787686275.705 16973 16973 D PicoSwitch: monoMs=99478110 management/request.complete: attempt=1 gatt=1 gattObj=0xf44bed6 state=Connected reason=foreground-auto retry=0/1 seq=14 type=input source=background elapsedMs=61 responseBytes=162
         1787686275.707 16973 16973 D PicoSwitch: monoMs=99478111 management/result: input: complete (162 bytes) seq=14 gatt=1 source=background elapsedMs=61 firstNotifyMs=61 notifications=1/163B writes=1
         1787686275.707 16973 16973 D PicoSwitch: monoMs=99478112 management/request.release: attempt=1 gatt=1 gattObj=0xf44bed6 state=Connected reason=foreground-auto retry=0/1 seq=14 type=input source=background elapsedMs=64
         1787686275.709 16973 16973 D PicoSwitch: monoMs=99478113 controller/source.auto_skipped: active=1; existing owner retained
         1787686280.719 16973 16973 D PicoSwitch: monoMs=99483122 management/request.queued: seq=15 type=input source=background workflow=background-input-poll gatt=1 gattObj=0xf44bed6 state=Connected timeoutMs=10000
         1787686280.722 16973 16973 D PicoSwitch: monoMs=99483125 management/request.begin: attempt=1 gatt=1 gattObj=0xf44bed6 state=Connected reason=foreground-auto retry=0/1 seq=15 type=input source=background workflow=background-input-poll queuedMs=4 preflightMs=0
         1787686280.728 16973 16973 D PicoSwitch: monoMs=99483132 management/command: input seq=15 gatt=1 mtu=517 source=background caller=background-input-poll bridge=Playing personality=idle sinceReadyMs=45939 sinceReplyMs=5016
         1787686280.730 16973 16973 D PicoSwitch: monoMs=99483134 management/request.write_begin: attempt=1 gatt=1 gattObj=0xf44bed6 state=Connected reason=foreground-auto retry=0/1 seq=15 type=input source=background characteristic=rx bytes=14 chunk=1/1
         1787686280.737 16973 16973 D PicoSwitch: monoMs=99483140 management/request.write_api: attempt=1 gatt=1 gattObj=0xf44bed6 state=Connected reason=foreground-auto retry=0/1 seq=15 type=input source=background characteristic=rx bytes=14 chunk=1/1 apiAccepted=true apiStatus=0
         1787686280.773 16973 16997 D PicoSwitch: monoMs=99483178 management/command.write: attempt=1 gatt=1 gattObj=0xf44bed6 state=Connected reason=foreground-auto retry=0/1 seq=15 type=input callback=1 status=0 source=background elapsedMs=52
         1787686280.804 16973 16997 D PicoSwitch: monoMs=99483208 management/response.first: attempt=1 gatt=1 gattObj=0xf44bed6 state=Connected reason=foreground-auto retry=0/1 seq=15 type=input source=background bytes=163 elapsedMs=83
         1787686280.808 16973 16973 D PicoSwitch: monoMs=99483213 management/request.complete: attempt=1 gatt=1 gattObj=0xf44bed6 state=Connected reason=foreground-auto retry=0/1 seq=15 type=input source=background elapsedMs=87 responseBytes=162
         1787686280.812 16973 16973 D PicoSwitch: monoMs=99483216 management/result: input: complete (162 bytes) seq=15 gatt=1 source=background elapsedMs=87 firstNotifyMs=83 notifications=1/163B writes=1
         1787686280.813 16973 16973 D PicoSwitch: monoMs=99483217 management/request.release: attempt=1 gatt=1 gattObj=0xf44bed6 state=Connected reason=foreground-auto retry=0/1 seq=15 type=input source=background elapsedMs=92
         1787686280.815 16973 16973 D PicoSwitch: monoMs=99483219 controller/source.auto_skipped: active=1; existing owner retained
         1787686285.825 16973 16973 D PicoSwitch: monoMs=99488228 management/request.queued: seq=16 type=input source=background workflow=background-input-poll gatt=1 gattObj=0xf44bed6 state=Connected timeoutMs=10000
         1787686285.827 16973 16973 D PicoSwitch: monoMs=99488231 management/request.begin: attempt=1 gatt=1 gattObj=0xf44bed6 state=Connected reason=foreground-auto retry=0/1 seq=16 type=input source=background workflow=background-input-poll queuedMs=3 preflightMs=0
         1787686285.833 16973 16973 D PicoSwitch: monoMs=99488237 management/command: input seq=16 gatt=1 mtu=517 source=background caller=background-input-poll bridge=Playing personality=idle sinceReadyMs=51044 sinceReplyMs=5018
         1787686285.836 16973 16973 D PicoSwitch: monoMs=99488239 management/request.write_begin: attempt=1 gatt=1 gattObj=0xf44bed6 state=Connected reason=foreground-auto retry=0/1 seq=16 type=input source=background characteristic=rx bytes=14 chunk=1/1
         1787686285.840 16973 16973 D PicoSwitch: monoMs=99488244 management/request.write_api: attempt=1 gatt=1 gattObj=0xf44bed6 state=Connected reason=foreground-auto retry=0/1 seq=16 type=input source=background characteristic=rx bytes=14 chunk=1/1 apiAccepted=true apiStatus=0
         1787686285.903 16973 16997 D PicoSwitch: monoMs=99488307 management/command.write: attempt=1 gatt=1 gattObj=0xf44bed6 state=Connected reason=foreground-auto retry=0/1 seq=16 type=input callback=1 status=0 source=background elapsedMs=77
         1787686285.906 16973 16997 D PicoSwitch: monoMs=99488311 management/response.first: attempt=1 gatt=1 gattObj=0xf44bed6 state=Connected reason=foreground-auto retry=0/1 seq=16 type=input source=background bytes=163 elapsedMs=80
         1787686285.910 16973 16973 D PicoSwitch: monoMs=99488314 management/request.complete: attempt=1 gatt=1 gattObj=0xf44bed6 state=Connected reason=foreground-auto retry=0/1 seq=16 type=input source=background elapsedMs=83 responseBytes=162
         1787686285.916 16973 16973 D PicoSwitch: monoMs=99488320 management/result: input: complete (162 bytes) seq=16 gatt=1 source=background elapsedMs=83 firstNotifyMs=80 notifications=1/163B writes=1
         1787686285.918 16973 16973 D PicoSwitch: monoMs=99488322 management/request.release: attempt=1 gatt=1 gattObj=0xf44bed6 state=Connected reason=foreground-auto retry=0/1 seq=16 type=input source=background elapsedMs=91
         1787686285.921 16973 16973 D PicoSwitch: monoMs=99488326 controller/source.auto_skipped: active=1; existing owner retained
         1787686290.931 16973 16973 D PicoSwitch: monoMs=99493334 management/request.queued: seq=17 type=input source=background workflow=background-input-poll gatt=1 gattObj=0xf44bed6 state=Connected timeoutMs=10000
         1787686290.933 16973 16973 D PicoSwitch: monoMs=99493336 management/request.begin: attempt=1 gatt=1 gattObj=0xf44bed6 state=Connected reason=foreground-auto retry=0/1 seq=17 type=input source=background workflow=background-input-poll queuedMs=3 preflightMs=0
         1787686290.940 16973 16973 D PicoSwitch: monoMs=99493343 management/command: input seq=17 gatt=1 mtu=517 source=background caller=background-input-poll bridge=Playing personality=idle sinceReadyMs=56150 sinceReplyMs=5023
         1787686290.942 16973 16973 D PicoSwitch: monoMs=99493346 management/request.write_begin: attempt=1 gatt=1 gattObj=0xf44bed6 state=Connected reason=foreground-auto retry=0/1 seq=17 type=input source=background characteristic=rx bytes=14 chunk=1/1
         1787686290.946 16973 16973 D PicoSwitch: monoMs=99493350 management/request.write_api: attempt=1 gatt=1 gattObj=0xf44bed6 state=Connected reason=foreground-auto retry=0/1 seq=17 type=input source=background characteristic=rx bytes=14 chunk=1/1 apiAccepted=true apiStatus=0
         1787686291.004 16973 16997 D PicoSwitch: monoMs=99493408 management/command.write: attempt=1 gatt=1 gattObj=0xf44bed6 state=Connected reason=foreground-auto retry=0/1 seq=17 type=input callback=1 status=0 source=background elapsedMs=71
         1787686291.036 16973 16997 D PicoSwitch: monoMs=99493440 management/response.first: attempt=1 gatt=1 gattObj=0xf44bed6 state=Connected reason=foreground-auto retry=0/1 seq=17 type=input source=background bytes=163 elapsedMs=104
         1787686291.048 16973 16973 D PicoSwitch: monoMs=99493452 management/request.complete: attempt=1 gatt=1 gattObj=0xf44bed6 state=Connected reason=foreground-auto retry=0/1 seq=17 type=input source=background elapsedMs=116 responseBytes=162
         1787686291.052 16973 16973 D PicoSwitch: monoMs=99493456 management/result: input: complete (162 bytes) seq=17 gatt=1 source=background elapsedMs=116 firstNotifyMs=104 notifications=1/163B writes=1
         1787686291.053 16973 16973 D PicoSwitch: monoMs=99493457 management/request.release: attempt=1 gatt=1 gattObj=0xf44bed6 state=Connected reason=foreground-auto retry=0/1 seq=17 type=input source=background elapsedMs=121
         1787686291.055 16973 16973 D PicoSwitch: monoMs=99493460 controller/source.auto_skipped: active=1; existing owner retained
         1787686296.061 16973 16973 D PicoSwitch: monoMs=99498464 management/request.queued: seq=18 type=input source=background workflow=background-input-poll gatt=1 gattObj=0xf44bed6 state=Connected timeoutMs=10000
         1787686296.064 16973 16973 D PicoSwitch: monoMs=99498467 management/request.begin: attempt=1 gatt=1 gattObj=0xf44bed6 state=Connected reason=foreground-auto retry=0/1 seq=18 type=input source=background workflow=background-input-poll queuedMs=4 preflightMs=0
         1787686296.071 16973 16973 D PicoSwitch: monoMs=99498475 management/command: input seq=18 gatt=1 mtu=517 source=background caller=background-input-poll bridge=Playing personality=idle sinceReadyMs=61281 sinceReplyMs=5015
         1787686296.073 16973 16973 D PicoSwitch: monoMs=99498477 management/request.write_begin: attempt=1 gatt=1 gattObj=0xf44bed6 state=Connected reason=foreground-auto retry=0/1 seq=18 type=input source=background characteristic=rx bytes=14 chunk=1/1
         1787686296.078 16973 16973 D PicoSwitch: monoMs=99498481 management/request.write_api: attempt=1 gatt=1 gattObj=0xf44bed6 state=Connected reason=foreground-auto retry=0/1 seq=18 type=input source=background characteristic=rx bytes=14 chunk=1/1 apiAccepted=true apiStatus=0
         1787686296.134 16973 16997 D PicoSwitch: monoMs=99498538 management/command.write: attempt=1 gatt=1 gattObj=0xf44bed6 state=Connected reason=foreground-auto retry=0/1 seq=18 type=input callback=1 status=0 source=background elapsedMs=70
         1787686296.137 16973 16997 D PicoSwitch: monoMs=99498541 management/response.first: attempt=1 gatt=1 gattObj=0xf44bed6 state=Connected reason=foreground-auto retry=0/1 seq=18 type=input source=background bytes=163 elapsedMs=73
         1787686296.141 16973 16973 D PicoSwitch: monoMs=99498545 management/request.complete: attempt=1 gatt=1 gattObj=0xf44bed6 state=Connected reason=foreground-auto retry=0/1 seq=18 type=input source=background elapsedMs=78 responseBytes=162
         1787686296.146 16973 16973 D PicoSwitch: monoMs=99498550 management/result: input: complete (162 bytes) seq=18 gatt=1 source=background elapsedMs=78 firstNotifyMs=73 notifications=1/163B writes=1
         1787686296.148 16973 16973 D PicoSwitch: monoMs=99498552 management/request.release: attempt=1 gatt=1 gattObj=0xf44bed6 state=Connected reason=foreground-auto retry=0/1 seq=18 type=input source=background elapsedMs=85
         1787686296.150 16973 16973 D PicoSwitch: monoMs=99498555 controller/source.auto_skipped: active=1; existing owner retained
         1787686301.161 16973 16973 D PicoSwitch: monoMs=99503563 management/request.queued: seq=19 type=input source=background workflow=background-input-poll gatt=1 gattObj=0xf44bed6 state=Connected timeoutMs=10000
         1787686301.163 16973 16973 D PicoSwitch: monoMs=99503566 management/request.begin: attempt=1 gatt=1 gattObj=0xf44bed6 state=Connected reason=foreground-auto retry=0/1 seq=19 type=input source=background workflow=background-input-poll queuedMs=4 preflightMs=0
         1787686301.169 16973 16973 D PicoSwitch: monoMs=99503573 management/command: input seq=19 gatt=1 mtu=517 source=background caller=background-input-poll bridge=Playing personality=idle sinceReadyMs=66380 sinceReplyMs=5021
         1787686301.171 16973 16973 D PicoSwitch: monoMs=99503575 management/request.write_begin: attempt=1 gatt=1 gattObj=0xf44bed6 state=Connected reason=foreground-auto retry=0/1 seq=19 type=input source=background characteristic=rx bytes=14 chunk=1/1
         1787686301.175 16973 16973 D PicoSwitch: monoMs=99503579 management/request.write_api: attempt=1 gatt=1 gattObj=0xf44bed6 state=Connected reason=foreground-auto retry=0/1 seq=19 type=input source=background characteristic=rx bytes=14 chunk=1/1 apiAccepted=true apiStatus=0
         1787686301.237 16973 16997 D PicoSwitch: monoMs=99503640 management/command.write: attempt=1 gatt=1 gattObj=0xf44bed6 state=Connected reason=foreground-auto retry=0/1 seq=19 type=input callback=1 status=0 source=background elapsedMs=72
         1787686301.243 16973 16997 D PicoSwitch: monoMs=99503647 management/response.first: attempt=1 gatt=1 gattObj=0xf44bed6 state=Connected reason=foreground-auto retry=0/1 seq=19 type=input source=background bytes=163 elapsedMs=80
         1787686301.245 16973 16973 D PicoSwitch: monoMs=99503650 management/request.complete: attempt=1 gatt=1 gattObj=0xf44bed6 state=Connected reason=foreground-auto retry=0/1 seq=19 type=input source=background elapsedMs=83 responseBytes=162
         1787686301.250 16973 16973 D PicoSwitch: monoMs=99503654 management/result: input: complete (162 bytes) seq=19 gatt=1 source=background elapsedMs=83 firstNotifyMs=80 notifications=1/163B writes=1
         1787686301.251 16973 16973 D PicoSwitch: monoMs=99503655 management/request.release: attempt=1 gatt=1 gattObj=0xf44bed6 state=Connected reason=foreground-auto retry=0/1 seq=19 type=input source=background elapsedMs=89
         1787686301.253 16973 16973 D PicoSwitch: monoMs=99503658 controller/source.auto_skipped: active=1; existing owner retained
         1787686306.262 16973 16973 D PicoSwitch: monoMs=99508665 management/request.queued: seq=20 type=input source=background workflow=background-input-poll gatt=1 gattObj=0xf44bed6 state=Connected timeoutMs=10000
         1787686306.265 16973 16973 D PicoSwitch: monoMs=99508668 management/request.begin: attempt=1 gatt=1 gattObj=0xf44bed6 state=Connected reason=foreground-auto retry=0/1 seq=20 type=input source=background workflow=background-input-poll queuedMs=4 preflightMs=1
         1787686306.272 16973 16973 D PicoSwitch: monoMs=99508676 management/command: input seq=20 gatt=1 mtu=517 source=background caller=background-input-poll bridge=Playing personality=idle sinceReadyMs=71482 sinceReplyMs=5019
         1787686306.273 16973 16973 D PicoSwitch: monoMs=99508677 management/request.write_begin: attempt=1 gatt=1 gattObj=0xf44bed6 state=Connected reason=foreground-auto retry=0/1 seq=20 type=input source=background characteristic=rx bytes=14 chunk=1/1
         1787686306.276 16973 16973 D PicoSwitch: monoMs=99508680 management/request.write_api: attempt=1 gatt=1 gattObj=0xf44bed6 state=Connected reason=foreground-auto retry=0/1 seq=20 type=input source=background characteristic=rx bytes=14 chunk=1/1 apiAccepted=true apiStatus=0
         1787686306.335 16973 16997 D PicoSwitch: monoMs=99508739 management/command.write: attempt=1 gatt=1 gattObj=0xf44bed6 state=Connected reason=foreground-auto retry=0/1 seq=20 type=input callback=1 status=0 source=background elapsedMs=70
         1787686306.366 16973 16997 D PicoSwitch: monoMs=99508770 management/response.first: attempt=1 gatt=1 gattObj=0xf44bed6 state=Connected reason=foreground-auto retry=0/1 seq=20 type=input source=background bytes=163 elapsedMs=102
         1787686306.368 16973 16973 D PicoSwitch: monoMs=99508773 management/request.complete: attempt=1 gatt=1 gattObj=0xf44bed6 state=Connected reason=foreground-auto retry=0/1 seq=20 type=input source=background elapsedMs=105 responseBytes=162
         1787686306.370 16973 16973 D PicoSwitch: monoMs=99508774 management/result: input: complete (162 bytes) seq=20 gatt=1 source=background elapsedMs=105 firstNotifyMs=102 notifications=1/163B writes=1
         1787686306.370 16973 16973 D PicoSwitch: monoMs=99508775 management/request.release: attempt=1 gatt=1 gattObj=0xf44bed6 state=Connected reason=foreground-auto retry=0/1 seq=20 type=input source=background elapsedMs=107
         1787686306.371 16973 16973 D PicoSwitch: monoMs=99508776 controller/source.auto_skipped: active=1; existing owner retained
         1787686311.379 16973 16973 D PicoSwitch: monoMs=99513783 management/request.queued: seq=21 type=input source=background workflow=background-input-poll gatt=1 gattObj=0xf44bed6 state=Connected timeoutMs=10000
         1787686311.381 16973 16973 D PicoSwitch: monoMs=99513785 management/request.begin: attempt=1 gatt=1 gattObj=0xf44bed6 state=Connected reason=foreground-auto retry=0/1 seq=21 type=input source=background workflow=background-input-poll queuedMs=2 preflightMs=0
         1787686311.388 16973 16973 D PicoSwitch: monoMs=99513792 management/command: input seq=21 gatt=1 mtu=517 source=background caller=background-input-poll bridge=Playing personality=idle sinceReadyMs=76598 sinceReplyMs=5011
         1787686311.390 16973 16973 D PicoSwitch: monoMs=99513794 management/request.write_begin: attempt=1 gatt=1 gattObj=0xf44bed6 state=Connected reason=foreground-auto retry=0/1 seq=21 type=input source=background characteristic=rx bytes=14 chunk=1/1
         1787686311.395 16973 16973 D PicoSwitch: monoMs=99513799 management/request.write_api: attempt=1 gatt=1 gattObj=0xf44bed6 state=Connected reason=foreground-auto retry=0/1 seq=21 type=input source=background characteristic=rx bytes=14 chunk=1/1 apiAccepted=true apiStatus=0
         1787686311.436 16973 16997 D PicoSwitch: monoMs=99513840 management/command.write: attempt=1 gatt=1 gattObj=0xf44bed6 state=Connected reason=foreground-auto retry=0/1 seq=21 type=input callback=1 status=0 source=background elapsedMs=55
         1787686311.467 16973 16997 D PicoSwitch: monoMs=99513872 management/response.first: attempt=1 gatt=1 gattObj=0xf44bed6 state=Connected reason=foreground-auto retry=0/1 seq=21 type=input source=background bytes=163 elapsedMs=87
         1787686311.471 16973 16973 D PicoSwitch: monoMs=99513876 management/request.complete: attempt=1 gatt=1 gattObj=0xf44bed6 state=Connected reason=foreground-auto retry=0/1 seq=21 type=input source=background elapsedMs=91 responseBytes=162
         1787686311.475 16973 16973 D PicoSwitch: monoMs=99513879 management/result: input: complete (162 bytes) seq=21 gatt=1 source=background elapsedMs=91 firstNotifyMs=87 notifications=1/163B writes=1
         1787686311.476 16973 16973 D PicoSwitch: monoMs=99513881 management/request.release: attempt=1 gatt=1 gattObj=0xf44bed6 state=Connected reason=foreground-auto retry=0/1 seq=21 type=input source=background elapsedMs=96
         1787686311.479 16973 16973 D PicoSwitch: monoMs=99513884 controller/source.auto_skipped: active=1; existing owner retained
         1787686316.489 16973 16973 D PicoSwitch: monoMs=99518892 management/request.queued: seq=22 type=input source=background workflow=background-input-poll gatt=1 gattObj=0xf44bed6 state=Connected timeoutMs=10000
         1787686316.491 16973 16973 D PicoSwitch: monoMs=99518895 management/request.begin: attempt=1 gatt=1 gattObj=0xf44bed6 state=Connected reason=foreground-auto retry=0/1 seq=22 type=input source=background workflow=background-input-poll queuedMs=3 preflightMs=0
         1787686316.498 16973 16973 D PicoSwitch: monoMs=99518902 management/command: input seq=22 gatt=1 mtu=517 source=background caller=background-input-poll bridge=Playing personality=idle sinceReadyMs=81708 sinceReplyMs=5019
         1787686316.500 16973 16973 D PicoSwitch: monoMs=99518904 management/request.write_begin: attempt=1 gatt=1 gattObj=0xf44bed6 state=Connected reason=foreground-auto retry=0/1 seq=22 type=input source=background characteristic=rx bytes=14 chunk=1/1
         1787686316.504 16973 16973 D PicoSwitch: monoMs=99518908 management/request.write_api: attempt=1 gatt=1 gattObj=0xf44bed6 state=Connected reason=foreground-auto retry=0/1 seq=22 type=input source=background characteristic=rx bytes=14 chunk=1/1 apiAccepted=true apiStatus=0
         1787686316.566 16973 16997 D PicoSwitch: monoMs=99518970 management/command.write: attempt=1 gatt=1 gattObj=0xf44bed6 state=Connected reason=foreground-auto retry=0/1 seq=22 type=input callback=1 status=0 source=background elapsedMs=76
         1787686316.569 16973 16997 D PicoSwitch: monoMs=99518973 management/response.first: attempt=1 gatt=1 gattObj=0xf44bed6 state=Connected reason=foreground-auto retry=0/1 seq=22 type=input source=background bytes=163 elapsedMs=78
         1787686316.573 16973 16973 D PicoSwitch: monoMs=99518978 management/request.complete: attempt=1 gatt=1 gattObj=0xf44bed6 state=Connected reason=foreground-auto retry=0/1 seq=22 type=input source=background elapsedMs=83 responseBytes=162
         1787686316.577 16973 16973 D PicoSwitch: monoMs=99518982 management/result: input: complete (162 bytes) seq=22 gatt=1 source=background elapsedMs=83 firstNotifyMs=78 notifications=1/163B writes=1
         1787686316.579 16973 16973 D PicoSwitch: monoMs=99518983 management/request.release: attempt=1 gatt=1 gattObj=0xf44bed6 state=Connected reason=foreground-auto retry=0/1 seq=22 type=input source=background elapsedMs=89
         1787686316.583 16973 16973 D PicoSwitch: monoMs=99518987 controller/source.auto_skipped: active=1; existing owner retained
         1787686321.591 16973 16973 D PicoSwitch: monoMs=99523995 management/request.queued: seq=23 type=input source=background workflow=background-input-poll gatt=1 gattObj=0xf44bed6 state=Connected timeoutMs=10000
         1787686321.594 16973 16973 D PicoSwitch: monoMs=99523997 management/request.begin: attempt=1 gatt=1 gattObj=0xf44bed6 state=Connected reason=foreground-auto retry=0/1 seq=23 type=input source=background workflow=background-input-poll queuedMs=3 preflightMs=1
         1787686321.600 16973 16973 D PicoSwitch: monoMs=99524004 management/command: input seq=23 gatt=1 mtu=517 source=background caller=background-input-poll bridge=Playing personality=idle sinceReadyMs=86811 sinceReplyMs=5020
         1787686321.602 16973 16973 D PicoSwitch: monoMs=99524006 management/request.write_begin: attempt=1 gatt=1 gattObj=0xf44bed6 state=Connected reason=foreground-auto retry=0/1 seq=23 type=input source=background characteristic=rx bytes=14 chunk=1/1
         1787686321.607 16973 16973 D PicoSwitch: monoMs=99524011 management/request.write_api: attempt=1 gatt=1 gattObj=0xf44bed6 state=Connected reason=foreground-auto retry=0/1 seq=23 type=input source=background characteristic=rx bytes=14 chunk=1/1 apiAccepted=true apiStatus=0
         1787686321.666 16973 16997 D PicoSwitch: monoMs=99524070 management/command.write: attempt=1 gatt=1 gattObj=0xf44bed6 state=Connected reason=foreground-auto retry=0/1 seq=23 type=input callback=1 status=0 source=background elapsedMs=72
         1787686321.697 16973 16997 D PicoSwitch: monoMs=99524102 management/response.first: attempt=1 gatt=1 gattObj=0xf44bed6 state=Connected reason=foreground-auto retry=0/1 seq=23 type=input source=background bytes=163 elapsedMs=104
         1787686321.699 16973 16973 D PicoSwitch: monoMs=99524103 management/request.complete: attempt=1 gatt=1 gattObj=0xf44bed6 state=Connected reason=foreground-auto retry=0/1 seq=23 type=input source=background elapsedMs=106 responseBytes=162
         1787686321.705 16973 16973 D PicoSwitch: monoMs=99524109 management/result: input: complete (162 bytes) seq=23 gatt=1 source=background elapsedMs=106 firstNotifyMs=104 notifications=1/163B writes=1
         1787686321.706 16973 16973 D PicoSwitch: monoMs=99524110 management/request.release: attempt=1 gatt=1 gattObj=0xf44bed6 state=Connected reason=foreground-auto retry=0/1 seq=23 type=input source=background elapsedMs=113
         1787686321.709 16973 16973 D PicoSwitch: monoMs=99524113 controller/source.auto_skipped: active=1; existing owner retained
         1787686326.719 16973 16973 D PicoSwitch: monoMs=99529122 management/request.queued: seq=24 type=input source=background workflow=background-input-poll gatt=1 gattObj=0xf44bed6 state=Connected timeoutMs=10000
         1787686326.721 16973 16973 D PicoSwitch: monoMs=99529125 management/request.begin: attempt=1 gatt=1 gattObj=0xf44bed6 state=Connected reason=foreground-auto retry=0/1 seq=24 type=input source=background workflow=background-input-poll queuedMs=4 preflightMs=0
         1787686326.728 16973 16973 D PicoSwitch: monoMs=99529132 management/command: input seq=24 gatt=1 mtu=517 source=background caller=background-input-poll bridge=Playing personality=idle sinceReadyMs=91938 sinceReplyMs=5021
         1787686326.730 16973 16973 D PicoSwitch: monoMs=99529134 management/request.write_begin: attempt=1 gatt=1 gattObj=0xf44bed6 state=Connected reason=foreground-auto retry=0/1 seq=24 type=input source=background characteristic=rx bytes=14 chunk=1/1
         1787686326.734 16973 16973 D PicoSwitch: monoMs=99529139 management/request.write_api: attempt=1 gatt=1 gattObj=0xf44bed6 state=Connected reason=foreground-auto retry=0/1 seq=24 type=input source=background characteristic=rx bytes=14 chunk=1/1 apiAccepted=true apiStatus=0
         1787686326.797 16973 16997 D PicoSwitch: monoMs=99529201 management/command.write: attempt=1 gatt=1 gattObj=0xf44bed6 state=Connected reason=foreground-auto retry=0/1 seq=24 type=input callback=1 status=0 source=background elapsedMs=76
         1787686326.828 16973 16997 D PicoSwitch: monoMs=99529232 management/response.first: attempt=1 gatt=1 gattObj=0xf44bed6 state=Connected reason=foreground-auto retry=0/1 seq=24 type=input source=background bytes=163 elapsedMs=108
         1787686326.829 16973 16973 D PicoSwitch: monoMs=99529234 management/request.complete: attempt=1 gatt=1 gattObj=0xf44bed6 state=Connected reason=foreground-auto retry=0/1 seq=24 type=input source=background elapsedMs=110 responseBytes=162
         1787686326.831 16973 16973 D PicoSwitch: monoMs=99529235 management/result: input: complete (162 bytes) seq=24 gatt=1 source=background elapsedMs=110 firstNotifyMs=108 notifications=1/163B writes=1
         1787686326.831 16973 16973 D PicoSwitch: monoMs=99529236 management/request.release: attempt=1 gatt=1 gattObj=0xf44bed6 state=Connected reason=foreground-auto retry=0/1 seq=24 type=input source=background elapsedMs=112
         1787686326.833 16973 16973 D PicoSwitch: monoMs=99529237 controller/source.auto_skipped: active=1; existing owner retained
         1787686331.843 16973 16973 D PicoSwitch: monoMs=99534246 management/request.queued: seq=25 type=input source=background workflow=background-input-poll gatt=1 gattObj=0xf44bed6 state=Connected timeoutMs=10000
         1787686331.845 16973 16973 D PicoSwitch: monoMs=99534249 management/request.begin: attempt=1 gatt=1 gattObj=0xf44bed6 state=Connected reason=foreground-auto retry=0/1 seq=25 type=input source=background workflow=background-input-poll queuedMs=3 preflightMs=0
         1787686331.852 16973 16973 D PicoSwitch: monoMs=99534256 management/command: input seq=25 gatt=1 mtu=517 source=background caller=background-input-poll bridge=Playing personality=idle sinceReadyMs=97062 sinceReplyMs=5014
         1787686331.854 16973 16973 D PicoSwitch: monoMs=99534258 management/request.write_begin: attempt=1 gatt=1 gattObj=0xf44bed6 state=Connected reason=foreground-auto retry=0/1 seq=25 type=input source=background characteristic=rx bytes=14 chunk=1/1
         1787686331.858 16973 16973 D PicoSwitch: monoMs=99534262 management/request.write_api: attempt=1 gatt=1 gattObj=0xf44bed6 state=Connected reason=foreground-auto retry=0/1 seq=25 type=input source=background characteristic=rx bytes=14 chunk=1/1 apiAccepted=true apiStatus=0
         1787686331.897 16973 16997 D PicoSwitch: monoMs=99534301 management/command.write: attempt=1 gatt=1 gattObj=0xf44bed6 state=Connected reason=foreground-auto retry=0/1 seq=25 type=input callback=1 status=0 source=background elapsedMs=52
         1787686331.899 16973 16997 D PicoSwitch: monoMs=99534303 management/response.first: attempt=1 gatt=1 gattObj=0xf44bed6 state=Connected reason=foreground-auto retry=0/1 seq=25 type=input source=background bytes=163 elapsedMs=55
         1787686331.903 16973 16973 D PicoSwitch: monoMs=99534307 management/request.complete: attempt=1 gatt=1 gattObj=0xf44bed6 state=Connected reason=foreground-auto retry=0/1 seq=25 type=input source=background elapsedMs=59 responseBytes=162
         1787686331.909 16973 16973 D PicoSwitch: monoMs=99534313 management/result: input: complete (162 bytes) seq=25 gatt=1 source=background elapsedMs=59 firstNotifyMs=55 notifications=1/163B writes=1
         1787686331.911 16973 16973 D PicoSwitch: monoMs=99534315 management/request.release: attempt=1 gatt=1 gattObj=0xf44bed6 state=Connected reason=foreground-auto retry=0/1 seq=25 type=input source=background elapsedMs=66
         1787686331.914 16973 16973 D PicoSwitch: monoMs=99534319 controller/source.auto_skipped: active=1; existing owner retained
         1787686336.923 16973 16973 D PicoSwitch: monoMs=99539327 management/request.queued: seq=26 type=input source=background workflow=background-input-poll gatt=1 gattObj=0xf44bed6 state=Connected timeoutMs=10000
         1787686336.925 16973 16973 D PicoSwitch: monoMs=99539329 management/request.begin: attempt=1 gatt=1 gattObj=0xf44bed6 state=Connected reason=foreground-auto retry=0/1 seq=26 type=input source=background workflow=background-input-poll queuedMs=2 preflightMs=0
         1787686336.931 16973 16973 D PicoSwitch: monoMs=99539335 management/command: input seq=26 gatt=1 mtu=517 source=background caller=background-input-poll bridge=Playing personality=idle sinceReadyMs=102142 sinceReplyMs=5021
         1787686336.933 16973 16973 D PicoSwitch: monoMs=99539337 management/request.write_begin: attempt=1 gatt=1 gattObj=0xf44bed6 state=Connected reason=foreground-auto retry=0/1 seq=26 type=input source=background characteristic=rx bytes=14 chunk=1/1
         1787686336.938 16973 16973 D PicoSwitch: monoMs=99539342 management/request.write_api: attempt=1 gatt=1 gattObj=0xf44bed6 state=Connected reason=foreground-auto retry=0/1 seq=26 type=input source=background characteristic=rx bytes=14 chunk=1/1 apiAccepted=true apiStatus=0
         1787686336.998 16973 16997 D PicoSwitch: monoMs=99539401 management/command.write: attempt=1 gatt=1 gattObj=0xf44bed6 state=Connected reason=foreground-auto retry=0/1 seq=26 type=input callback=1 status=0 source=background elapsedMs=72
         1787686337.000 16973 16997 D PicoSwitch: monoMs=99539404 management/response.first: attempt=1 gatt=1 gattObj=0xf44bed6 state=Connected reason=foreground-auto retry=0/1 seq=26 type=input source=background bytes=163 elapsedMs=76
         1787686337.003 16973 16973 D PicoSwitch: monoMs=99539407 management/request.complete: attempt=1 gatt=1 gattObj=0xf44bed6 state=Connected reason=foreground-auto retry=0/1 seq=26 type=input source=background elapsedMs=79 responseBytes=162
         1787686337.009 16973 16973 D PicoSwitch: monoMs=99539413 management/result: input: complete (162 bytes) seq=26 gatt=1 source=background elapsedMs=79 firstNotifyMs=76 notifications=1/163B writes=1
         1787686337.010 16973 16973 D PicoSwitch: monoMs=99539414 management/request.release: attempt=1 gatt=1 gattObj=0xf44bed6 state=Connected reason=foreground-auto retry=0/1 seq=26 type=input source=background elapsedMs=86
         1787686337.014 16973 16973 D PicoSwitch: monoMs=99539418 controller/source.auto_skipped: active=1; existing owner retained
         1787686342.023 16973 16973 D PicoSwitch: monoMs=99544426 management/request.queued: seq=27 type=input source=background workflow=background-input-poll gatt=1 gattObj=0xf44bed6 state=Connected timeoutMs=10000
         1787686342.026 16973 16973 D PicoSwitch: monoMs=99544430 management/request.begin: attempt=1 gatt=1 gattObj=0xf44bed6 state=Connected reason=foreground-auto retry=0/1 seq=27 type=input source=background workflow=background-input-poll queuedMs=4 preflightMs=0
         1787686342.033 16973 16973 D PicoSwitch: monoMs=99544436 management/command: input seq=27 gatt=1 mtu=517 source=background caller=background-input-poll bridge=Playing personality=idle sinceReadyMs=107243 sinceReplyMs=5022
         1787686342.034 16973 16973 D PicoSwitch: monoMs=99544438 management/request.write_begin: attempt=1 gatt=1 gattObj=0xf44bed6 state=Connected reason=foreground-auto retry=0/1 seq=27 type=input source=background characteristic=rx bytes=14 chunk=1/1
         1787686342.039 16973 16973 D PicoSwitch: monoMs=99544443 management/request.write_api: attempt=1 gatt=1 gattObj=0xf44bed6 state=Connected reason=foreground-auto retry=0/1 seq=27 type=input source=background characteristic=rx bytes=14 chunk=1/1 apiAccepted=true apiStatus=0
         1787686342.098 16973 16997 D PicoSwitch: monoMs=99544502 management/command.write: attempt=1 gatt=1 gattObj=0xf44bed6 state=Connected reason=foreground-auto retry=0/1 seq=27 type=input callback=1 status=0 source=background elapsedMs=72
         1787686342.101 16973 16997 D PicoSwitch: monoMs=99544505 management/response.first: attempt=1 gatt=1 gattObj=0xf44bed6 state=Connected reason=foreground-auto retry=0/1 seq=27 type=input source=background bytes=163 elapsedMs=76
         1787686342.104 16973 16973 D PicoSwitch: monoMs=99544508 management/request.complete: attempt=1 gatt=1 gattObj=0xf44bed6 state=Connected reason=foreground-auto retry=0/1 seq=27 type=input source=background elapsedMs=79 responseBytes=162
         1787686342.108 16973 16973 D PicoSwitch: monoMs=99544512 management/result: input: complete (162 bytes) seq=27 gatt=1 source=background elapsedMs=79 firstNotifyMs=76 notifications=1/163B writes=1
         1787686342.109 16973 16973 D PicoSwitch: monoMs=99544513 management/request.release: attempt=1 gatt=1 gattObj=0xf44bed6 state=Connected reason=foreground-auto retry=0/1 seq=27 type=input source=background elapsedMs=83
         1787686342.111 16973 16973 D PicoSwitch: monoMs=99544515 controller/source.auto_skipped: active=1; existing owner retained
         1787686347.120 16973 16973 D PicoSwitch: monoMs=99549523 management/request.queued: seq=28 type=input source=background workflow=background-input-poll gatt=1 gattObj=0xf44bed6 state=Connected timeoutMs=10000
         1787686347.123 16973 16973 D PicoSwitch: monoMs=99549526 management/request.begin: attempt=1 gatt=1 gattObj=0xf44bed6 state=Connected reason=foreground-auto retry=0/1 seq=28 type=input source=background workflow=background-input-poll queuedMs=4 preflightMs=1
         1787686347.129 16973 16973 D PicoSwitch: monoMs=99549532 management/command: input seq=28 gatt=1 mtu=517 source=background caller=background-input-poll bridge=Playing personality=idle sinceReadyMs=112340 sinceReplyMs=5018
         1787686347.130 16973 16973 D PicoSwitch: monoMs=99549534 management/request.write_begin: attempt=1 gatt=1 gattObj=0xf44bed6 state=Connected reason=foreground-auto retry=0/1 seq=28 type=input source=background characteristic=rx bytes=14 chunk=1/1
         1787686347.136 16973 16973 D PicoSwitch: monoMs=99549540 management/request.write_api: attempt=1 gatt=1 gattObj=0xf44bed6 state=Connected reason=foreground-auto retry=0/1 seq=28 type=input source=background characteristic=rx bytes=14 chunk=1/1 apiAccepted=true apiStatus=0
         1787686347.198 16973 16997 D PicoSwitch: monoMs=99549602 management/command.write: attempt=1 gatt=1 gattObj=0xf44bed6 state=Connected reason=foreground-auto retry=0/1 seq=28 type=input callback=1 status=0 source=background elapsedMs=76
         1787686347.230 16973 16997 D PicoSwitch: monoMs=99549634 management/response.first: attempt=1 gatt=1 gattObj=0xf44bed6 state=Connected reason=foreground-auto retry=0/1 seq=28 type=input source=background bytes=163 elapsedMs=108
         1787686347.239 16973 16973 D PicoSwitch: monoMs=99549644 management/request.complete: attempt=1 gatt=1 gattObj=0xf44bed6 state=Connected reason=foreground-auto retry=0/1 seq=28 type=input source=background elapsedMs=117 responseBytes=162
         1787686347.244 16973 16973 D PicoSwitch: monoMs=99549648 management/result: input: complete (162 bytes) seq=28 gatt=1 source=background elapsedMs=117 firstNotifyMs=108 notifications=1/163B writes=1
         1787686347.245 16973 16973 D PicoSwitch: monoMs=99549649 management/request.release: attempt=1 gatt=1 gattObj=0xf44bed6 state=Connected reason=foreground-auto retry=0/1 seq=28 type=input source=background elapsedMs=123
         1787686347.248 16973 16973 D PicoSwitch: monoMs=99549652 controller/source.auto_skipped: active=1; existing owner retained
         1787686352.257 16973 16973 D PicoSwitch: monoMs=99554659 management/request.queued: seq=29 type=input source=background workflow=background-input-poll gatt=1 gattObj=0xf44bed6 state=Connected timeoutMs=10000
         1787686352.259 16973 16973 D PicoSwitch: monoMs=99554663 management/request.begin: attempt=1 gatt=1 gattObj=0xf44bed6 state=Connected reason=foreground-auto retry=0/1 seq=29 type=input source=background workflow=background-input-poll queuedMs=3 preflightMs=0
         1787686352.266 16973 16973 D PicoSwitch: monoMs=99554670 management/command: input seq=29 gatt=1 mtu=517 source=background caller=background-input-poll bridge=Playing personality=idle sinceReadyMs=117476 sinceReplyMs=5019
         1787686352.268 16973 16973 D PicoSwitch: monoMs=99554672 management/request.write_begin: attempt=1 gatt=1 gattObj=0xf44bed6 state=Connected reason=foreground-auto retry=0/1 seq=29 type=input source=background characteristic=rx bytes=14 chunk=1/1
         1787686352.273 16973 16973 D PicoSwitch: monoMs=99554677 management/request.write_api: attempt=1 gatt=1 gattObj=0xf44bed6 state=Connected reason=foreground-auto retry=0/1 seq=29 type=input source=background characteristic=rx bytes=14 chunk=1/1 apiAccepted=true apiStatus=0
         1787686352.326 16973 16997 D PicoSwitch: monoMs=99554731 management/command.write: attempt=1 gatt=1 gattObj=0xf44bed6 state=Connected reason=foreground-auto retry=0/1 seq=29 type=input callback=1 status=0 source=background elapsedMs=68
         1787686352.329 16973 16997 D PicoSwitch: monoMs=99554733 management/response.first: attempt=1 gatt=1 gattObj=0xf44bed6 state=Connected reason=foreground-auto retry=0/1 seq=29 type=input source=background bytes=163 elapsedMs=71
         1787686352.330 16973 16973 D PicoSwitch: monoMs=99554734 management/request.complete: attempt=1 gatt=1 gattObj=0xf44bed6 state=Connected reason=foreground-auto retry=0/1 seq=29 type=input source=background elapsedMs=72 responseBytes=162
         1787686352.333 16973 16973 D PicoSwitch: monoMs=99554737 management/result: input: complete (162 bytes) seq=29 gatt=1 source=background elapsedMs=72 firstNotifyMs=71 notifications=1/163B writes=1
         1787686352.334 16973 16973 D PicoSwitch: monoMs=99554738 management/request.release: attempt=1 gatt=1 gattObj=0xf44bed6 state=Connected reason=foreground-auto retry=0/1 seq=29 type=input source=background elapsedMs=76
         1787686352.337 16973 16973 D PicoSwitch: monoMs=99554741 controller/source.auto_skipped: active=1; existing owner retained
         1787686357.345 16973 16973 D PicoSwitch: monoMs=99559748 management/request.queued: seq=30 type=input source=background workflow=background-input-poll gatt=1 gattObj=0xf44bed6 state=Connected timeoutMs=10000
         1787686357.347 16973 16973 D PicoSwitch: monoMs=99559751 management/request.begin: attempt=1 gatt=1 gattObj=0xf44bed6 state=Connected reason=foreground-auto retry=0/1 seq=30 type=input source=background workflow=background-input-poll queuedMs=3 preflightMs=0
         1787686357.353 16973 16973 D PicoSwitch: monoMs=99559757 management/command: input seq=30 gatt=1 mtu=517 source=background caller=background-input-poll bridge=Playing personality=idle sinceReadyMs=122564 sinceReplyMs=5016
         1787686357.354 16973 16973 D PicoSwitch: monoMs=99559758 management/request.write_begin: attempt=1 gatt=1 gattObj=0xf44bed6 state=Connected reason=foreground-auto retry=0/1 seq=30 type=input source=background characteristic=rx bytes=14 chunk=1/1
         1787686357.359 16973 16973 D PicoSwitch: monoMs=99559763 management/request.write_api: attempt=1 gatt=1 gattObj=0xf44bed6 state=Connected reason=foreground-auto retry=0/1 seq=30 type=input source=background characteristic=rx bytes=14 chunk=1/1 apiAccepted=true apiStatus=0
         1787686357.398 16973 16997 D PicoSwitch: monoMs=99559802 management/command.write: attempt=1 gatt=1 gattObj=0xf44bed6 state=Connected reason=foreground-auto retry=0/1 seq=30 type=input callback=1 status=0 source=background elapsedMs=51
         1787686357.430 16973 16997 D PicoSwitch: monoMs=99559834 management/response.first: attempt=1 gatt=1 gattObj=0xf44bed6 state=Connected reason=foreground-auto retry=0/1 seq=30 type=input source=background bytes=163 elapsedMs=84
         1787686357.434 16973 16973 D PicoSwitch: monoMs=99559838 management/request.complete: attempt=1 gatt=1 gattObj=0xf44bed6 state=Connected reason=foreground-auto retry=0/1 seq=30 type=input source=background elapsedMs=88 responseBytes=162
         1787686357.438 16973 16973 D PicoSwitch: monoMs=99559842 management/result: input: complete (162 bytes) seq=30 gatt=1 source=background elapsedMs=88 firstNotifyMs=84 notifications=1/163B writes=1
         1787686357.439 16973 16973 D PicoSwitch: monoMs=99559843 management/request.release: attempt=1 gatt=1 gattObj=0xf44bed6 state=Connected reason=foreground-auto retry=0/1 seq=30 type=input source=background elapsedMs=93
         1787686357.441 16973 16973 D PicoSwitch: monoMs=99559845 controller/source.auto_skipped: active=1; existing owner retained
         1787686357.442 16973 17035 D PicoSwitch: monoMs=99559846 bridge/counters: in:cb=1 dec=1 rej=0 applied=1 motionGate=0 rumble=0 | out:sent=1 motionBlk=0 battBlk=1 imuSamples=0 battSamples=1
         1787686362.450 16973 16973 D PicoSwitch: monoMs=99564853 management/request.queued: seq=31 type=input source=background workflow=background-input-poll gatt=1 gattObj=0xf44bed6 state=Connected timeoutMs=10000
         1787686362.452 16973 16973 D PicoSwitch: monoMs=99564856 management/request.begin: attempt=1 gatt=1 gattObj=0xf44bed6 state=Connected reason=foreground-auto retry=0/1 seq=31 type=input source=background workflow=background-input-poll queuedMs=3 preflightMs=0
         1787686362.458 16973 16973 D PicoSwitch: monoMs=99564862 management/command: input seq=31 gatt=1 mtu=517 source=background caller=background-input-poll bridge=Playing personality=idle sinceReadyMs=127669 sinceReplyMs=5017
         1787686362.460 16973 16973 D PicoSwitch: monoMs=99564864 management/request.write_begin: attempt=1 gatt=1 gattObj=0xf44bed6 state=Connected reason=foreground-auto retry=0/1 seq=31 type=input source=background characteristic=rx bytes=14 chunk=1/1
         1787686362.465 16973 16973 D PicoSwitch: monoMs=99564868 management/request.write_api: attempt=1 gatt=1 gattObj=0xf44bed6 state=Connected reason=foreground-auto retry=0/1 seq=31 type=input source=background characteristic=rx bytes=14 chunk=1/1 apiAccepted=true apiStatus=0
         1787686362.499 16973 16997 D PicoSwitch: monoMs=99564903 management/command.write: attempt=1 gatt=1 gattObj=0xf44bed6 state=Connected reason=foreground-auto retry=0/1 seq=31 type=input callback=1 status=0 source=background elapsedMs=47
         1787686362.501 16973 16997 D PicoSwitch: monoMs=99564905 management/response.first: attempt=1 gatt=1 gattObj=0xf44bed6 state=Connected reason=foreground-auto retry=0/1 seq=31 type=input source=background bytes=163 elapsedMs=50
         1787686362.506 16973 16973 D PicoSwitch: monoMs=99564910 management/request.complete: attempt=1 gatt=1 gattObj=0xf44bed6 state=Connected reason=foreground-auto retry=0/1 seq=31 type=input source=background elapsedMs=55 responseBytes=162
         1787686362.511 16973 16973 D PicoSwitch: monoMs=99564915 management/result: input: complete (162 bytes) seq=31 gatt=1 source=background elapsedMs=55 firstNotifyMs=50 notifications=1/163B writes=1
         1787686362.513 16973 16973 D PicoSwitch: monoMs=99564917 management/request.release: attempt=1 gatt=1 gattObj=0xf44bed6 state=Connected reason=foreground-auto retry=0/1 seq=31 type=input source=background elapsedMs=61
         1787686362.516 16973 16973 D PicoSwitch: monoMs=99564920 controller/source.auto_skipped: active=1; existing owner retained
         1787686367.526 16973 16973 D PicoSwitch: monoMs=99569930 management/request.queued: seq=32 type=input source=background workflow=background-input-poll gatt=1 gattObj=0xf44bed6 state=Connected timeoutMs=10000
         1787686367.529 16973 16973 D PicoSwitch: monoMs=99569932 management/request.begin: attempt=1 gatt=1 gattObj=0xf44bed6 state=Connected reason=foreground-auto retry=0/1 seq=32 type=input source=background workflow=background-input-poll queuedMs=3 preflightMs=0
         1787686367.535 16973 16973 D PicoSwitch: monoMs=99569938 management/command: input seq=32 gatt=1 mtu=517 source=background caller=background-input-poll bridge=Playing personality=idle sinceReadyMs=132746 sinceReplyMs=5022
         1787686367.537 16973 16973 D PicoSwitch: monoMs=99569941 management/request.write_begin: attempt=1 gatt=1 gattObj=0xf44bed6 state=Connected reason=foreground-auto retry=0/1 seq=32 type=input source=background characteristic=rx bytes=14 chunk=1/1
         1787686367.540 16973 16973 D PicoSwitch: monoMs=99569944 management/request.write_api: attempt=1 gatt=1 gattObj=0xf44bed6 state=Connected reason=foreground-auto retry=0/1 seq=32 type=input source=background characteristic=rx bytes=14 chunk=1/1 apiAccepted=true apiStatus=0
         1787686367.599 16973 16997 D PicoSwitch: monoMs=99570003 management/command.write: attempt=1 gatt=1 gattObj=0xf44bed6 state=Connected reason=foreground-auto retry=0/1 seq=32 type=input callback=1 status=0 source=background elapsedMs=71
         1787686367.602 16973 16997 D PicoSwitch: monoMs=99570006 management/response.first: attempt=1 gatt=1 gattObj=0xf44bed6 state=Connected reason=foreground-auto retry=0/1 seq=32 type=input source=background bytes=163 elapsedMs=73
         1787686367.606 16973 16973 D PicoSwitch: monoMs=99570010 management/request.complete: attempt=1 gatt=1 gattObj=0xf44bed6 state=Connected reason=foreground-auto retry=0/1 seq=32 type=input source=background elapsedMs=77 responseBytes=162
         1787686367.611 16973 16973 D PicoSwitch: monoMs=99570015 management/result: input: complete (162 bytes) seq=32 gatt=1 source=background elapsedMs=77 firstNotifyMs=73 notifications=1/163B writes=1
         1787686367.613 16973 16973 D PicoSwitch: monoMs=99570017 management/request.release: attempt=1 gatt=1 gattObj=0xf44bed6 state=Connected reason=foreground-auto retry=0/1 seq=32 type=input source=background elapsedMs=84
         1787686367.616 16973 16973 D PicoSwitch: monoMs=99570020 controller/source.auto_skipped: active=1; existing owner retained
         1787686372.625 16973 16973 D PicoSwitch: monoMs=99575028 management/request.queued: seq=33 type=input source=background workflow=background-input-poll gatt=1 gattObj=0xf44bed6 state=Connected timeoutMs=10000
         1787686372.627 16973 16973 D PicoSwitch: monoMs=99575031 management/request.begin: attempt=1 gatt=1 gattObj=0xf44bed6 state=Connected reason=foreground-auto retry=0/1 seq=33 type=input source=background workflow=background-input-poll queuedMs=3 preflightMs=0
         1787686372.635 16973 16973 D PicoSwitch: monoMs=99575039 management/command: input seq=33 gatt=1 mtu=517 source=background caller=background-input-poll bridge=Playing personality=idle sinceReadyMs=137844 sinceReplyMs=5021
         1787686372.638 16973 16973 D PicoSwitch: monoMs=99575042 management/request.write_begin: attempt=1 gatt=1 gattObj=0xf44bed6 state=Connected reason=foreground-auto retry=0/1 seq=33 type=input source=background characteristic=rx bytes=14 chunk=1/1
         1787686372.642 16973 16973 D PicoSwitch: monoMs=99575046 management/request.write_api: attempt=1 gatt=1 gattObj=0xf44bed6 state=Connected reason=foreground-auto retry=0/1 seq=33 type=input source=background characteristic=rx bytes=14 chunk=1/1 apiAccepted=true apiStatus=0
         1787686372.698 16973 16997 D PicoSwitch: monoMs=99575102 management/command.write: attempt=1 gatt=1 gattObj=0xf44bed6 state=Connected reason=foreground-auto retry=0/1 seq=33 type=input callback=1 status=0 source=background elapsedMs=72
         1787686372.701 16973 16997 D PicoSwitch: monoMs=99575105 management/response.first: attempt=1 gatt=1 gattObj=0xf44bed6 state=Connected reason=foreground-auto retry=0/1 seq=33 type=input source=background bytes=163 elapsedMs=75
         1787686372.703 16973 16973 D PicoSwitch: monoMs=99575107 management/request.complete: attempt=1 gatt=1 gattObj=0xf44bed6 state=Connected reason=foreground-auto retry=0/1 seq=33 type=input source=background elapsedMs=76 responseBytes=162
         1787686372.708 16973 16973 D PicoSwitch: monoMs=99575112 management/result: input: complete (162 bytes) seq=33 gatt=1 source=background elapsedMs=76 firstNotifyMs=75 notifications=1/163B writes=1
         1787686372.709 16973 16973 D PicoSwitch: monoMs=99575113 management/request.release: attempt=1 gatt=1 gattObj=0xf44bed6 state=Connected reason=foreground-auto retry=0/1 seq=33 type=input source=background elapsedMs=83
         1787686372.713 16973 16973 D PicoSwitch: monoMs=99575117 controller/source.auto_skipped: active=1; existing owner retained
         1787686377.720 16973 16973 D PicoSwitch: monoMs=99580123 management/request.queued: seq=34 type=input source=background workflow=background-input-poll gatt=1 gattObj=0xf44bed6 state=Connected timeoutMs=10000
         1787686377.722 16973 16973 D PicoSwitch: monoMs=99580126 management/request.begin: attempt=1 gatt=1 gattObj=0xf44bed6 state=Connected reason=foreground-auto retry=0/1 seq=34 type=input source=background workflow=background-input-poll queuedMs=3 preflightMs=0
         1787686377.726 16973 16973 D PicoSwitch: monoMs=99580130 management/command: input seq=34 gatt=1 mtu=517 source=background caller=background-input-poll bridge=Playing personality=idle sinceReadyMs=142939 sinceReplyMs=5019
         1787686377.728 16973 16973 D PicoSwitch: monoMs=99580132 management/request.write_begin: attempt=1 gatt=1 gattObj=0xf44bed6 state=Connected reason=foreground-auto retry=0/1 seq=34 type=input source=background characteristic=rx bytes=14 chunk=1/1
         1787686377.733 16973 16973 D PicoSwitch: monoMs=99580137 management/request.write_api: attempt=1 gatt=1 gattObj=0xf44bed6 state=Connected reason=foreground-auto retry=0/1 seq=34 type=input source=background characteristic=rx bytes=14 chunk=1/1 apiAccepted=true apiStatus=0
         1787686377.768 16973 16997 D PicoSwitch: monoMs=99580173 management/command.write: attempt=1 gatt=1 gattObj=0xf44bed6 state=Connected reason=foreground-auto retry=0/1 seq=34 type=input callback=1 status=0 source=background elapsedMs=47
         1787686377.801 16973 16997 D PicoSwitch: monoMs=99580206 management/response.first: attempt=1 gatt=1 gattObj=0xf44bed6 state=Connected reason=foreground-auto retry=0/1 seq=34 type=input source=background bytes=163 elapsedMs=80
         1787686377.809 16973 16973 D PicoSwitch: monoMs=99580212 management/request.complete: attempt=1 gatt=1 gattObj=0xf44bed6 state=Connected reason=foreground-auto retry=0/1 seq=34 type=input source=background elapsedMs=87 responseBytes=162
         1787686377.814 16973 16973 D PicoSwitch: monoMs=99580218 management/result: input: complete (162 bytes) seq=34 gatt=1 source=background elapsedMs=87 firstNotifyMs=80 notifications=1/163B writes=1
         1787686377.815 16973 16973 D PicoSwitch: monoMs=99580220 management/request.release: attempt=1 gatt=1 gattObj=0xf44bed6 state=Connected reason=foreground-auto retry=0/1 seq=34 type=input source=background elapsedMs=94
         1787686377.818 16973 16973 D PicoSwitch: monoMs=99580223 controller/source.auto_skipped: active=1; existing owner retained
         1787686382.042 16973 16973 D PicoSwitch: monoMs=99584447 management/request.queued: seq=35 type=info source=foreground workflow=Refreshing adapter gatt=1 gattObj=0xf44bed6 state=Connected timeoutMs=10000
         1787686382.042 16973 16973 D PicoSwitch: monoMs=99584447 management/request.begin: attempt=1 gatt=1 gattObj=0xf44bed6 state=Connected reason=foreground-auto retry=0/1 seq=35 type=info source=foreground workflow=Refreshing adapter queuedMs=1 preflightMs=0
         1787686382.044 16973 16973 D PicoSwitch: monoMs=99584448 management/command: info seq=35 gatt=1 mtu=517 source=foreground caller=Refreshing adapter bridge=Playing personality=idle sinceReadyMs=147261 sinceReplyMs=4235
         1787686382.044 16973 16973 D PicoSwitch: monoMs=99584449 management/request.write_begin: attempt=1 gatt=1 gattObj=0xf44bed6 state=Connected reason=foreground-auto retry=0/1 seq=35 type=info source=foreground characteristic=rx bytes=5 chunk=1/1
         1787686382.050 16973 16973 D PicoSwitch: monoMs=99584454 management/request.write_api: attempt=1 gatt=1 gattObj=0xf44bed6 state=Connected reason=foreground-auto retry=0/1 seq=35 type=info source=foreground characteristic=rx bytes=5 chunk=1/1 apiAccepted=true apiStatus=0
         1787686382.090 16973 16997 D PicoSwitch: monoMs=99584494 management/command.write: attempt=1 gatt=1 gattObj=0xf44bed6 state=Connected reason=foreground-auto retry=0/1 seq=35 type=info callback=1 status=0 source=foreground elapsedMs=46
         1787686382.121 16973 16997 D PicoSwitch: monoMs=99584525 management/response.first: attempt=1 gatt=1 gattObj=0xf44bed6 state=Connected reason=foreground-auto retry=0/1 seq=35 type=info source=foreground bytes=111 elapsedMs=78
         1787686382.127 16973 16973 D PicoSwitch: monoMs=99584532 management/request.complete: attempt=1 gatt=1 gattObj=0xf44bed6 state=Connected reason=foreground-auto retry=0/1 seq=35 type=info source=foreground elapsedMs=84 responseBytes=110
         1787686382.129 16973 16973 D PicoSwitch: monoMs=99584533 management/result: info: complete (110 bytes) seq=35 gatt=1 source=foreground elapsedMs=84 firstNotifyMs=78 notifications=1/111B writes=1
         1787686382.129 16973 16973 D PicoSwitch: monoMs=99584534 management/request.release: attempt=1 gatt=1 gattObj=0xf44bed6 state=Connected reason=foreground-auto retry=0/1 seq=35 type=info source=foreground elapsedMs=87
         1787686382.130 16973 16973 D PicoSwitch: monoMs=99584535 management/request.queued: seq=36 type=get source=foreground workflow=Refreshing adapter gatt=1 gattObj=0xf44bed6 state=Connected timeoutMs=10000
         1787686382.226 16973 16973 D PicoSwitch: monoMs=99584631 management/request.begin: attempt=1 gatt=1 gattObj=0xf44bed6 state=Connected reason=foreground-auto retry=0/1 seq=36 type=get source=foreground workflow=Refreshing adapter queuedMs=95 preflightMs=95
         1787686382.228 16973 16973 D PicoSwitch: monoMs=99584633 management/command: get seq=36 gatt=1 mtu=517 source=foreground caller=Refreshing adapter bridge=Playing personality=idle sinceReadyMs=147444 sinceReplyMs=99
         1787686382.229 16973 16973 D PicoSwitch: monoMs=99584633 management/request.write_begin: attempt=1 gatt=1 gattObj=0xf44bed6 state=Connected reason=foreground-auto retry=0/1 seq=36 type=get source=foreground characteristic=rx bytes=4 chunk=1/1
         1787686382.234 16973 16973 D PicoSwitch: monoMs=99584638 management/request.write_api: attempt=1 gatt=1 gattObj=0xf44bed6 state=Connected reason=foreground-auto retry=0/1 seq=36 type=get source=foreground characteristic=rx bytes=4 chunk=1/1 apiAccepted=true apiStatus=0
         1787686382.269 16973 17001 D PicoSwitch: monoMs=99584673 management/command.write: attempt=1 gatt=1 gattObj=0xf44bed6 state=Connected reason=foreground-auto retry=0/1 seq=36 type=get callback=1 status=0 source=foreground elapsedMs=43
         1787686382.302 16973 17001 D PicoSwitch: monoMs=99584706 management/response.first: attempt=1 gatt=1 gattObj=0xf44bed6 state=Connected reason=foreground-auto retry=0/1 seq=36 type=get source=foreground bytes=155 elapsedMs=75
         1787686382.303 16973 16973 D PicoSwitch: monoMs=99584707 management/request.complete: attempt=1 gatt=1 gattObj=0xf44bed6 state=Connected reason=foreground-auto retry=0/1 seq=36 type=get source=foreground elapsedMs=77 responseBytes=154
         1787686382.305 16973 16973 D PicoSwitch: monoMs=99584709 management/result: get: complete (154 bytes) seq=36 gatt=1 source=foreground elapsedMs=77 firstNotifyMs=75 notifications=1/155B writes=1
         1787686382.305 16973 16973 D PicoSwitch: monoMs=99584709 management/request.release: attempt=1 gatt=1 gattObj=0xf44bed6 state=Connected reason=foreground-auto retry=0/1 seq=36 type=get source=foreground elapsedMs=79
         1787686382.306 16973 16973 D PicoSwitch: monoMs=99584710 management/request.queued: seq=37 type=device source=foreground workflow=Refreshing adapter gatt=1 gattObj=0xf44bed6 state=Connected timeoutMs=10000
         1787686382.403 16973 16973 D PicoSwitch: monoMs=99584807 management/request.begin: attempt=1 gatt=1 gattObj=0xf44bed6 state=Connected reason=foreground-auto retry=0/1 seq=37 type=device source=foreground workflow=Refreshing adapter queuedMs=97 preflightMs=96
         1787686382.404 16973 16973 D PicoSwitch: monoMs=99584809 management/command: device seq=37 gatt=1 mtu=517 source=foreground caller=Refreshing adapter bridge=Playing personality=idle sinceReadyMs=147621 sinceReplyMs=100
         1787686382.404 16973 16973 D PicoSwitch: monoMs=99584809 management/request.write_begin: attempt=1 gatt=1 gattObj=0xf44bed6 state=Connected reason=foreground-auto retry=0/1 seq=37 type=device source=foreground characteristic=rx bytes=7 chunk=1/1
         1787686382.407 16973 16973 D PicoSwitch: monoMs=99584811 management/request.write_api: attempt=1 gatt=1 gattObj=0xf44bed6 state=Connected reason=foreground-auto retry=0/1 seq=37 type=device source=foreground characteristic=rx bytes=7 chunk=1/1 apiAccepted=true apiStatus=0
         1787686382.453 16973 16997 D PicoSwitch: monoMs=99584857 management/command.write: attempt=1 gatt=1 gattObj=0xf44bed6 state=Connected reason=foreground-auto retry=0/1 seq=37 type=device callback=1 status=0 source=foreground elapsedMs=49
         1787686382.456 16973 16997 D PicoSwitch: monoMs=99584860 management/response.first: attempt=1 gatt=1 gattObj=0xf44bed6 state=Connected reason=foreground-auto retry=0/1 seq=37 type=device source=foreground bytes=80 elapsedMs=52
         1787686382.457 16973 16973 D PicoSwitch: monoMs=99584861 management/request.complete: attempt=1 gatt=1 gattObj=0xf44bed6 state=Connected reason=foreground-auto retry=0/1 seq=37 type=device source=foreground elapsedMs=54 responseBytes=79
         1787686382.459 16973 16973 D PicoSwitch: monoMs=99584863 management/result: device: complete (79 bytes) seq=37 gatt=1 source=foreground elapsedMs=54 firstNotifyMs=52 notifications=1/80B writes=1
         1787686382.459 16973 16973 D PicoSwitch: monoMs=99584864 management/request.release: attempt=1 gatt=1 gattObj=0xf44bed6 state=Connected reason=foreground-auto retry=0/1 seq=37 type=device source=foreground elapsedMs=57
         1787686382.461 16973 16973 D PicoSwitch: monoMs=99584865 management/request.queued: seq=38 type=personality source=foreground workflow=Refreshing adapter gatt=1 gattObj=0xf44bed6 state=Connected timeoutMs=10000
         1787686382.556 16973 16973 D PicoSwitch: monoMs=99584961 management/request.begin: attempt=1 gatt=1 gattObj=0xf44bed6 state=Connected reason=foreground-auto retry=0/1 seq=38 type=personality source=foreground workflow=Refreshing adapter queuedMs=96 preflightMs=95
         1787686382.558 16973 16973 D PicoSwitch: monoMs=99584963 management/command: personality seq=38 gatt=1 mtu=517 source=foreground caller=Refreshing adapter bridge=Playing personality=idle sinceReadyMs=147775 sinceReplyMs=100
         1787686382.559 16973 16973 D PicoSwitch: monoMs=99584963 management/request.write_begin: attempt=1 gatt=1 gattObj=0xf44bed6 state=Connected reason=foreground-auto retry=0/1 seq=38 type=personality source=foreground characteristic=rx bytes=12 chunk=1/1
         1787686382.561 16973 16973 D PicoSwitch: monoMs=99584965 management/request.write_api: attempt=1 gatt=1 gattObj=0xf44bed6 state=Connected reason=foreground-auto retry=0/1 seq=38 type=personality source=foreground characteristic=rx bytes=12 chunk=1/1 apiAccepted=true apiStatus=0
         1787686382.604 16973 16997 D PicoSwitch: monoMs=99585008 management/command.write: attempt=1 gatt=1 gattObj=0xf44bed6 state=Connected reason=foreground-auto retry=0/1 seq=38 type=personality callback=1 status=0 source=foreground elapsedMs=46
         1787686382.632 16973 16997 D PicoSwitch: monoMs=99585036 management/response.first: attempt=1 gatt=1 gattObj=0xf44bed6 state=Connected reason=foreground-auto retry=0/1 seq=38 type=personality source=foreground bytes=57 elapsedMs=75
         1787686382.635 16973 16973 D PicoSwitch: monoMs=99585039 management/request.complete: attempt=1 gatt=1 gattObj=0xf44bed6 state=Connected reason=foreground-auto retry=0/1 seq=38 type=personality source=foreground elapsedMs=78 responseBytes=56
         1787686382.637 16973 16973 D PicoSwitch: monoMs=99585041 management/result: personality: complete (56 bytes) seq=38 gatt=1 source=foreground elapsedMs=78 firstNotifyMs=75 notifications=1/57B writes=1
         1787686382.637 16973 16973 D PicoSwitch: monoMs=99585042 management/request.release: attempt=1 gatt=1 gattObj=0xf44bed6 state=Connected reason=foreground-auto retry=0/1 seq=38 type=personality source=foreground elapsedMs=80
         1787686382.638 16973 16973 D PicoSwitch: monoMs=99585043 management/request.queued: seq=39 type=amiibo source=foreground workflow=Refreshing adapter gatt=1 gattObj=0xf44bed6 state=Connected timeoutMs=10000
         1787686382.735 16973 16973 D PicoSwitch: monoMs=99585140 management/request.begin: attempt=1 gatt=1 gattObj=0xf44bed6 state=Connected reason=foreground-auto retry=0/1 seq=39 type=amiibo source=foreground workflow=Refreshing adapter queuedMs=96 preflightMs=96
         1787686382.737 16973 16973 D PicoSwitch: monoMs=99585142 management/command: amiibo seq=39 gatt=1 mtu=517 source=foreground caller=Refreshing adapter bridge=Playing personality=idle sinceReadyMs=147953 sinceReplyMs=100
         1787686382.738 16973 16973 D PicoSwitch: monoMs=99585142 management/request.write_begin: attempt=1 gatt=1 gattObj=0xf44bed6 state=Connected reason=foreground-auto retry=0/1 seq=39 type=amiibo source=foreground characteristic=rx bytes=14 chunk=1/1
         1787686382.741 16973 16973 D PicoSwitch: monoMs=99585145 management/request.write_api: attempt=1 gatt=1 gattObj=0xf44bed6 state=Connected reason=foreground-auto retry=0/1 seq=39 type=amiibo source=foreground characteristic=rx bytes=14 chunk=1/1 apiAccepted=true apiStatus=0
         1787686382.782 16973 16997 D PicoSwitch: monoMs=99585184 management/command.write: attempt=1 gatt=1 gattObj=0xf44bed6 state=Connected reason=foreground-auto retry=0/1 seq=39 type=amiibo callback=1 status=0 source=foreground elapsedMs=45
         1787686382.785 16973 16997 D PicoSwitch: monoMs=99585189 management/response.first: attempt=1 gatt=1 gattObj=0xf44bed6 state=Connected reason=foreground-auto retry=0/1 seq=39 type=amiibo source=foreground bytes=294 elapsedMs=49
         1787686382.792 16973 16973 D PicoSwitch: monoMs=99585196 management/request.complete: attempt=1 gatt=1 gattObj=0xf44bed6 state=Connected reason=foreground-auto retry=0/1 seq=39 type=amiibo source=foreground elapsedMs=57 responseBytes=293
         1787686382.794 16973 16973 D PicoSwitch: monoMs=99585198 management/result: amiibo: complete (293 bytes) seq=39 gatt=1 source=foreground elapsedMs=57 firstNotifyMs=49 notifications=1/294B writes=1
         1787686382.794 16973 16973 D PicoSwitch: monoMs=99585199 management/request.release: attempt=1 gatt=1 gattObj=0xf44bed6 state=Connected reason=foreground-auto retry=0/1 seq=39 type=amiibo source=foreground elapsedMs=60
         1787686382.796 16973 16973 D PicoSwitch: monoMs=99585200 management/request.queued: seq=40 type=mgmt set/status source=foreground workflow=Refreshing adapter gatt=1 gattObj=0xf44bed6 state=Connected timeoutMs=10000
         1787686382.892 16973 16973 D PicoSwitch: monoMs=99585296 management/request.begin: attempt=1 gatt=1 gattObj=0xf44bed6 state=Connected reason=foreground-auto retry=0/1 seq=40 type=mgmt set/status source=foreground workflow=Refreshing adapter queuedMs=96 preflightMs=95
         1787686382.894 16973 16973 D PicoSwitch: monoMs=99585298 management/command: mgmt set/status seq=40 gatt=1 mtu=517 source=foreground caller=Refreshing adapter bridge=Playing personality=idle sinceReadyMs=148110 sinceReplyMs=100
         1787686382.894 16973 16973 D PicoSwitch: monoMs=99585299 management/request.write_begin: attempt=1 gatt=1 gattObj=0xf44bed6 state=Connected reason=foreground-auto retry=0/1 seq=40 type=mgmt set/status source=foreground characteristic=rx bytes=12 chunk=1/1
         1787686382.899 16973 16973 D PicoSwitch: monoMs=99585304 management/request.write_api: attempt=1 gatt=1 gattObj=0xf44bed6 state=Connected reason=foreground-auto retry=0/1 seq=40 type=mgmt set/status source=foreground characteristic=rx bytes=12 chunk=1/1 apiAccepted=true apiStatus=0
         1787686382.960 16973 16997 D PicoSwitch: monoMs=99585364 management/command.write: attempt=1 gatt=1 gattObj=0xf44bed6 state=Connected reason=foreground-auto retry=0/1 seq=40 type=mgmt set/status callback=1 status=0 source=foreground elapsedMs=68
         1787686382.990 16973 16997 D PicoSwitch: monoMs=99585395 management/response.first: attempt=1 gatt=1 gattObj=0xf44bed6 state=Connected reason=foreground-auto retry=0/1 seq=40 type=mgmt set/status source=foreground bytes=27 elapsedMs=98
         1787686382.991 16973 16973 D PicoSwitch: monoMs=99585396 management/request.complete: attempt=1 gatt=1 gattObj=0xf44bed6 state=Connected reason=foreground-auto retry=0/1 seq=40 type=mgmt set/status source=foreground elapsedMs=99 responseBytes=26
         1787686382.993 16973 16973 D PicoSwitch: monoMs=99585397 management/result: mgmt set/status: complete (26 bytes) seq=40 gatt=1 source=foreground elapsedMs=99 firstNotifyMs=98 notifications=1/27B writes=1
         1787686382.993 16973 16973 D PicoSwitch: monoMs=99585398 management/request.release: attempt=1 gatt=1 gattObj=0xf44bed6 state=Connected reason=foreground-auto retry=0/1 seq=40 type=mgmt set/status source=foreground elapsedMs=102
         1787686382.994 16973 16973 D PicoSwitch: monoMs=99585399 management/request.queued: seq=41 type=bonds source=foreground workflow=Refreshing adapter gatt=1 gattObj=0xf44bed6 state=Connected timeoutMs=10000
         1787686383.092 16973 16973 D PicoSwitch: monoMs=99585496 management/request.begin: attempt=1 gatt=1 gattObj=0xf44bed6 state=Connected reason=foreground-auto retry=0/1 seq=41 type=bonds source=foreground workflow=Refreshing adapter queuedMs=97 preflightMs=97
         1787686383.094 16973 16973 D PicoSwitch: monoMs=99585498 management/command: bonds seq=41 gatt=1 mtu=517 source=foreground caller=Refreshing adapter bridge=Playing personality=idle sinceReadyMs=148310 sinceReplyMs=101
         1787686383.094 16973 16973 D PicoSwitch: monoMs=99585499 management/request.write_begin: attempt=1 gatt=1 gattObj=0xf44bed6 state=Connected reason=foreground-auto retry=0/1 seq=41 type=bonds source=foreground characteristic=rx bytes=11 chunk=1/1
         1787686383.097 16973 16973 D PicoSwitch: monoMs=99585501 management/request.write_api: attempt=1 gatt=1 gattObj=0xf44bed6 state=Connected reason=foreground-auto retry=0/1 seq=41 type=bonds source=foreground characteristic=rx bytes=11 chunk=1/1 apiAccepted=true apiStatus=0
         1787686383.140 16973 16997 D PicoSwitch: monoMs=99585544 management/command.write: attempt=1 gatt=1 gattObj=0xf44bed6 state=Connected reason=foreground-auto retry=0/1 seq=41 type=bonds callback=1 status=0 source=foreground elapsedMs=48
         1787686383.173 16973 16997 D PicoSwitch: monoMs=99585577 management/response.first: attempt=1 gatt=1 gattObj=0xf44bed6 state=Connected reason=foreground-auto retry=0/1 seq=41 type=bonds source=foreground bytes=240 elapsedMs=81
         1787686383.175 16973 16973 D PicoSwitch: monoMs=99585579 management/request.complete: attempt=1 gatt=1 gattObj=0xf44bed6 state=Connected reason=foreground-auto retry=0/1 seq=41 type=bonds source=foreground elapsedMs=83 responseBytes=239
         1787686383.177 16973 16973 D PicoSwitch: monoMs=99585581 management/result: bonds: complete (239 bytes) seq=41 gatt=1 source=foreground elapsedMs=83 firstNotifyMs=81 notifications=1/240B writes=1
         1787686383.177 16973 16973 D PicoSwitch: monoMs=99585582 management/request.release: attempt=1 gatt=1 gattObj=0xf44bed6 state=Connected reason=foreground-auto retry=0/1 seq=41 type=bonds source=foreground elapsedMs=86
         1787686383.179 16973 16973 D PicoSwitch: monoMs=99585584 management/request.queued: seq=42 type=input source=foreground workflow=Refreshing adapter gatt=1 gattObj=0xf44bed6 state=Connected timeoutMs=10000
         1787686383.284 16973 16973 D PicoSwitch: monoMs=99585688 management/request.begin: attempt=1 gatt=1 gattObj=0xf44bed6 state=Connected reason=foreground-auto retry=0/1 seq=42 type=input source=foreground workflow=Refreshing adapter queuedMs=104 preflightMs=104
         1787686383.285 16973 16973 D PicoSwitch: monoMs=99585690 management/command: input seq=42 gatt=1 mtu=517 source=foreground caller=Refreshing adapter bridge=Playing personality=idle sinceReadyMs=148502 sinceReplyMs=109
         1787686383.286 16973 16973 D PicoSwitch: monoMs=99585690 management/request.write_begin: attempt=1 gatt=1 gattObj=0xf44bed6 state=Connected reason=foreground-auto retry=0/1 seq=42 type=input source=foreground characteristic=rx bytes=14 chunk=1/1
         1787686383.289 16973 16973 D PicoSwitch: monoMs=99585694 management/request.write_api: attempt=1 gatt=1 gattObj=0xf44bed6 state=Connected reason=foreground-auto retry=0/1 seq=42 type=input source=foreground characteristic=rx bytes=14 chunk=1/1 apiAccepted=true apiStatus=0
         1787686383.352 16973 16997 D PicoSwitch: monoMs=99585756 management/command.write: attempt=1 gatt=1 gattObj=0xf44bed6 state=Connected reason=foreground-auto retry=0/1 seq=42 type=input callback=1 status=0 source=foreground elapsedMs=67
         1787686383.382 16973 16997 D PicoSwitch: monoMs=99585786 management/response.first: attempt=1 gatt=1 gattObj=0xf44bed6 state=Connected reason=foreground-auto retry=0/1 seq=42 type=input source=foreground bytes=163 elapsedMs=98
         1787686383.383 16973 16973 D PicoSwitch: monoMs=99585787 management/request.complete: attempt=1 gatt=1 gattObj=0xf44bed6 state=Connected reason=foreground-auto retry=0/1 seq=42 type=input source=foreground elapsedMs=99 responseBytes=162
         1787686383.384 16973 16973 D PicoSwitch: monoMs=99585789 management/result: input: complete (162 bytes) seq=42 gatt=1 source=foreground elapsedMs=99 firstNotifyMs=98 notifications=1/163B writes=1
         1787686383.385 16973 16973 D PicoSwitch: monoMs=99585789 management/request.release: attempt=1 gatt=1 gattObj=0xf44bed6 state=Connected reason=foreground-auto retry=0/1 seq=42 type=input source=foreground elapsedMs=101
         1787686383.386 16973 16973 D PicoSwitch: monoMs=99585790 management/request.queued: seq=43 type=kbm source=foreground workflow=Refreshing adapter gatt=1 gattObj=0xf44bed6 state=Connected timeoutMs=10000
         1787686383.484 16973 16973 D PicoSwitch: monoMs=99585888 management/request.begin: attempt=1 gatt=1 gattObj=0xf44bed6 state=Connected reason=foreground-auto retry=0/1 seq=43 type=kbm source=foreground workflow=Refreshing adapter queuedMs=98 preflightMs=97
         1787686383.485 16973 16973 D PicoSwitch: monoMs=99585890 management/command: kbm seq=43 gatt=1 mtu=517 source=foreground caller=Refreshing adapter bridge=Playing personality=idle sinceReadyMs=148702 sinceReplyMs=101
         1787686383.486 16973 16973 D PicoSwitch: monoMs=99585891 management/request.write_begin: attempt=1 gatt=1 gattObj=0xf44bed6 state=Connected reason=foreground-auto retry=0/1 seq=43 type=kbm source=foreground characteristic=rx bytes=11 chunk=1/1
         1787686383.490 16973 16973 D PicoSwitch: monoMs=99585894 management/request.write_api: attempt=1 gatt=1 gattObj=0xf44bed6 state=Connected reason=foreground-auto retry=0/1 seq=43 type=kbm source=foreground characteristic=rx bytes=11 chunk=1/1 apiAccepted=true apiStatus=0
         1787686383.533 16973 16997 D PicoSwitch: monoMs=99585937 management/command.write: attempt=1 gatt=1 gattObj=0xf44bed6 state=Connected reason=foreground-auto retry=0/1 seq=43 type=kbm callback=1 status=0 source=foreground elapsedMs=46
         1787686383.534 16973 16997 D PicoSwitch: monoMs=99585939 management/response.first: attempt=1 gatt=1 gattObj=0xf44bed6 state=Connected reason=foreground-auto retry=0/1 seq=43 type=kbm source=foreground bytes=349 elapsedMs=50
         1787686383.551 16973 16973 D PicoSwitch: monoMs=99585956 management/request.complete: attempt=1 gatt=1 gattObj=0xf44bed6 state=Connected reason=foreground-auto retry=0/1 seq=43 type=kbm source=foreground elapsedMs=68 responseBytes=348
         1787686383.553 16973 16973 D PicoSwitch: monoMs=99585958 management/result: kbm: complete (348 bytes) seq=43 gatt=1 source=foreground elapsedMs=68 firstNotifyMs=50 notifications=1/349B writes=1
         1787686383.554 16973 16973 D PicoSwitch: monoMs=99585958 management/request.release: attempt=1 gatt=1 gattObj=0xf44bed6 state=Connected reason=foreground-auto retry=0/1 seq=43 type=kbm source=foreground elapsedMs=70
         1787686383.555 16973 16973 D PicoSwitch: monoMs=99585959 management/request.queued: seq=44 type=kbm source=foreground workflow=Refreshing adapter gatt=1 gattObj=0xf44bed6 state=Connected timeoutMs=10000
         1787686383.667 16973 16973 D PicoSwitch: monoMs=99586071 management/request.begin: attempt=1 gatt=1 gattObj=0xf44bed6 state=Connected reason=foreground-auto retry=0/1 seq=44 type=kbm source=foreground workflow=Refreshing adapter queuedMs=112 preflightMs=111
         1787686383.669 16973 16973 D PicoSwitch: monoMs=99586073 management/command: kbm seq=44 gatt=1 mtu=517 source=foreground caller=Refreshing adapter bridge=Playing personality=idle sinceReadyMs=148885 sinceReplyMs=115
         1787686383.669 16973 16973 D PicoSwitch: monoMs=99586074 management/request.write_begin: attempt=1 gatt=1 gattObj=0xf44bed6 state=Connected reason=foreground-auto retry=0/1 seq=44 type=kbm source=foreground characteristic=rx bytes=10 chunk=1/1
         1787686383.672 16973 16973 D PicoSwitch: monoMs=99586076 management/request.write_api: attempt=1 gatt=1 gattObj=0xf44bed6 state=Connected reason=foreground-auto retry=0/1 seq=44 type=kbm source=foreground characteristic=rx bytes=10 chunk=1/1 apiAccepted=true apiStatus=0
         1787686383.710 16973 16997 D PicoSwitch: monoMs=99586114 management/command.write: attempt=1 gatt=1 gattObj=0xf44bed6 state=Connected reason=foreground-auto retry=0/1 seq=44 type=kbm callback=1 status=0 source=foreground elapsedMs=42
         1787686383.713 16973 16997 D PicoSwitch: monoMs=99586117 management/response.first: attempt=1 gatt=1 gattObj=0xf44bed6 state=Connected reason=foreground-auto retry=0/1 seq=44 type=kbm source=foreground bytes=209 elapsedMs=45
         1787686383.716 16973 16973 D PicoSwitch: monoMs=99586120 management/request.complete: attempt=1 gatt=1 gattObj=0xf44bed6 state=Connected reason=foreground-auto retry=0/1 seq=44 type=kbm source=foreground elapsedMs=49 responseBytes=208
         1787686383.717 16973 16973 D PicoSwitch: monoMs=99586122 management/result: kbm: complete (208 bytes) seq=44 gatt=1 source=foreground elapsedMs=49 firstNotifyMs=45 notifications=1/209B writes=1
         1787686383.717 16973 16973 D PicoSwitch: monoMs=99586122 management/request.release: attempt=1 gatt=1 gattObj=0xf44bed6 state=Connected reason=foreground-auto retry=0/1 seq=44 type=kbm source=foreground elapsedMs=51
         1787686387.825 16973 16973 D PicoSwitch: monoMs=99590229 management/request.queued: seq=45 type=input source=background workflow=background-input-poll gatt=1 gattObj=0xf44bed6 state=Connected timeoutMs=10000
         1787686387.826 16973 16973 D PicoSwitch: monoMs=99590231 management/request.begin: attempt=1 gatt=1 gattObj=0xf44bed6 state=Connected reason=foreground-auto retry=0/1 seq=45 type=input source=background workflow=background-input-poll queuedMs=1 preflightMs=0
         1787686387.828 16973 16973 D PicoSwitch: monoMs=99590233 management/command: input seq=45 gatt=1 mtu=517 source=background caller=background-input-poll bridge=Playing personality=idle sinceReadyMs=153044 sinceReplyMs=4110
         1787686387.829 16973 16973 D PicoSwitch: monoMs=99590233 management/request.write_begin: attempt=1 gatt=1 gattObj=0xf44bed6 state=Connected reason=foreground-auto retry=0/1 seq=45 type=input source=background characteristic=rx bytes=14 chunk=1/1
         1787686387.832 16973 16973 D PicoSwitch: monoMs=99590237 management/request.write_api: attempt=1 gatt=1 gattObj=0xf44bed6 state=Connected reason=foreground-auto retry=0/1 seq=45 type=input source=background characteristic=rx bytes=14 chunk=1/1 apiAccepted=true apiStatus=0
         1787686387.887 16973 16997 D PicoSwitch: monoMs=99590290 management/command.write: attempt=1 gatt=1 gattObj=0xf44bed6 state=Connected reason=foreground-auto retry=0/1 seq=45 type=input callback=1 status=0 source=background elapsedMs=59
         1787686387.911 16973 16997 D PicoSwitch: monoMs=99590316 management/response.first: attempt=1 gatt=1 gattObj=0xf44bed6 state=Connected reason=foreground-auto retry=0/1 seq=45 type=input source=background bytes=163 elapsedMs=85
         1787686387.913 16973 16973 D PicoSwitch: monoMs=99590318 management/request.complete: attempt=1 gatt=1 gattObj=0xf44bed6 state=Connected reason=foreground-auto retry=0/1 seq=45 type=input source=background elapsedMs=87 responseBytes=162
         1787686387.917 16973 16973 D PicoSwitch: monoMs=99590321 management/result: input: complete (162 bytes) seq=45 gatt=1 source=background elapsedMs=87 firstNotifyMs=85 notifications=1/163B writes=1
         1787686387.918 16973 16973 D PicoSwitch: monoMs=99590322 management/request.release: attempt=1 gatt=1 gattObj=0xf44bed6 state=Connected reason=foreground-auto retry=0/1 seq=45 type=input source=background elapsedMs=92
         1787686387.921 16973 16973 D PicoSwitch: monoMs=99590325 controller/source.auto_skipped: active=1; existing owner retained
         1787686392.931 16973 16973 D PicoSwitch: monoMs=99595334 management/request.queued: seq=46 type=input source=background workflow=background-input-poll gatt=1 gattObj=0xf44bed6 state=Connected timeoutMs=10000
         1787686392.933 16973 16973 D PicoSwitch: monoMs=99595337 management/request.begin: attempt=1 gatt=1 gattObj=0xf44bed6 state=Connected reason=foreground-auto retry=0/1 seq=46 type=input source=background workflow=background-input-poll queuedMs=3 preflightMs=0
         1787686392.939 16973 16973 D PicoSwitch: monoMs=99595343 management/command: input seq=46 gatt=1 mtu=517 source=background caller=background-input-poll bridge=Playing personality=idle sinceReadyMs=158150 sinceReplyMs=5019
         1787686392.941 16973 16973 D PicoSwitch: monoMs=99595345 management/request.write_begin: attempt=1 gatt=1 gattObj=0xf44bed6 state=Connected reason=foreground-auto retry=0/1 seq=46 type=input source=background characteristic=rx bytes=14 chunk=1/1
         1787686392.946 16973 16973 D PicoSwitch: monoMs=99595350 management/request.write_api: attempt=1 gatt=1 gattObj=0xf44bed6 state=Connected reason=foreground-auto retry=0/1 seq=46 type=input source=background characteristic=rx bytes=14 chunk=1/1 apiAccepted=true apiStatus=0
         1787686392.985 16973 16997 D PicoSwitch: monoMs=99595389 management/command.write: attempt=1 gatt=1 gattObj=0xf44bed6 state=Connected reason=foreground-auto retry=0/1 seq=46 type=input callback=1 status=0 source=background elapsedMs=53
         1787686392.986 16973 16997 D PicoSwitch: monoMs=99595390 management/response.first: attempt=1 gatt=1 gattObj=0xf44bed6 state=Connected reason=foreground-auto retry=0/1 seq=46 type=input source=background bytes=163 elapsedMs=54
         1787686392.988 16973 16973 D PicoSwitch: monoMs=99595392 management/request.complete: attempt=1 gatt=1 gattObj=0xf44bed6 state=Connected reason=foreground-auto retry=0/1 seq=46 type=input source=background elapsedMs=56 responseBytes=162
         1787686392.991 16973 16973 D PicoSwitch: monoMs=99595395 management/result: input: complete (162 bytes) seq=46 gatt=1 source=background elapsedMs=56 firstNotifyMs=54 notifications=1/163B writes=1
         1787686392.992 16973 16973 D PicoSwitch: monoMs=99595396 management/request.release: attempt=1 gatt=1 gattObj=0xf44bed6 state=Connected reason=foreground-auto retry=0/1 seq=46 type=input source=background elapsedMs=60
         1787686392.994 16973 16973 D PicoSwitch: monoMs=99595398 controller/source.auto_skipped: active=1; existing owner retained
         1787686394.205 16973 16973 D PicoSwitch: monoMs=99596610 management/request.queued: seq=47 type=info source=foreground workflow=Refreshing adapter gatt=1 gattObj=0xf44bed6 state=Connected timeoutMs=10000
         1787686394.206 16973 16973 D PicoSwitch: monoMs=99596611 management/request.begin: attempt=1 gatt=1 gattObj=0xf44bed6 state=Connected reason=foreground-auto retry=0/1 seq=47 type=info source=foreground workflow=Refreshing adapter queuedMs=0 preflightMs=0
         1787686394.209 16973 16973 D PicoSwitch: monoMs=99596613 management/command: info seq=47 gatt=1 mtu=517 source=foreground caller=Refreshing adapter bridge=Playing personality=idle sinceReadyMs=159424 sinceReplyMs=1218
         1787686394.210 16973 16973 D PicoSwitch: monoMs=99596614 management/request.write_begin: attempt=1 gatt=1 gattObj=0xf44bed6 state=Connected reason=foreground-auto retry=0/1 seq=47 type=info source=foreground characteristic=rx bytes=5 chunk=1/1
         1787686394.212 16973 16973 D PicoSwitch: monoMs=99596616 management/request.write_api: attempt=1 gatt=1 gattObj=0xf44bed6 state=Connected reason=foreground-auto retry=0/1 seq=47 type=info source=foreground characteristic=rx bytes=5 chunk=1/1 apiAccepted=true apiStatus=0
         1787686394.270 16973 16997 D PicoSwitch: monoMs=99596674 management/command.write: attempt=1 gatt=1 gattObj=0xf44bed6 state=Connected reason=foreground-auto retry=0/1 seq=47 type=info callback=1 status=0 source=foreground elapsedMs=64
         1787686394.271 16973 16997 D PicoSwitch: monoMs=99596675 management/response.first: attempt=1 gatt=1 gattObj=0xf44bed6 state=Connected reason=foreground-auto retry=0/1 seq=47 type=info source=foreground bytes=111 elapsedMs=65
         1787686394.271 16973 16973 D PicoSwitch: monoMs=99596676 management/request.complete: attempt=1 gatt=1 gattObj=0xf44bed6 state=Connected reason=foreground-auto retry=0/1 seq=47 type=info source=foreground elapsedMs=66 responseBytes=110
         1787686394.273 16973 16973 D PicoSwitch: monoMs=99596678 management/result: info: complete (110 bytes) seq=47 gatt=1 source=foreground elapsedMs=66 firstNotifyMs=65 notifications=1/111B writes=1
         1787686394.274 16973 16973 D PicoSwitch: monoMs=99596678 management/request.release: attempt=1 gatt=1 gattObj=0xf44bed6 state=Connected reason=foreground-auto retry=0/1 seq=47 type=info source=foreground elapsedMs=68
         1787686394.274 16973 16973 D PicoSwitch: monoMs=99596679 management/request.queued: seq=48 type=get source=foreground workflow=Refreshing adapter gatt=1 gattObj=0xf44bed6 state=Connected timeoutMs=10000
         1787686394.373 16973 16973 D PicoSwitch: monoMs=99596777 management/request.begin: attempt=1 gatt=1 gattObj=0xf44bed6 state=Connected reason=foreground-auto retry=0/1 seq=48 type=get source=foreground workflow=Refreshing adapter queuedMs=98 preflightMs=98
         1787686394.375 16973 16973 D PicoSwitch: monoMs=99596780 management/command: get seq=48 gatt=1 mtu=517 source=foreground caller=Refreshing adapter bridge=Playing personality=idle sinceReadyMs=159591 sinceReplyMs=101
         1787686394.376 16973 16973 D PicoSwitch: monoMs=99596781 management/request.write_begin: attempt=1 gatt=1 gattObj=0xf44bed6 state=Connected reason=foreground-auto retry=0/1 seq=48 type=get source=foreground characteristic=rx bytes=4 chunk=1/1
         1787686394.380 16973 16973 D PicoSwitch: monoMs=99596784 management/request.write_api: attempt=1 gatt=1 gattObj=0xf44bed6 state=Connected reason=foreground-auto retry=0/1 seq=48 type=get source=foreground characteristic=rx bytes=4 chunk=1/1 apiAccepted=true apiStatus=0
         1787686394.421 16973 16997 D PicoSwitch: monoMs=99596825 management/command.write: attempt=1 gatt=1 gattObj=0xf44bed6 state=Connected reason=foreground-auto retry=0/1 seq=48 type=get callback=1 status=0 source=foreground elapsedMs=47
         1787686394.453 16973 16997 D PicoSwitch: monoMs=99596857 management/response.first: attempt=1 gatt=1 gattObj=0xf44bed6 state=Connected reason=foreground-auto retry=0/1 seq=48 type=get source=foreground bytes=155 elapsedMs=79
         1787686394.453 16973 16973 D PicoSwitch: monoMs=99596858 management/request.complete: attempt=1 gatt=1 gattObj=0xf44bed6 state=Connected reason=foreground-auto retry=0/1 seq=48 type=get source=foreground elapsedMs=81 responseBytes=154
         1787686394.455 16973 16973 D PicoSwitch: monoMs=99596860 management/result: get: complete (154 bytes) seq=48 gatt=1 source=foreground elapsedMs=81 firstNotifyMs=79 notifications=1/155B writes=1
         1787686394.456 16973 16973 D PicoSwitch: monoMs=99596860 management/request.release: attempt=1 gatt=1 gattObj=0xf44bed6 state=Connected reason=foreground-auto retry=0/1 seq=48 type=get source=foreground elapsedMs=83
         1787686394.457 16973 16973 D PicoSwitch: monoMs=99596861 management/request.queued: seq=49 type=device source=foreground workflow=Refreshing adapter gatt=1 gattObj=0xf44bed6 state=Connected timeoutMs=10000
         1787686394.555 16973 16973 D PicoSwitch: monoMs=99596959 management/request.begin: attempt=1 gatt=1 gattObj=0xf44bed6 state=Connected reason=foreground-auto retry=0/1 seq=49 type=device source=foreground workflow=Refreshing adapter queuedMs=98 preflightMs=98
         1787686394.557 16973 16973 D PicoSwitch: monoMs=99596962 management/command: device seq=49 gatt=1 mtu=517 source=foreground caller=Refreshing adapter bridge=Playing personality=idle sinceReadyMs=159773 sinceReplyMs=101
         1787686394.558 16973 16973 D PicoSwitch: monoMs=99596962 management/request.write_begin: attempt=1 gatt=1 gattObj=0xf44bed6 state=Connected reason=foreground-auto retry=0/1 seq=49 type=device source=foreground characteristic=rx bytes=7 chunk=1/1
         1787686394.562 16973 16973 D PicoSwitch: monoMs=99596967 management/request.write_api: attempt=1 gatt=1 gattObj=0xf44bed6 state=Connected reason=foreground-auto retry=0/1 seq=49 type=device source=foreground characteristic=rx bytes=7 chunk=1/1 apiAccepted=true apiStatus=0
         1787686394.601 16973 16997 D PicoSwitch: monoMs=99597005 management/command.write: attempt=1 gatt=1 gattObj=0xf44bed6 state=Connected reason=foreground-auto retry=0/1 seq=49 type=device callback=1 status=0 source=foreground elapsedMs=45
         1787686394.602 16973 16997 D PicoSwitch: monoMs=99597007 management/response.first: attempt=1 gatt=1 gattObj=0xf44bed6 state=Connected reason=foreground-auto retry=0/1 seq=49 type=device source=foreground bytes=80 elapsedMs=47
         1787686394.603 16973 16973 D PicoSwitch: monoMs=99597007 management/request.complete: attempt=1 gatt=1 gattObj=0xf44bed6 state=Connected reason=foreground-auto retry=0/1 seq=49 type=device source=foreground elapsedMs=48 responseBytes=79
         1787686394.605 16973 16973 D PicoSwitch: monoMs=99597009 management/result: device: complete (79 bytes) seq=49 gatt=1 source=foreground elapsedMs=48 firstNotifyMs=47 notifications=1/80B writes=1
         1787686394.605 16973 16973 D PicoSwitch: monoMs=99597009 management/request.release: attempt=1 gatt=1 gattObj=0xf44bed6 state=Connected reason=foreground-auto retry=0/1 seq=49 type=device source=foreground elapsedMs=50
         1787686394.606 16973 16973 D PicoSwitch: monoMs=99597010 management/request.queued: seq=50 type=personality source=foreground workflow=Refreshing adapter gatt=1 gattObj=0xf44bed6 state=Connected timeoutMs=10000
         1787686394.704 16973 16973 D PicoSwitch: monoMs=99597108 management/request.begin: attempt=1 gatt=1 gattObj=0xf44bed6 state=Connected reason=foreground-auto retry=0/1 seq=50 type=personality source=foreground workflow=Refreshing adapter queuedMs=97 preflightMs=97
         1787686394.706 16973 16973 D PicoSwitch: monoMs=99597111 management/command: personality seq=50 gatt=1 mtu=517 source=foreground caller=Refreshing adapter bridge=Playing personality=idle sinceReadyMs=159921 sinceReplyMs=100
         1787686394.707 16973 16973 D PicoSwitch: monoMs=99597111 management/request.write_begin: attempt=1 gatt=1 gattObj=0xf44bed6 state=Connected reason=foreground-auto retry=0/1 seq=50 type=personality source=foreground characteristic=rx bytes=12 chunk=1/1
         1787686394.711 16973 16973 D PicoSwitch: monoMs=99597116 management/request.write_api: attempt=1 gatt=1 gattObj=0xf44bed6 state=Connected reason=foreground-auto retry=0/1 seq=50 type=personality source=foreground characteristic=rx bytes=12 chunk=1/1 apiAccepted=true apiStatus=0
         1787686394.753 16973 16997 D PicoSwitch: monoMs=99597156 management/command.write: attempt=1 gatt=1 gattObj=0xf44bed6 state=Connected reason=foreground-auto retry=0/1 seq=50 type=personality callback=1 status=0 source=foreground elapsedMs=49
         1787686394.755 16973 16997 D PicoSwitch: monoMs=99597159 management/response.first: attempt=1 gatt=1 gattObj=0xf44bed6 state=Connected reason=foreground-auto retry=0/1 seq=50 type=personality source=foreground bytes=57 elapsedMs=51
         1787686394.762 16973 16973 D PicoSwitch: monoMs=99597167 management/request.complete: attempt=1 gatt=1 gattObj=0xf44bed6 state=Connected reason=foreground-auto retry=0/1 seq=50 type=personality source=foreground elapsedMs=59 responseBytes=56
         1787686394.764 16973 16973 D PicoSwitch: monoMs=99597168 management/result: personality: complete (56 bytes) seq=50 gatt=1 source=foreground elapsedMs=59 firstNotifyMs=51 notifications=1/57B writes=1
         1787686394.764 16973 16973 D PicoSwitch: monoMs=99597169 management/request.release: attempt=1 gatt=1 gattObj=0xf44bed6 state=Connected reason=foreground-auto retry=0/1 seq=50 type=personality source=foreground elapsedMs=62
         1787686394.765 16973 16973 D PicoSwitch: monoMs=99597169 management/request.queued: seq=51 type=amiibo source=foreground workflow=Refreshing adapter gatt=1 gattObj=0xf44bed6 state=Connected timeoutMs=10000
         1787686394.861 16973 16973 D PicoSwitch: monoMs=99597266 management/request.begin: attempt=1 gatt=1 gattObj=0xf44bed6 state=Connected reason=foreground-auto retry=0/1 seq=51 type=amiibo source=foreground workflow=Refreshing adapter queuedMs=97 preflightMs=96
         1787686394.863 16973 16973 D PicoSwitch: monoMs=99597268 management/command: amiibo seq=51 gatt=1 mtu=517 source=foreground caller=Refreshing adapter bridge=Playing personality=idle sinceReadyMs=160080 sinceReplyMs=100
         1787686394.864 16973 16973 D PicoSwitch: monoMs=99597268 management/request.write_begin: attempt=1 gatt=1 gattObj=0xf44bed6 state=Connected reason=foreground-auto retry=0/1 seq=51 type=amiibo source=foreground characteristic=rx bytes=14 chunk=1/1
         1787686394.865 16973 16973 D PicoSwitch: monoMs=99597270 management/request.write_api: attempt=1 gatt=1 gattObj=0xf44bed6 state=Connected reason=foreground-auto retry=0/1 seq=51 type=amiibo source=foreground characteristic=rx bytes=14 chunk=1/1 apiAccepted=true apiStatus=0
         1787686394.901 16973 16997 D PicoSwitch: monoMs=99597305 management/command.write: attempt=1 gatt=1 gattObj=0xf44bed6 state=Connected reason=foreground-auto retry=0/1 seq=51 type=amiibo callback=1 status=0 source=foreground elapsedMs=38
         1787686394.905 16973 16997 D PicoSwitch: monoMs=99597309 management/response.first: attempt=1 gatt=1 gattObj=0xf44bed6 state=Connected reason=foreground-auto retry=0/1 seq=51 type=amiibo source=foreground bytes=294 elapsedMs=42
         1787686394.905 16973 16973 D PicoSwitch: monoMs=99597310 management/request.complete: attempt=1 gatt=1 gattObj=0xf44bed6 state=Connected reason=foreground-auto retry=0/1 seq=51 type=amiibo source=foreground elapsedMs=44 responseBytes=293
         1787686394.907 16973 16973 D PicoSwitch: monoMs=99597312 management/result: amiibo: complete (293 bytes) seq=51 gatt=1 source=foreground elapsedMs=44 firstNotifyMs=42 notifications=1/294B writes=1
         1787686394.908 16973 16973 D PicoSwitch: monoMs=99597312 management/request.release: attempt=1 gatt=1 gattObj=0xf44bed6 state=Connected reason=foreground-auto retry=0/1 seq=51 type=amiibo source=foreground elapsedMs=46
         1787686394.909 16973 16973 D PicoSwitch: monoMs=99597313 management/request.queued: seq=52 type=mgmt set/status source=foreground workflow=Refreshing adapter gatt=1 gattObj=0xf44bed6 state=Connected timeoutMs=10000
         1787686395.006 16973 16973 D PicoSwitch: monoMs=99597410 management/request.begin: attempt=1 gatt=1 gattObj=0xf44bed6 state=Connected reason=foreground-auto retry=0/1 seq=52 type=mgmt set/status source=foreground workflow=Refreshing adapter queuedMs=97 preflightMs=96
         1787686395.008 16973 16973 D PicoSwitch: monoMs=99597412 management/command: mgmt set/status seq=52 gatt=1 mtu=517 source=foreground caller=Refreshing adapter bridge=Playing personality=idle sinceReadyMs=160224 sinceReplyMs=100
         1787686395.009 16973 16973 D PicoSwitch: monoMs=99597413 management/request.write_begin: attempt=1 gatt=1 gattObj=0xf44bed6 state=Connected reason=foreground-auto retry=0/1 seq=52 type=mgmt set/status source=foreground characteristic=rx bytes=12 chunk=1/1
         1787686395.012 16973 16973 D PicoSwitch: monoMs=99597416 management/request.write_api: attempt=1 gatt=1 gattObj=0xf44bed6 state=Connected reason=foreground-auto retry=0/1 seq=52 type=mgmt set/status source=foreground characteristic=rx bytes=12 chunk=1/1 apiAccepted=true apiStatus=0
         1787686395.052 16973 16997 D PicoSwitch: monoMs=99597456 management/command.write: attempt=1 gatt=1 gattObj=0xf44bed6 state=Connected reason=foreground-auto retry=0/1 seq=52 type=mgmt set/status callback=1 status=0 source=foreground elapsedMs=45
         1787686395.054 16973 16997 D PicoSwitch: monoMs=99597458 management/response.first: attempt=1 gatt=1 gattObj=0xf44bed6 state=Connected reason=foreground-auto retry=0/1 seq=52 type=mgmt set/status source=foreground bytes=27 elapsedMs=48
         1787686395.055 16973 16973 D PicoSwitch: monoMs=99597459 management/request.complete: attempt=1 gatt=1 gattObj=0xf44bed6 state=Connected reason=foreground-auto retry=0/1 seq=52 type=mgmt set/status source=foreground elapsedMs=49 responseBytes=26
         1787686395.057 16973 16973 D PicoSwitch: monoMs=99597461 management/result: mgmt set/status: complete (26 bytes) seq=52 gatt=1 source=foreground elapsedMs=49 firstNotifyMs=48 notifications=1/27B writes=1
         1787686395.058 16973 16973 D PicoSwitch: monoMs=99597462 management/request.release: attempt=1 gatt=1 gattObj=0xf44bed6 state=Connected reason=foreground-auto retry=0/1 seq=52 type=mgmt set/status source=foreground elapsedMs=52
         1787686395.058 16973 16973 D PicoSwitch: monoMs=99597463 management/request.queued: seq=53 type=bonds source=foreground workflow=Refreshing adapter gatt=1 gattObj=0xf44bed6 state=Connected timeoutMs=10000
         1787686395.155 16973 16973 D PicoSwitch: monoMs=99597560 management/request.begin: attempt=1 gatt=1 gattObj=0xf44bed6 state=Connected reason=foreground-auto retry=0/1 seq=53 type=bonds source=foreground workflow=Refreshing adapter queuedMs=96 preflightMs=96
         1787686395.156 16973 16973 D PicoSwitch: monoMs=99597561 management/command: bonds seq=53 gatt=1 mtu=517 source=foreground caller=Refreshing adapter bridge=Playing personality=idle sinceReadyMs=160373 sinceReplyMs=100
         1787686395.157 16973 16973 D PicoSwitch: monoMs=99597561 management/request.write_begin: attempt=1 gatt=1 gattObj=0xf44bed6 state=Connected reason=foreground-auto retry=0/1 seq=53 type=bonds source=foreground characteristic=rx bytes=11 chunk=1/1
         1787686395.159 16973 16973 D PicoSwitch: monoMs=99597564 management/request.write_api: attempt=1 gatt=1 gattObj=0xf44bed6 state=Connected reason=foreground-auto retry=0/1 seq=53 type=bonds source=foreground characteristic=rx bytes=11 chunk=1/1 apiAccepted=true apiStatus=0
         1787686395.202 16973 16997 D PicoSwitch: monoMs=99597605 management/command.write: attempt=1 gatt=1 gattObj=0xf44bed6 state=Connected reason=foreground-auto retry=0/1 seq=53 type=bonds callback=1 status=0 source=foreground elapsedMs=46
         1787686395.204 16973 16997 D PicoSwitch: monoMs=99597608 management/response.first: attempt=1 gatt=1 gattObj=0xf44bed6 state=Connected reason=foreground-auto retry=0/1 seq=53 type=bonds source=foreground bytes=240 elapsedMs=49
         1787686395.205 16973 16973 D PicoSwitch: monoMs=99597610 management/request.complete: attempt=1 gatt=1 gattObj=0xf44bed6 state=Connected reason=foreground-auto retry=0/1 seq=53 type=bonds source=foreground elapsedMs=51 responseBytes=239
         1787686395.207 16973 16973 D PicoSwitch: monoMs=99597612 management/result: bonds: complete (239 bytes) seq=53 gatt=1 source=foreground elapsedMs=51 firstNotifyMs=49 notifications=1/240B writes=1
         1787686395.208 16973 16973 D PicoSwitch: monoMs=99597612 management/request.release: attempt=1 gatt=1 gattObj=0xf44bed6 state=Connected reason=foreground-auto retry=0/1 seq=53 type=bonds source=foreground elapsedMs=53
         1787686395.209 16973 16973 D PicoSwitch: monoMs=99597613 management/request.queued: seq=54 type=input source=foreground workflow=Refreshing adapter gatt=1 gattObj=0xf44bed6 state=Connected timeoutMs=10000
         1787686395.306 16973 16973 D PicoSwitch: monoMs=99597710 management/request.begin: attempt=1 gatt=1 gattObj=0xf44bed6 state=Connected reason=foreground-auto retry=0/1 seq=54 type=input source=foreground workflow=Refreshing adapter queuedMs=97 preflightMs=96
         1787686395.308 16973 16973 D PicoSwitch: monoMs=99597712 management/command: input seq=54 gatt=1 mtu=517 source=foreground caller=Refreshing adapter bridge=Playing personality=idle sinceReadyMs=160524 sinceReplyMs=100
         1787686395.309 16973 16973 D PicoSwitch: monoMs=99597713 management/request.write_begin: attempt=1 gatt=1 gattObj=0xf44bed6 state=Connected reason=foreground-auto retry=0/1 seq=54 type=input source=foreground characteristic=rx bytes=14 chunk=1/1
         1787686395.312 16973 16973 D PicoSwitch: monoMs=99597717 management/request.write_api: attempt=1 gatt=1 gattObj=0xf44bed6 state=Connected reason=foreground-auto retry=0/1 seq=54 type=input source=foreground characteristic=rx bytes=14 chunk=1/1 apiAccepted=true apiStatus=0
         1787686395.352 16973 16997 D PicoSwitch: monoMs=99597755 management/command.write: attempt=1 gatt=1 gattObj=0xf44bed6 state=Connected reason=foreground-auto retry=0/1 seq=54 type=input callback=1 status=0 source=foreground elapsedMs=45
         1787686395.354 16973 16997 D PicoSwitch: monoMs=99597758 management/response.first: attempt=1 gatt=1 gattObj=0xf44bed6 state=Connected reason=foreground-auto retry=0/1 seq=54 type=input source=foreground bytes=163 elapsedMs=47
         1787686395.355 16973 16973 D PicoSwitch: monoMs=99597759 management/request.complete: attempt=1 gatt=1 gattObj=0xf44bed6 state=Connected reason=foreground-auto retry=0/1 seq=54 type=input source=foreground elapsedMs=49 responseBytes=162
         1787686395.357 16973 16973 D PicoSwitch: monoMs=99597761 management/result: input: complete (162 bytes) seq=54 gatt=1 source=foreground elapsedMs=49 firstNotifyMs=47 notifications=1/163B writes=1
         1787686395.357 16973 16973 D PicoSwitch: monoMs=99597762 management/request.release: attempt=1 gatt=1 gattObj=0xf44bed6 state=Connected reason=foreground-auto retry=0/1 seq=54 type=input source=foreground elapsedMs=51
         1787686395.358 16973 16973 D PicoSwitch: monoMs=99597763 management/request.queued: seq=55 type=kbm source=foreground workflow=Refreshing adapter gatt=1 gattObj=0xf44bed6 state=Connected timeoutMs=10000
         1787686395.456 16973 16973 D PicoSwitch: monoMs=99597860 management/request.begin: attempt=1 gatt=1 gattObj=0xf44bed6 state=Connected reason=foreground-auto retry=0/1 seq=55 type=kbm source=foreground workflow=Refreshing adapter queuedMs=97 preflightMs=97
         1787686395.457 16973 16973 D PicoSwitch: monoMs=99597862 management/command: kbm seq=55 gatt=1 mtu=517 source=foreground caller=Refreshing adapter bridge=Playing personality=idle sinceReadyMs=160674 sinceReplyMs=101
         1787686395.458 16973 16973 D PicoSwitch: monoMs=99597862 management/request.write_begin: attempt=1 gatt=1 gattObj=0xf44bed6 state=Connected reason=foreground-auto retry=0/1 seq=55 type=kbm source=foreground characteristic=rx bytes=11 chunk=1/1
         1787686395.459 16973 16973 D PicoSwitch: monoMs=99597864 management/request.write_api: attempt=1 gatt=1 gattObj=0xf44bed6 state=Connected reason=foreground-auto retry=0/1 seq=55 type=kbm source=foreground characteristic=rx bytes=11 chunk=1/1 apiAccepted=true apiStatus=0
         1787686395.501 16973 16997 D PicoSwitch: monoMs=99597905 management/command.write: attempt=1 gatt=1 gattObj=0xf44bed6 state=Connected reason=foreground-auto retry=0/1 seq=55 type=kbm callback=1 status=0 source=foreground elapsedMs=44
         1787686395.505 16973 16997 D PicoSwitch: monoMs=99597909 management/response.first: attempt=1 gatt=1 gattObj=0xf44bed6 state=Connected reason=foreground-auto retry=0/1 seq=55 type=kbm source=foreground bytes=349 elapsedMs=48
         1787686395.511 16973 16973 D PicoSwitch: monoMs=99597915 management/request.complete: attempt=1 gatt=1 gattObj=0xf44bed6 state=Connected reason=foreground-auto retry=0/1 seq=55 type=kbm source=foreground elapsedMs=55 responseBytes=348
         1787686395.513 16973 16973 D PicoSwitch: monoMs=99597917 management/result: kbm: complete (348 bytes) seq=55 gatt=1 source=foreground elapsedMs=55 firstNotifyMs=48 notifications=1/349B writes=1
         1787686395.513 16973 16973 D PicoSwitch: monoMs=99597918 management/request.release: attempt=1 gatt=1 gattObj=0xf44bed6 state=Connected reason=foreground-auto retry=0/1 seq=55 type=kbm source=foreground elapsedMs=57
         1787686395.514 16973 16973 D PicoSwitch: monoMs=99597919 management/request.queued: seq=56 type=kbm source=foreground workflow=Refreshing adapter gatt=1 gattObj=0xf44bed6 state=Connected timeoutMs=10000
         1787686395.611 16973 16973 D PicoSwitch: monoMs=99598015 management/request.begin: attempt=1 gatt=1 gattObj=0xf44bed6 state=Connected reason=foreground-auto retry=0/1 seq=56 type=kbm source=foreground workflow=Refreshing adapter queuedMs=97 preflightMs=96
         1787686395.613 16973 16973 D PicoSwitch: monoMs=99598017 management/command: kbm seq=56 gatt=1 mtu=517 source=foreground caller=Refreshing adapter bridge=Playing personality=idle sinceReadyMs=160829 sinceReplyMs=100
         1787686395.614 16973 16973 D PicoSwitch: monoMs=99598018 management/request.write_begin: attempt=1 gatt=1 gattObj=0xf44bed6 state=Connected reason=foreground-auto retry=0/1 seq=56 type=kbm source=foreground characteristic=rx bytes=10 chunk=1/1
         1787686395.620 16973 16973 D PicoSwitch: monoMs=99598025 management/request.write_api: attempt=1 gatt=1 gattObj=0xf44bed6 state=Connected reason=foreground-auto retry=0/1 seq=56 type=kbm source=foreground characteristic=rx bytes=10 chunk=1/1 apiAccepted=true apiStatus=0
         1787686395.684 16973 16997 D PicoSwitch: monoMs=99598088 management/command.write: attempt=1 gatt=1 gattObj=0xf44bed6 state=Connected reason=foreground-auto retry=0/1 seq=56 type=kbm callback=1 status=0 source=foreground elapsedMs=72
         1787686395.686 16973 16997 D PicoSwitch: monoMs=99598090 management/response.first: attempt=1 gatt=1 gattObj=0xf44bed6 state=Connected reason=foreground-auto retry=0/1 seq=56 type=kbm source=foreground bytes=209 elapsedMs=75
         1787686395.687 16973 16973 D PicoSwitch: monoMs=99598092 management/request.complete: attempt=1 gatt=1 gattObj=0xf44bed6 state=Connected reason=foreground-auto retry=0/1 seq=56 type=kbm source=foreground elapsedMs=76 responseBytes=208
         1787686395.689 16973 16973 D PicoSwitch: monoMs=99598094 management/result: kbm: complete (208 bytes) seq=56 gatt=1 source=foreground elapsedMs=76 firstNotifyMs=75 notifications=1/209B writes=1
         1787686395.690 16973 16973 D PicoSwitch: monoMs=99598094 management/request.release: attempt=1 gatt=1 gattObj=0xf44bed6 state=Connected reason=foreground-auto retry=0/1 seq=56 type=kbm source=foreground elapsedMs=79
         1787686397.999 16973 16973 D PicoSwitch: monoMs=99600403 management/request.queued: seq=57 type=input source=background workflow=background-input-poll gatt=1 gattObj=0xf44bed6 state=Connected timeoutMs=10000
         1787686398.000 16973 16973 D PicoSwitch: monoMs=99600404 management/request.begin: attempt=1 gatt=1 gattObj=0xf44bed6 state=Connected reason=foreground-auto retry=0/1 seq=57 type=input source=background workflow=background-input-poll queuedMs=1 preflightMs=0
         1787686398.002 16973 16973 D PicoSwitch: monoMs=99600406 management/command: input seq=57 gatt=1 mtu=517 source=background caller=background-input-poll bridge=Playing personality=idle sinceReadyMs=163218 sinceReplyMs=2313
         1787686398.003 16973 16973 D PicoSwitch: monoMs=99600407 management/request.write_begin: attempt=1 gatt=1 gattObj=0xf44bed6 state=Connected reason=foreground-auto retry=0/1 seq=57 type=input source=background characteristic=rx bytes=14 chunk=1/1
         1787686398.006 16973 16973 D PicoSwitch: monoMs=99600411 management/request.write_api: attempt=1 gatt=1 gattObj=0xf44bed6 state=Connected reason=foreground-auto retry=0/1 seq=57 type=input source=background characteristic=rx bytes=14 chunk=1/1 apiAccepted=true apiStatus=0
         1787686398.054 16973 16997 D PicoSwitch: monoMs=99600458 management/command.write: attempt=1 gatt=1 gattObj=0xf44bed6 state=Connected reason=foreground-auto retry=0/1 seq=57 type=input callback=1 status=0 source=background elapsedMs=52
         1787686398.056 16973 16997 D PicoSwitch: monoMs=99600460 management/response.first: attempt=1 gatt=1 gattObj=0xf44bed6 state=Connected reason=foreground-auto retry=0/1 seq=57 type=input source=background bytes=163 elapsedMs=55
         1787686398.061 16973 16973 D PicoSwitch: monoMs=99600464 management/request.complete: attempt=1 gatt=1 gattObj=0xf44bed6 state=Connected reason=foreground-auto retry=0/1 seq=57 type=input source=background elapsedMs=60 responseBytes=162
         1787686398.066 16973 16973 D PicoSwitch: monoMs=99600470 management/result: input: complete (162 bytes) seq=57 gatt=1 source=background elapsedMs=60 firstNotifyMs=55 notifications=1/163B writes=1
         1787686398.067 16973 16973 D PicoSwitch: monoMs=99600471 management/request.release: attempt=1 gatt=1 gattObj=0xf44bed6 state=Connected reason=foreground-auto retry=0/1 seq=57 type=input source=background elapsedMs=67
         1787686398.070 16973 16973 D PicoSwitch: monoMs=99600474 controller/source.auto_skipped: active=1; existing owner retained
         1787686403.077 16973 16973 D PicoSwitch: monoMs=99605479 management/request.queued: seq=58 type=input source=background workflow=background-input-poll gatt=1 gattObj=0xf44bed6 state=Connected timeoutMs=10000
         1787686403.079 16973 16973 D PicoSwitch: monoMs=99605483 management/request.begin: attempt=1 gatt=1 gattObj=0xf44bed6 state=Connected reason=foreground-auto retry=0/1 seq=58 type=input source=background workflow=background-input-poll queuedMs=4 preflightMs=0
         1787686403.085 16973 16973 D PicoSwitch: monoMs=99605488 management/command: input seq=58 gatt=1 mtu=517 source=background caller=background-input-poll bridge=Playing personality=idle sinceReadyMs=168296 sinceReplyMs=5018
         1787686403.086 16973 16973 D PicoSwitch: monoMs=99605490 management/request.write_begin: attempt=1 gatt=1 gattObj=0xf44bed6 state=Connected reason=foreground-auto retry=0/1 seq=58 type=input source=background characteristic=rx bytes=14 chunk=1/1
         1787686403.090 16973 16973 D PicoSwitch: monoMs=99605494 management/request.write_api: attempt=1 gatt=1 gattObj=0xf44bed6 state=Connected reason=foreground-auto retry=0/1 seq=58 type=input source=background characteristic=rx bytes=14 chunk=1/1 apiAccepted=true apiStatus=0
         1787686403.151 16973 16997 D PicoSwitch: monoMs=99605555 management/command.write: attempt=1 gatt=1 gattObj=0xf44bed6 state=Connected reason=foreground-auto retry=0/1 seq=58 type=input callback=1 status=0 source=background elapsedMs=72
         1787686403.154 16973 16997 D PicoSwitch: monoMs=99605558 management/response.first: attempt=1 gatt=1 gattObj=0xf44bed6 state=Connected reason=foreground-auto retry=0/1 seq=58 type=input source=background bytes=163 elapsedMs=76
         1787686403.156 16973 16973 D PicoSwitch: monoMs=99605561 management/request.complete: attempt=1 gatt=1 gattObj=0xf44bed6 state=Connected reason=foreground-auto retry=0/1 seq=58 type=input source=background elapsedMs=78 responseBytes=162
         1787686403.161 16973 16973 D PicoSwitch: monoMs=99605566 management/result: input: complete (162 bytes) seq=58 gatt=1 source=background elapsedMs=78 firstNotifyMs=76 notifications=1/163B writes=1
         1787686403.162 16973 16973 D PicoSwitch: monoMs=99605567 management/request.release: attempt=1 gatt=1 gattObj=0xf44bed6 state=Connected reason=foreground-auto retry=0/1 seq=58 type=input source=background elapsedMs=84
         1787686403.166 16973 16973 D PicoSwitch: monoMs=99605570 controller/source.auto_skipped: active=1; existing owner retained
         1787686408.175 16973 16973 D PicoSwitch: monoMs=99610577 management/request.queued: seq=59 type=input source=background workflow=background-input-poll gatt=1 gattObj=0xf44bed6 state=Connected timeoutMs=10000
         1787686408.178 16973 16973 D PicoSwitch: monoMs=99610581 management/request.begin: attempt=1 gatt=1 gattObj=0xf44bed6 state=Connected reason=foreground-auto retry=0/1 seq=59 type=input source=background workflow=background-input-poll queuedMs=3 preflightMs=0
         1787686408.184 16973 16973 D PicoSwitch: monoMs=99610588 management/command: input seq=59 gatt=1 mtu=517 source=background caller=background-input-poll bridge=Playing personality=idle sinceReadyMs=173394 sinceReplyMs=5020
         1787686408.186 16973 16973 D PicoSwitch: monoMs=99610590 management/request.write_begin: attempt=1 gatt=1 gattObj=0xf44bed6 state=Connected reason=foreground-auto retry=0/1 seq=59 type=input source=background characteristic=rx bytes=14 chunk=1/1
         1787686408.190 16973 16973 D PicoSwitch: monoMs=99610594 management/request.write_api: attempt=1 gatt=1 gattObj=0xf44bed6 state=Connected reason=foreground-auto retry=0/1 seq=59 type=input source=background characteristic=rx bytes=14 chunk=1/1 apiAccepted=true apiStatus=0
         1787686408.253 16973 16997 D PicoSwitch: monoMs=99610657 management/command.write: attempt=1 gatt=1 gattObj=0xf44bed6 state=Connected reason=foreground-auto retry=0/1 seq=59 type=input callback=1 status=0 source=background elapsedMs=75
         1787686408.256 16973 16997 D PicoSwitch: monoMs=99610660 management/response.first: attempt=1 gatt=1 gattObj=0xf44bed6 state=Connected reason=foreground-auto retry=0/1 seq=59 type=input source=background bytes=163 elapsedMs=80
         1787686408.261 16973 16973 D PicoSwitch: monoMs=99610665 management/request.complete: attempt=1 gatt=1 gattObj=0xf44bed6 state=Connected reason=foreground-auto retry=0/1 seq=59 type=input source=background elapsedMs=84 responseBytes=162
         1787686408.267 16973 16973 D PicoSwitch: monoMs=99610671 management/result: input: complete (162 bytes) seq=59 gatt=1 source=background elapsedMs=84 firstNotifyMs=80 notifications=1/163B writes=1
         1787686408.269 16973 16973 D PicoSwitch: monoMs=99610673 management/request.release: attempt=1 gatt=1 gattObj=0xf44bed6 state=Connected reason=foreground-auto retry=0/1 seq=59 type=input source=background elapsedMs=92
         1787686408.272 16973 16973 D PicoSwitch: monoMs=99610676 controller/source.auto_skipped: active=1; existing owner retained
         1787686413.283 16973 16973 D PicoSwitch: monoMs=99615685 management/request.queued: seq=60 type=input source=background workflow=background-input-poll gatt=1 gattObj=0xf44bed6 state=Connected timeoutMs=10000
         1787686413.285 16973 16973 D PicoSwitch: monoMs=99615688 management/request.begin: attempt=1 gatt=1 gattObj=0xf44bed6 state=Connected reason=foreground-auto retry=0/1 seq=60 type=input source=background workflow=background-input-poll queuedMs=4 preflightMs=0
         1787686413.291 16973 16973 D PicoSwitch: monoMs=99615695 management/command: input seq=60 gatt=1 mtu=517 source=background caller=background-input-poll bridge=Playing personality=idle sinceReadyMs=178502 sinceReplyMs=5024
         1787686413.294 16973 16973 D PicoSwitch: monoMs=99615697 management/request.write_begin: attempt=1 gatt=1 gattObj=0xf44bed6 state=Connected reason=foreground-auto retry=0/1 seq=60 type=input source=background characteristic=rx bytes=14 chunk=1/1
         1787686413.299 16973 16973 D PicoSwitch: monoMs=99615702 management/request.write_api: attempt=1 gatt=1 gattObj=0xf44bed6 state=Connected reason=foreground-auto retry=0/1 seq=60 type=input source=background characteristic=rx bytes=14 chunk=1/1 apiAccepted=true apiStatus=0
         1787686413.351 16973 16997 D PicoSwitch: monoMs=99615755 management/command.write: attempt=1 gatt=1 gattObj=0xf44bed6 state=Connected reason=foreground-auto retry=0/1 seq=60 type=input callback=1 status=0 source=background elapsedMs=67
         1787686413.383 16973 16997 D PicoSwitch: monoMs=99615787 management/response.first: attempt=1 gatt=1 gattObj=0xf44bed6 state=Connected reason=foreground-auto retry=0/1 seq=60 type=input source=background bytes=163 elapsedMs=99
         1787686413.386 16973 16973 D PicoSwitch: monoMs=99615790 management/request.complete: attempt=1 gatt=1 gattObj=0xf44bed6 state=Connected reason=foreground-auto retry=0/1 seq=60 type=input source=background elapsedMs=101 responseBytes=162
         1787686413.390 16973 16973 D PicoSwitch: monoMs=99615794 management/result: input: complete (162 bytes) seq=60 gatt=1 source=background elapsedMs=101 firstNotifyMs=99 notifications=1/163B writes=1
         1787686413.391 16973 16973 D PicoSwitch: monoMs=99615795 management/request.release: attempt=1 gatt=1 gattObj=0xf44bed6 state=Connected reason=foreground-auto retry=0/1 seq=60 type=input source=background elapsedMs=107
         1787686413.394 16973 16973 D PicoSwitch: monoMs=99615798 controller/source.auto_skipped: active=1; existing owner retained
         1787686418.400 16973 16973 D PicoSwitch: monoMs=99620803 management/request.queued: seq=61 type=input source=background workflow=background-input-poll gatt=1 gattObj=0xf44bed6 state=Connected timeoutMs=10000
         1787686418.403 16973 16973 D PicoSwitch: monoMs=99620806 management/request.begin: attempt=1 gatt=1 gattObj=0xf44bed6 state=Connected reason=foreground-auto retry=0/1 seq=61 type=input source=background workflow=background-input-poll queuedMs=4 preflightMs=0
         1787686418.409 16973 16973 D PicoSwitch: monoMs=99620812 management/command: input seq=61 gatt=1 mtu=517 source=background caller=background-input-poll bridge=Playing personality=idle sinceReadyMs=183620 sinceReplyMs=5017
         1787686418.412 16973 16973 D PicoSwitch: monoMs=99620815 management/request.write_begin: attempt=1 gatt=1 gattObj=0xf44bed6 state=Connected reason=foreground-auto retry=0/1 seq=61 type=input source=background characteristic=rx bytes=14 chunk=1/1
         1787686418.415 16973 16973 D PicoSwitch: monoMs=99620819 management/request.write_api: attempt=1 gatt=1 gattObj=0xf44bed6 state=Connected reason=foreground-auto retry=0/1 seq=61 type=input source=background characteristic=rx bytes=14 chunk=1/1 apiAccepted=true apiStatus=0
         1787686418.452 16973 16997 D PicoSwitch: monoMs=99620856 management/command.write: attempt=1 gatt=1 gattObj=0xf44bed6 state=Connected reason=foreground-auto retry=0/1 seq=61 type=input callback=1 status=0 source=background elapsedMs=50
         1787686418.454 16973 16997 D PicoSwitch: monoMs=99620858 management/response.first: attempt=1 gatt=1 gattObj=0xf44bed6 state=Connected reason=foreground-auto retry=0/1 seq=61 type=input source=background bytes=163 elapsedMs=52
         1787686418.457 16973 16973 D PicoSwitch: monoMs=99620861 management/request.complete: attempt=1 gatt=1 gattObj=0xf44bed6 state=Connected reason=foreground-auto retry=0/1 seq=61 type=input source=background elapsedMs=55 responseBytes=162
         1787686418.462 16973 16973 D PicoSwitch: monoMs=99620866 management/result: input: complete (162 bytes) seq=61 gatt=1 source=background elapsedMs=55 firstNotifyMs=52 notifications=1/163B writes=1
         1787686418.463 16973 16973 D PicoSwitch: monoMs=99620867 management/request.release: attempt=1 gatt=1 gattObj=0xf44bed6 state=Connected reason=foreground-auto retry=0/1 seq=61 type=input source=background elapsedMs=61
         1787686418.466 16973 16973 D PicoSwitch: monoMs=99620870 controller/source.auto_skipped: active=1; existing owner retained
         1787686423.472 16973 16973 D PicoSwitch: monoMs=99625875 management/request.queued: seq=62 type=input source=background workflow=background-input-poll gatt=1 gattObj=0xf44bed6 state=Connected timeoutMs=10000
         1787686423.475 16973 16973 D PicoSwitch: monoMs=99625878 management/request.begin: attempt=1 gatt=1 gattObj=0xf44bed6 state=Connected reason=foreground-auto retry=0/1 seq=62 type=input source=background workflow=background-input-poll queuedMs=4 preflightMs=0
         1787686423.481 16973 16973 D PicoSwitch: monoMs=99625885 management/command: input seq=62 gatt=1 mtu=517 source=background caller=background-input-poll bridge=Playing personality=idle sinceReadyMs=188692 sinceReplyMs=5017
         1787686423.483 16973 16973 D PicoSwitch: monoMs=99625887 management/request.write_begin: attempt=1 gatt=1 gattObj=0xf44bed6 state=Connected reason=foreground-auto retry=0/1 seq=62 type=input source=background characteristic=rx bytes=14 chunk=1/1
         1787686423.486 16973 16973 D PicoSwitch: monoMs=99625890 management/request.write_api: attempt=1 gatt=1 gattObj=0xf44bed6 state=Connected reason=foreground-auto retry=0/1 seq=62 type=input source=background characteristic=rx bytes=14 chunk=1/1 apiAccepted=true apiStatus=0
         1787686423.522 16973 16997 D PicoSwitch: monoMs=99625926 management/command.write: attempt=1 gatt=1 gattObj=0xf44bed6 state=Connected reason=foreground-auto retry=0/1 seq=62 type=input callback=1 status=0 source=background elapsedMs=48
         1787686423.525 16973 16997 D PicoSwitch: monoMs=99625929 management/response.first: attempt=1 gatt=1 gattObj=0xf44bed6 state=Connected reason=foreground-auto retry=0/1 seq=62 type=input source=background bytes=163 elapsedMs=51
         1787686423.528 16973 16973 D PicoSwitch: monoMs=99625931 management/request.complete: attempt=1 gatt=1 gattObj=0xf44bed6 state=Connected reason=foreground-auto retry=0/1 seq=62 type=input source=background elapsedMs=53 responseBytes=162
         1787686423.534 16973 16973 D PicoSwitch: monoMs=99625938 management/result: input: complete (162 bytes) seq=62 gatt=1 source=background elapsedMs=53 firstNotifyMs=51 notifications=1/163B writes=1
         1787686423.536 16973 16973 D PicoSwitch: monoMs=99625940 management/request.release: attempt=1 gatt=1 gattObj=0xf44bed6 state=Connected reason=foreground-auto retry=0/1 seq=62 type=input source=background elapsedMs=62
         1787686423.540 16973 16973 D PicoSwitch: monoMs=99625944 controller/source.auto_skipped: active=1; existing owner retained
         1787686428.549 16973 16973 D PicoSwitch: monoMs=99630951 management/request.queued: seq=63 type=input source=background workflow=background-input-poll gatt=1 gattObj=0xf44bed6 state=Connected timeoutMs=10000
         1787686428.551 16973 16973 D PicoSwitch: monoMs=99630955 management/request.begin: attempt=1 gatt=1 gattObj=0xf44bed6 state=Connected reason=foreground-auto retry=0/1 seq=63 type=input source=background workflow=background-input-poll queuedMs=4 preflightMs=0
         1787686428.557 16973 16973 D PicoSwitch: monoMs=99630960 management/command: input seq=63 gatt=1 mtu=517 source=background caller=background-input-poll bridge=Playing personality=idle sinceReadyMs=193768 sinceReplyMs=5023
         1787686428.561 16973 16973 D PicoSwitch: monoMs=99630964 management/request.write_begin: attempt=1 gatt=1 gattObj=0xf44bed6 state=Connected reason=foreground-auto retry=0/1 seq=63 type=input source=background characteristic=rx bytes=14 chunk=1/1
         1787686428.566 16973 16973 D PicoSwitch: monoMs=99630969 management/request.write_api: attempt=1 gatt=1 gattObj=0xf44bed6 state=Connected reason=foreground-auto retry=0/1 seq=63 type=input source=background characteristic=rx bytes=14 chunk=1/1 apiAccepted=true apiStatus=0
         1787686428.626 16973 16997 D PicoSwitch: monoMs=99631029 management/command.write: attempt=1 gatt=1 gattObj=0xf44bed6 state=Connected reason=foreground-auto retry=0/1 seq=63 type=input callback=1 status=0 source=background elapsedMs=74
         1787686428.629 16973 17000 D PicoSwitch: monoMs=99631034 management/response.first: attempt=1 gatt=1 gattObj=0xf44bed6 state=Connected reason=foreground-auto retry=0/1 seq=63 type=input source=background bytes=163 elapsedMs=78
         1787686428.633 16973 16973 D PicoSwitch: monoMs=99631037 management/request.complete: attempt=1 gatt=1 gattObj=0xf44bed6 state=Connected reason=foreground-auto retry=0/1 seq=63 type=input source=background elapsedMs=83 responseBytes=162
         1787686428.638 16973 16973 D PicoSwitch: monoMs=99631042 management/result: input: complete (162 bytes) seq=63 gatt=1 source=background elapsedMs=83 firstNotifyMs=78 notifications=1/163B writes=1
         1787686428.640 16973 16973 D PicoSwitch: monoMs=99631044 management/request.release: attempt=1 gatt=1 gattObj=0xf44bed6 state=Connected reason=foreground-auto retry=0/1 seq=63 type=input source=background elapsedMs=89
         1787686428.643 16973 16973 D PicoSwitch: monoMs=99631047 controller/source.auto_skipped: active=1; existing owner retained
         1787686433.653 16973 16973 D PicoSwitch: monoMs=99636055 management/request.queued: seq=64 type=input source=background workflow=background-input-poll gatt=1 gattObj=0xf44bed6 state=Connected timeoutMs=10000
         1787686433.655 16973 16973 D PicoSwitch: monoMs=99636058 management/request.begin: attempt=1 gatt=1 gattObj=0xf44bed6 state=Connected reason=foreground-auto retry=0/1 seq=64 type=input source=background workflow=background-input-poll queuedMs=4 preflightMs=0
         1787686433.661 16973 16973 D PicoSwitch: monoMs=99636064 management/command: input seq=64 gatt=1 mtu=517 source=background caller=background-input-poll bridge=Playing personality=idle sinceReadyMs=198872 sinceReplyMs=5021
         1787686433.663 16973 16973 D PicoSwitch: monoMs=99636067 management/request.write_begin: attempt=1 gatt=1 gattObj=0xf44bed6 state=Connected reason=foreground-auto retry=0/1 seq=64 type=input source=background characteristic=rx bytes=14 chunk=1/1
         1787686433.667 16973 16973 D PicoSwitch: monoMs=99636072 management/request.write_api: attempt=1 gatt=1 gattObj=0xf44bed6 state=Connected reason=foreground-auto retry=0/1 seq=64 type=input source=background characteristic=rx bytes=14 chunk=1/1 apiAccepted=true apiStatus=0
         1787686433.722 16973 17000 D PicoSwitch: monoMs=99636126 management/command.write: attempt=1 gatt=1 gattObj=0xf44bed6 state=Connected reason=foreground-auto retry=0/1 seq=64 type=input callback=1 status=0 source=background elapsedMs=68
         1787686433.756 16973 17000 D PicoSwitch: monoMs=99636160 management/response.first: attempt=1 gatt=1 gattObj=0xf44bed6 state=Connected reason=foreground-auto retry=0/1 seq=64 type=input source=background bytes=163 elapsedMs=101
         1787686433.763 16973 16973 D PicoSwitch: monoMs=99636167 management/request.complete: attempt=1 gatt=1 gattObj=0xf44bed6 state=Connected reason=foreground-auto retry=0/1 seq=64 type=input source=background elapsedMs=109 responseBytes=162
         1787686433.766 16973 16973 D PicoSwitch: monoMs=99636171 management/result: input: complete (162 bytes) seq=64 gatt=1 source=background elapsedMs=109 firstNotifyMs=101 notifications=1/163B writes=1
         1787686433.767 16973 16973 D PicoSwitch: monoMs=99636172 management/request.release: attempt=1 gatt=1 gattObj=0xf44bed6 state=Connected reason=foreground-auto retry=0/1 seq=64 type=input source=background elapsedMs=113
         1787686433.770 16973 16973 D PicoSwitch: monoMs=99636175 controller/source.auto_skipped: active=1; existing owner retained
         1787686438.780 16973 16973 D PicoSwitch: monoMs=99641183 management/request.queued: seq=65 type=input source=background workflow=background-input-poll gatt=1 gattObj=0xf44bed6 state=Connected timeoutMs=10000
         1787686438.783 16973 16973 D PicoSwitch: monoMs=99641186 management/request.begin: attempt=1 gatt=1 gattObj=0xf44bed6 state=Connected reason=foreground-auto retry=0/1 seq=65 type=input source=background workflow=background-input-poll queuedMs=4 preflightMs=1
         1787686438.789 16973 16973 D PicoSwitch: monoMs=99641193 management/command: input seq=65 gatt=1 mtu=517 source=background caller=background-input-poll bridge=Playing personality=idle sinceReadyMs=204000 sinceReplyMs=5019
         1787686438.792 16973 16973 D PicoSwitch: monoMs=99641195 management/request.write_begin: attempt=1 gatt=1 gattObj=0xf44bed6 state=Connected reason=foreground-auto retry=0/1 seq=65 type=input source=background characteristic=rx bytes=14 chunk=1/1
         1787686438.798 16973 16973 D PicoSwitch: monoMs=99641201 management/request.write_api: attempt=1 gatt=1 gattObj=0xf44bed6 state=Connected reason=foreground-auto retry=0/1 seq=65 type=input source=background characteristic=rx bytes=14 chunk=1/1 apiAccepted=true apiStatus=0
         1787686438.854 16973 17000 D PicoSwitch: monoMs=99641258 management/command.write: attempt=1 gatt=1 gattObj=0xf44bed6 state=Connected reason=foreground-auto retry=0/1 seq=65 type=input callback=1 status=0 source=background elapsedMs=71
         1787686438.857 16973 17000 D PicoSwitch: monoMs=99641261 management/response.first: attempt=1 gatt=1 gattObj=0xf44bed6 state=Connected reason=foreground-auto retry=0/1 seq=65 type=input source=background bytes=163 elapsedMs=75
         1787686438.862 16973 16973 D PicoSwitch: monoMs=99641266 management/request.complete: attempt=1 gatt=1 gattObj=0xf44bed6 state=Connected reason=foreground-auto retry=0/1 seq=65 type=input source=background elapsedMs=79 responseBytes=162
         1787686438.866 16973 16973 D PicoSwitch: monoMs=99641270 management/result: input: complete (162 bytes) seq=65 gatt=1 source=background elapsedMs=79 firstNotifyMs=75 notifications=1/163B writes=1
         1787686438.867 16973 16973 D PicoSwitch: monoMs=99641271 management/request.release: attempt=1 gatt=1 gattObj=0xf44bed6 state=Connected reason=foreground-auto retry=0/1 seq=65 type=input source=background elapsedMs=85
         1787686438.870 16973 16973 D PicoSwitch: monoMs=99641274 controller/source.auto_skipped: active=1; existing owner retained
         1787686443.880 16973 16973 D PicoSwitch: monoMs=99646282 management/request.queued: seq=66 type=input source=background workflow=background-input-poll gatt=1 gattObj=0xf44bed6 state=Connected timeoutMs=10000
         1787686443.882 16973 16973 D PicoSwitch: monoMs=99646286 management/request.begin: attempt=1 gatt=1 gattObj=0xf44bed6 state=Connected reason=foreground-auto retry=0/1 seq=66 type=input source=background workflow=background-input-poll queuedMs=4 preflightMs=0
         1787686443.888 16973 16973 D PicoSwitch: monoMs=99646292 management/command: input seq=66 gatt=1 mtu=517 source=background caller=background-input-poll bridge=Playing personality=idle sinceReadyMs=209099 sinceReplyMs=5020
         1787686443.890 16973 16973 D PicoSwitch: monoMs=99646294 management/request.write_begin: attempt=1 gatt=1 gattObj=0xf44bed6 state=Connected reason=foreground-auto retry=0/1 seq=66 type=input source=background characteristic=rx bytes=14 chunk=1/1
         1787686443.895 16973 16973 D PicoSwitch: monoMs=99646298 management/request.write_api: attempt=1 gatt=1 gattObj=0xf44bed6 state=Connected reason=foreground-auto retry=0/1 seq=66 type=input source=background characteristic=rx bytes=14 chunk=1/1 apiAccepted=true apiStatus=0
         1787686443.955 16973 16997 D PicoSwitch: monoMs=99646358 management/command.write: attempt=1 gatt=1 gattObj=0xf44bed6 state=Connected reason=foreground-auto retry=0/1 seq=66 type=input callback=1 status=0 source=background elapsedMs=73
         1787686443.985 16973 17000 D PicoSwitch: monoMs=99646390 management/response.first: attempt=1 gatt=1 gattObj=0xf44bed6 state=Connected reason=foreground-auto retry=0/1 seq=66 type=input source=background bytes=163 elapsedMs=104
         1787686443.989 16973 16973 D PicoSwitch: monoMs=99646393 management/request.complete: attempt=1 gatt=1 gattObj=0xf44bed6 state=Connected reason=foreground-auto retry=0/1 seq=66 type=input source=background elapsedMs=108 responseBytes=162
         1787686443.994 16973 16973 D PicoSwitch: monoMs=99646398 management/result: input: complete (162 bytes) seq=66 gatt=1 source=background elapsedMs=108 firstNotifyMs=104 notifications=1/163B writes=1
         1787686443.995 16973 16973 D PicoSwitch: monoMs=99646399 management/request.release: attempt=1 gatt=1 gattObj=0xf44bed6 state=Connected reason=foreground-auto retry=0/1 seq=66 type=input source=background elapsedMs=114
         1787686443.998 16973 16973 D PicoSwitch: monoMs=99646403 controller/source.auto_skipped: active=1; existing owner retained
         1787686449.008 16973 16973 D PicoSwitch: monoMs=99651411 management/request.queued: seq=67 type=input source=background workflow=background-input-poll gatt=1 gattObj=0xf44bed6 state=Connected timeoutMs=10000
         1787686449.011 16973 16973 D PicoSwitch: monoMs=99651414 management/request.begin: attempt=1 gatt=1 gattObj=0xf44bed6 state=Connected reason=foreground-auto retry=0/1 seq=67 type=input source=background workflow=background-input-poll queuedMs=3 preflightMs=0
         1787686449.017 16973 16973 D PicoSwitch: monoMs=99651420 management/command: input seq=67 gatt=1 mtu=517 source=background caller=background-input-poll bridge=Playing personality=idle sinceReadyMs=214228 sinceReplyMs=5021
         1787686449.019 16973 16973 D PicoSwitch: monoMs=99651423 management/request.write_begin: attempt=1 gatt=1 gattObj=0xf44bed6 state=Connected reason=foreground-auto retry=0/1 seq=67 type=input source=background characteristic=rx bytes=14 chunk=1/1
         1787686449.023 16973 16973 D PicoSwitch: monoMs=99651427 management/request.write_api: attempt=1 gatt=1 gattObj=0xf44bed6 state=Connected reason=foreground-auto retry=0/1 seq=67 type=input source=background characteristic=rx bytes=14 chunk=1/1 apiAccepted=true apiStatus=0
         1787686449.085 16973 17000 D PicoSwitch: monoMs=99651488 management/command.write: attempt=1 gatt=1 gattObj=0xf44bed6 state=Connected reason=foreground-auto retry=0/1 seq=67 type=input callback=1 status=0 source=background elapsedMs=74
         1787686449.087 16973 17000 D PicoSwitch: monoMs=99651491 management/response.first: attempt=1 gatt=1 gattObj=0xf44bed6 state=Connected reason=foreground-auto retry=0/1 seq=67 type=input source=background bytes=163 elapsedMs=76
         1787686449.093 16973 16973 D PicoSwitch: monoMs=99651496 management/request.complete: attempt=1 gatt=1 gattObj=0xf44bed6 state=Connected reason=foreground-auto retry=0/1 seq=67 type=input source=background elapsedMs=82 responseBytes=162
         1787686449.099 16973 16973 D PicoSwitch: monoMs=99651502 management/result: input: complete (162 bytes) seq=67 gatt=1 source=background elapsedMs=82 firstNotifyMs=76 notifications=1/163B writes=1
         1787686449.101 16973 16973 D PicoSwitch: monoMs=99651504 management/request.release: attempt=1 gatt=1 gattObj=0xf44bed6 state=Connected reason=foreground-auto retry=0/1 seq=67 type=input source=background elapsedMs=90
         1787686449.103 16973 16973 D PicoSwitch: monoMs=99651508 controller/source.auto_skipped: active=1; existing owner retained
         1787686454.113 16973 16973 D PicoSwitch: monoMs=99656515 management/request.queued: seq=68 type=input source=background workflow=background-input-poll gatt=1 gattObj=0xf44bed6 state=Connected timeoutMs=10000
         1787686454.115 16973 16973 D PicoSwitch: monoMs=99656519 management/request.begin: attempt=1 gatt=1 gattObj=0xf44bed6 state=Connected reason=foreground-auto retry=0/1 seq=68 type=input source=background workflow=background-input-poll queuedMs=4 preflightMs=0
         1787686454.123 16973 16973 D PicoSwitch: monoMs=99656527 management/command: input seq=68 gatt=1 mtu=517 source=background caller=background-input-poll bridge=Playing personality=idle sinceReadyMs=219332 sinceReplyMs=5022
         1787686454.125 16973 16973 D PicoSwitch: monoMs=99656529 management/request.write_begin: attempt=1 gatt=1 gattObj=0xf44bed6 state=Connected reason=foreground-auto retry=0/1 seq=68 type=input source=background characteristic=rx bytes=14 chunk=1/1
         1787686454.129 16973 16973 D PicoSwitch: monoMs=99656533 management/request.write_api: attempt=1 gatt=1 gattObj=0xf44bed6 state=Connected reason=foreground-auto retry=0/1 seq=68 type=input source=background characteristic=rx bytes=14 chunk=1/1 apiAccepted=true apiStatus=0
         1787686454.186 16973 17000 D PicoSwitch: monoMs=99656589 management/command.write: attempt=1 gatt=1 gattObj=0xf44bed6 state=Connected reason=foreground-auto retry=0/1 seq=68 type=input callback=1 status=0 source=background elapsedMs=70
         1787686454.188 16973 17000 D PicoSwitch: monoMs=99656592 management/response.first: attempt=1 gatt=1 gattObj=0xf44bed6 state=Connected reason=foreground-auto retry=0/1 seq=68 type=input source=background bytes=163 elapsedMs=73
         1787686454.191 16973 16973 D PicoSwitch: monoMs=99656594 management/request.complete: attempt=1 gatt=1 gattObj=0xf44bed6 state=Connected reason=foreground-auto retry=0/1 seq=68 type=input source=background elapsedMs=76 responseBytes=162
         1787686454.197 16973 16973 D PicoSwitch: monoMs=99656600 management/result: input: complete (162 bytes) seq=68 gatt=1 source=background elapsedMs=76 firstNotifyMs=73 notifications=1/163B writes=1
         1787686454.199 16973 16973 D PicoSwitch: monoMs=99656603 management/request.release: attempt=1 gatt=1 gattObj=0xf44bed6 state=Connected reason=foreground-auto retry=0/1 seq=68 type=input source=background elapsedMs=84
         1787686454.203 16973 16973 D PicoSwitch: monoMs=99656608 controller/source.auto_skipped: active=1; existing owner retained
         1787686459.215 16973 16973 D PicoSwitch: monoMs=99661617 management/request.queued: seq=69 type=input source=background workflow=background-input-poll gatt=1 gattObj=0xf44bed6 state=Connected timeoutMs=10000
         1787686459.217 16973 16973 D PicoSwitch: monoMs=99661621 management/request.begin: attempt=1 gatt=1 gattObj=0xf44bed6 state=Connected reason=foreground-auto retry=0/1 seq=69 type=input source=background workflow=background-input-poll queuedMs=4 preflightMs=0
         1787686459.223 16973 16973 D PicoSwitch: monoMs=99661627 management/command: input seq=69 gatt=1 mtu=517 source=background caller=background-input-poll bridge=Playing personality=idle sinceReadyMs=224434 sinceReplyMs=5026
         1787686459.225 16973 16973 D PicoSwitch: monoMs=99661629 management/request.write_begin: attempt=1 gatt=1 gattObj=0xf44bed6 state=Connected reason=foreground-auto retry=0/1 seq=69 type=input source=background characteristic=rx bytes=14 chunk=1/1
         1787686459.230 16973 16973 D PicoSwitch: monoMs=99661634 management/request.write_api: attempt=1 gatt=1 gattObj=0xf44bed6 state=Connected reason=foreground-auto retry=0/1 seq=69 type=input source=background characteristic=rx bytes=14 chunk=1/1 apiAccepted=true apiStatus=0
         1787686459.285 16973 17000 D PicoSwitch: monoMs=99661689 management/command.write: attempt=1 gatt=1 gattObj=0xf44bed6 state=Connected reason=foreground-auto retry=0/1 seq=69 type=input callback=1 status=0 source=background elapsedMs=69
         1787686459.289 16973 17000 D PicoSwitch: monoMs=99661692 management/response.first: attempt=1 gatt=1 gattObj=0xf44bed6 state=Connected reason=foreground-auto retry=0/1 seq=69 type=input source=background bytes=163 elapsedMs=72
         1787686459.294 16973 16973 D PicoSwitch: monoMs=99661697 management/request.complete: attempt=1 gatt=1 gattObj=0xf44bed6 state=Connected reason=foreground-auto retry=0/1 seq=69 type=input source=background elapsedMs=77 responseBytes=162
         1787686459.300 16973 16973 D PicoSwitch: monoMs=99661704 management/result: input: complete (162 bytes) seq=69 gatt=1 source=background elapsedMs=77 firstNotifyMs=72 notifications=1/163B writes=1
         1787686459.302 16973 16973 D PicoSwitch: monoMs=99661705 management/request.release: attempt=1 gatt=1 gattObj=0xf44bed6 state=Connected reason=foreground-auto retry=0/1 seq=69 type=input source=background elapsedMs=85
         1787686459.306 16973 16973 D PicoSwitch: monoMs=99661710 controller/source.auto_skipped: active=1; existing owner retained
         1787686464.317 16973 16973 D PicoSwitch: monoMs=99666719 management/request.queued: seq=70 type=input source=background workflow=background-input-poll gatt=1 gattObj=0xf44bed6 state=Connected timeoutMs=10000
         1787686464.319 16973 16973 D PicoSwitch: monoMs=99666723 management/request.begin: attempt=1 gatt=1 gattObj=0xf44bed6 state=Connected reason=foreground-auto retry=0/1 seq=70 type=input source=background workflow=background-input-poll queuedMs=3 preflightMs=0
         1787686464.327 16973 16973 D PicoSwitch: monoMs=99666730 management/command: input seq=70 gatt=1 mtu=517 source=background caller=background-input-poll bridge=Playing personality=idle sinceReadyMs=229536 sinceReplyMs=5025
         1787686464.329 16973 16973 D PicoSwitch: monoMs=99666732 management/request.write_begin: attempt=1 gatt=1 gattObj=0xf44bed6 state=Connected reason=foreground-auto retry=0/1 seq=70 type=input source=background characteristic=rx bytes=14 chunk=1/1
         1787686464.334 16973 16973 D PicoSwitch: monoMs=99666738 management/request.write_api: attempt=1 gatt=1 gattObj=0xf44bed6 state=Connected reason=foreground-auto retry=0/1 seq=70 type=input source=background characteristic=rx bytes=14 chunk=1/1 apiAccepted=true apiStatus=0
         1787686464.386 16973 17000 D PicoSwitch: monoMs=99666790 management/command.write: attempt=1 gatt=1 gattObj=0xf44bed6 state=Connected reason=foreground-auto retry=0/1 seq=70 type=input callback=1 status=0 source=background elapsedMs=67
         1787686464.388 16973 17000 D PicoSwitch: monoMs=99666792 management/response.first: attempt=1 gatt=1 gattObj=0xf44bed6 state=Connected reason=foreground-auto retry=0/1 seq=70 type=input source=background bytes=163 elapsedMs=70
         1787686464.391 16973 16973 D PicoSwitch: monoMs=99666794 management/request.complete: attempt=1 gatt=1 gattObj=0xf44bed6 state=Connected reason=foreground-auto retry=0/1 seq=70 type=input source=background elapsedMs=72 responseBytes=162
         1787686464.398 16973 16973 D PicoSwitch: monoMs=99666801 management/result: input: complete (162 bytes) seq=70 gatt=1 source=background elapsedMs=72 firstNotifyMs=70 notifications=1/163B writes=1
         1787686464.399 16973 16973 D PicoSwitch: monoMs=99666803 management/request.release: attempt=1 gatt=1 gattObj=0xf44bed6 state=Connected reason=foreground-auto retry=0/1 seq=70 type=input source=background elapsedMs=81
         1787686464.402 16973 16973 D PicoSwitch: monoMs=99666806 controller/source.auto_skipped: active=1; existing owner retained
         1787686469.411 16973 16973 D PicoSwitch: monoMs=99671814 management/request.queued: seq=71 type=input source=background workflow=background-input-poll gatt=1 gattObj=0xf44bed6 state=Connected timeoutMs=10000
         1787686469.413 16973 16973 D PicoSwitch: monoMs=99671817 management/request.begin: attempt=1 gatt=1 gattObj=0xf44bed6 state=Connected reason=foreground-auto retry=0/1 seq=71 type=input source=background workflow=background-input-poll queuedMs=3 preflightMs=0
         1787686469.419 16973 16973 D PicoSwitch: monoMs=99671823 management/command: input seq=71 gatt=1 mtu=517 source=background caller=background-input-poll bridge=Playing personality=idle sinceReadyMs=234630 sinceReplyMs=5022
         1787686469.421 16973 16973 D PicoSwitch: monoMs=99671825 management/request.write_begin: attempt=1 gatt=1 gattObj=0xf44bed6 state=Connected reason=foreground-auto retry=0/1 seq=71 type=input source=background characteristic=rx bytes=14 chunk=1/1
         1787686469.426 16973 16973 D PicoSwitch: monoMs=99671830 management/request.write_api: attempt=1 gatt=1 gattObj=0xf44bed6 state=Connected reason=foreground-auto retry=0/1 seq=71 type=input source=background characteristic=rx bytes=14 chunk=1/1 apiAccepted=true apiStatus=0
         1787686469.486 16973 17000 D PicoSwitch: monoMs=99671890 management/command.write: attempt=1 gatt=1 gattObj=0xf44bed6 state=Connected reason=foreground-auto retry=0/1 seq=71 type=input callback=1 status=0 source=background elapsedMs=73
         1787686469.488 16973 17001 D PicoSwitch: monoMs=99671892 management/response.first: attempt=1 gatt=1 gattObj=0xf44bed6 state=Connected reason=foreground-auto retry=0/1 seq=71 type=input source=background bytes=163 elapsedMs=76
         1787686469.492 16973 16973 D PicoSwitch: monoMs=99671896 management/request.complete: attempt=1 gatt=1 gattObj=0xf44bed6 state=Connected reason=foreground-auto retry=0/1 seq=71 type=input source=background elapsedMs=79 responseBytes=162
         1787686469.497 16973 16973 D PicoSwitch: monoMs=99671900 management/result: input: complete (162 bytes) seq=71 gatt=1 source=background elapsedMs=79 firstNotifyMs=76 notifications=1/163B writes=1
         1787686469.498 16973 16973 D PicoSwitch: monoMs=99671902 management/request.release: attempt=1 gatt=1 gattObj=0xf44bed6 state=Connected reason=foreground-auto retry=0/1 seq=71 type=input source=background elapsedMs=86
         1787686469.502 16973 16973 D PicoSwitch: monoMs=99671906 controller/source.auto_skipped: active=1; existing owner retained
         1787686474.512 16973 16973 D PicoSwitch: monoMs=99676915 management/request.queued: seq=72 type=input source=background workflow=background-input-poll gatt=1 gattObj=0xf44bed6 state=Connected timeoutMs=10000
         1787686474.515 16973 16973 D PicoSwitch: monoMs=99676918 management/request.begin: attempt=1 gatt=1 gattObj=0xf44bed6 state=Connected reason=foreground-auto retry=0/1 seq=72 type=input source=background workflow=background-input-poll queuedMs=4 preflightMs=0
         1787686474.522 16973 16973 D PicoSwitch: monoMs=99676925 management/command: input seq=72 gatt=1 mtu=517 source=background caller=background-input-poll bridge=Playing personality=idle sinceReadyMs=239732 sinceReplyMs=5023
         1787686474.525 16973 16973 D PicoSwitch: monoMs=99676928 management/request.write_begin: attempt=1 gatt=1 gattObj=0xf44bed6 state=Connected reason=foreground-auto retry=0/1 seq=72 type=input source=background characteristic=rx bytes=14 chunk=1/1
         1787686474.529 16973 16973 D PicoSwitch: monoMs=99676932 management/request.write_api: attempt=1 gatt=1 gattObj=0xf44bed6 state=Connected reason=foreground-auto retry=0/1 seq=72 type=input source=background characteristic=rx bytes=14 chunk=1/1 apiAccepted=true apiStatus=0
         1787686474.587 16973 17001 D PicoSwitch: monoMs=99676990 management/command.write: attempt=1 gatt=1 gattObj=0xf44bed6 state=Connected reason=foreground-auto retry=0/1 seq=72 type=input callback=1 status=0 source=background elapsedMs=71
         1787686474.618 16973 17001 D PicoSwitch: monoMs=99677022 management/response.first: attempt=1 gatt=1 gattObj=0xf44bed6 state=Connected reason=foreground-auto retry=0/1 seq=72 type=input source=background bytes=163 elapsedMs=104
         1787686474.628 16973 16973 D PicoSwitch: monoMs=99677032 management/request.complete: attempt=1 gatt=1 gattObj=0xf44bed6 state=Connected reason=foreground-auto retry=0/1 seq=72 type=input source=background elapsedMs=114 responseBytes=162
         1787686474.632 16973 16973 D PicoSwitch: monoMs=99677036 management/result: input: complete (162 bytes) seq=72 gatt=1 source=background elapsedMs=114 firstNotifyMs=104 notifications=1/163B writes=1
         1787686474.633 16973 16973 D PicoSwitch: monoMs=99677037 management/request.release: attempt=1 gatt=1 gattObj=0xf44bed6 state=Connected reason=foreground-auto retry=0/1 seq=72 type=input source=background elapsedMs=119
         1787686474.635 16973 16973 D PicoSwitch: monoMs=99677040 controller/source.auto_skipped: active=1; existing owner retained
         1787686477.854 16973 17035 D PicoSwitch: monoMs=99680257 bridge/counters: in:cb=1 dec=1 rej=0 applied=1 motionGate=0 rumble=0 | out:sent=1 motionBlk=0 battBlk=1 imuSamples=0 battSamples=1
         1787686479.642 16973 16973 D PicoSwitch: monoMs=99682044 management/request.queued: seq=73 type=input source=background workflow=background-input-poll gatt=1 gattObj=0xf44bed6 state=Connected timeoutMs=10000
         1787686479.645 16973 16973 D PicoSwitch: monoMs=99682048 management/request.begin: attempt=1 gatt=1 gattObj=0xf44bed6 state=Connected reason=foreground-auto retry=0/1 seq=73 type=input source=background workflow=background-input-poll queuedMs=3 preflightMs=0
         1787686479.650 16973 16973 D PicoSwitch: monoMs=99682054 management/command: input seq=73 gatt=1 mtu=517 source=background caller=background-input-poll bridge=Playing personality=idle sinceReadyMs=244861 sinceReplyMs=5015
         1787686479.653 16973 16973 D PicoSwitch: monoMs=99682057 management/request.write_begin: attempt=1 gatt=1 gattObj=0xf44bed6 state=Connected reason=foreground-auto retry=0/1 seq=73 type=input source=background characteristic=rx bytes=14 chunk=1/1
         1787686479.658 16973 16973 D PicoSwitch: monoMs=99682062 management/request.write_api: attempt=1 gatt=1 gattObj=0xf44bed6 state=Connected reason=foreground-auto retry=0/1 seq=73 type=input source=background characteristic=rx bytes=14 chunk=1/1 apiAccepted=true apiStatus=0
         1787686479.716 16973 17001 D PicoSwitch: monoMs=99682120 management/command.write: attempt=1 gatt=1 gattObj=0xf44bed6 state=Connected reason=foreground-auto retry=0/1 seq=73 type=input callback=1 status=0 source=background elapsedMs=73
         1787686479.747 16973 17001 D PicoSwitch: monoMs=99682151 management/response.first: attempt=1 gatt=1 gattObj=0xf44bed6 state=Connected reason=foreground-auto retry=0/1 seq=73 type=input source=background bytes=163 elapsedMs=104
         1787686479.749 16973 16973 D PicoSwitch: monoMs=99682153 management/request.complete: attempt=1 gatt=1 gattObj=0xf44bed6 state=Connected reason=foreground-auto retry=0/1 seq=73 type=input source=background elapsedMs=106 responseBytes=162
         1787686479.753 16973 16973 D PicoSwitch: monoMs=99682157 management/result: input: complete (162 bytes) seq=73 gatt=1 source=background elapsedMs=106 firstNotifyMs=104 notifications=1/163B writes=1
         1787686479.754 16973 16973 D PicoSwitch: monoMs=99682158 management/request.release: attempt=1 gatt=1 gattObj=0xf44bed6 state=Connected reason=foreground-auto retry=0/1 seq=73 type=input source=background elapsedMs=111
         1787686479.756 16973 16973 D PicoSwitch: monoMs=99682160 controller/source.auto_skipped: active=1; existing owner retained
         1787686484.765 16973 16973 D PicoSwitch: monoMs=99687168 management/request.queued: seq=74 type=input source=background workflow=background-input-poll gatt=1 gattObj=0xf44bed6 state=Connected timeoutMs=10000
         1787686484.768 16973 16973 D PicoSwitch: monoMs=99687171 management/request.begin: attempt=1 gatt=1 gattObj=0xf44bed6 state=Connected reason=foreground-auto retry=0/1 seq=74 type=input source=background workflow=background-input-poll queuedMs=4 preflightMs=0
         1787686484.774 16973 16973 D PicoSwitch: monoMs=99687178 management/command: input seq=74 gatt=1 mtu=517 source=background caller=background-input-poll bridge=Playing personality=idle sinceReadyMs=249985 sinceReplyMs=5018
         1787686484.776 16973 16973 D PicoSwitch: monoMs=99687180 management/request.write_begin: attempt=1 gatt=1 gattObj=0xf44bed6 state=Connected reason=foreground-auto retry=0/1 seq=74 type=input source=background characteristic=rx bytes=14 chunk=1/1
         1787686484.781 16973 16973 D PicoSwitch: monoMs=99687184 management/request.write_api: attempt=1 gatt=1 gattObj=0xf44bed6 state=Connected reason=foreground-auto retry=0/1 seq=74 type=input source=background characteristic=rx bytes=14 chunk=1/1 apiAccepted=true apiStatus=0
         1787686484.817 16973 17001 D PicoSwitch: monoMs=99687221 management/command.write: attempt=1 gatt=1 gattObj=0xf44bed6 state=Connected reason=foreground-auto retry=0/1 seq=74 type=input callback=1 status=0 source=background elapsedMs=49
         1787686484.819 16973 17001 D PicoSwitch: monoMs=99687223 management/response.first: attempt=1 gatt=1 gattObj=0xf44bed6 state=Connected reason=foreground-auto retry=0/1 seq=74 type=input source=background bytes=163 elapsedMs=52
         1787686484.820 16973 16973 D PicoSwitch: monoMs=99687224 management/request.complete: attempt=1 gatt=1 gattObj=0xf44bed6 state=Connected reason=foreground-auto retry=0/1 seq=74 type=input source=background elapsedMs=53 responseBytes=162
         1787686484.822 16973 16973 D PicoSwitch: monoMs=99687226 management/result: input: complete (162 bytes) seq=74 gatt=1 source=background elapsedMs=53 firstNotifyMs=52 notifications=1/163B writes=1
         1787686484.822 16973 16973 D PicoSwitch: monoMs=99687227 management/request.release: attempt=1 gatt=1 gattObj=0xf44bed6 state=Connected reason=foreground-auto retry=0/1 seq=74 type=input source=background elapsedMs=56
         1787686484.824 16973 16973 D PicoSwitch: monoMs=99687228 controller/source.auto_skipped: active=1; existing owner retained
         1787686489.832 16973 16973 D PicoSwitch: monoMs=99692235 management/request.queued: seq=75 type=input source=background workflow=background-input-poll gatt=1 gattObj=0xf44bed6 state=Connected timeoutMs=10000
         1787686489.835 16973 16973 D PicoSwitch: monoMs=99692238 management/request.begin: attempt=1 gatt=1 gattObj=0xf44bed6 state=Connected reason=foreground-auto retry=0/1 seq=75 type=input source=background workflow=background-input-poll queuedMs=4 preflightMs=0
         1787686489.842 16973 16973 D PicoSwitch: monoMs=99692245 management/command: input seq=75 gatt=1 mtu=517 source=background caller=background-input-poll bridge=Playing personality=idle sinceReadyMs=255052 sinceReplyMs=5014
         1787686489.845 16973 16973 D PicoSwitch: monoMs=99692248 management/request.write_begin: attempt=1 gatt=1 gattObj=0xf44bed6 state=Connected reason=foreground-auto retry=0/1 seq=75 type=input source=background characteristic=rx bytes=14 chunk=1/1
         1787686489.850 16973 16973 D PicoSwitch: monoMs=99692254 management/request.write_api: attempt=1 gatt=1 gattObj=0xf44bed6 state=Connected reason=foreground-auto retry=0/1 seq=75 type=input source=background characteristic=rx bytes=14 chunk=1/1 apiAccepted=true apiStatus=0
         1787686489.887 16973 17001 D PicoSwitch: monoMs=99692291 management/command.write: attempt=1 gatt=1 gattObj=0xf44bed6 state=Connected reason=foreground-auto retry=0/1 seq=75 type=input callback=1 status=0 source=background elapsedMs=52
         1787686489.889 16973 17001 D PicoSwitch: monoMs=99692293 management/response.first: attempt=1 gatt=1 gattObj=0xf44bed6 state=Connected reason=foreground-auto retry=0/1 seq=75 type=input source=background bytes=163 elapsedMs=55
         1787686489.893 16973 16973 D PicoSwitch: monoMs=99692297 management/request.complete: attempt=1 gatt=1 gattObj=0xf44bed6 state=Connected reason=foreground-auto retry=0/1 seq=75 type=input source=background elapsedMs=58 responseBytes=162
         1787686489.900 16973 16973 D PicoSwitch: monoMs=99692303 management/result: input: complete (162 bytes) seq=75 gatt=1 source=background elapsedMs=58 firstNotifyMs=55 notifications=1/163B writes=1
         1787686489.902 16973 16973 D PicoSwitch: monoMs=99692305 management/request.release: attempt=1 gatt=1 gattObj=0xf44bed6 state=Connected reason=foreground-auto retry=0/1 seq=75 type=input source=background elapsedMs=67
         1787686489.904 16973 16973 D PicoSwitch: monoMs=99692308 controller/source.auto_skipped: active=1; existing owner retained
