// GENERATED by tools/gen_motion40_fixture.py -- do not edit by hand.
//
// Genuine catch-up length-0x28 PDUs captured from a Nintendo Switch 2
// Pro Controller 2, paired with the fields tools/ns2_motion_reference.py
// decoded from them. That decoder re-encodes the whole corpus byte for
// byte, so these fields are hardware-validated, not assumed.
//
// The C packer must rebuild `bytes` from `fields` exactly. A round trip
// against its own encoder would prove nothing; this compares against
// hardware through an independent implementation.
//
// packets: 981   captures: 11
// sha256(concatenated PDUs): 064e2426f44a3d710827edc31ad4322355f779614547a75da002717cd7d2dc37

#ifndef NS2_MOTION40_CATCHUP_FIXTURE_H
#define NS2_MOTION40_CATCHUP_FIXTURE_H

#include <stdint.h>

typedef struct {
    uint16_t tick;
    uint16_t elapsed_ticks;
    uint8_t  status;
    uint8_t  packing_mode;
    uint8_t  tail_bit;
    int32_t  carrier[3];
    int32_t  accel[3][3];
    int32_t  gyro[2][3];
    uint8_t  bytes[40];
} ns2_motion40_catchup_fixture_t;

#define NS2_MOTION40_CATCHUP_FIXTURE_COUNT 981u

static const ns2_motion40_catchup_fixture_t
    ns2_motion40_catchup_fixtures[NS2_MOTION40_CATCHUP_FIXTURE_COUNT] = {
    {3206, 15, 0x0F, 3, 0, {-1431472, 990593, -3204007}, {{79, -708, 4245}, {39, -353, 2122}, {77, -706, 4246}}, {{-4, -10, 2}, {-6, -9, 7}}, {0x86,0xFC,0x00,0x0F,0x43,0xA1,0xA8,0x81,0x1D,0x2F,0x8B,0xE3,0xF9,0x04,0xF0,0xF4,0x95,0x10,0xFF,0xBF,0xFD,0xBF,0x00,0xC0,0x09,0xF8,0xF4,0x4A,0x48,0xFF,0xFF,0xFE,0xFF,0x00,0xA0,0x09,0xF0,0xE9,0x2D,0x21}},
    {3276, 15, 0x0F, 3, 0, {-1431968, 990229, -3203703}, {{79, -708, 4253}, {39, -354, 2125}, {78, -707, 4246}}, {{-4, -9, 3}, {-2, -7, 6}}, {0xCC,0xFC,0x00,0x0F,0x83,0x99,0xA8,0x15,0x1C,0x2F,0xB1,0xE3,0xF9,0x04,0xF0,0xF4,0x9D,0x10,0xFF,0xFF,0xFD,0xFF,0x00,0xC0,0x09,0xF0,0xF4,0x4D,0xC8,0xFF,0x3F,0xFF,0xDF,0x00,0xC0,0x09,0xE8,0xE9,0x2D,0x21}},
    {3373, 15, 0x0F, 3, 0, {-1432536, 989685, -3203267}, {{77, -709, 4248}, {39, -354, 2123}, {78, -708, 4247}}, {{1, -4, 5}, {1, -7, 6}}, {0x2D,0xFD,0x00,0x0F,0xA3,0x90,0xA8,0xF5,0x19,0xAF,0xE7,0xE3,0xD9,0x04,0xEC,0xF4,0x98,0x50,0x00,0x00,0xFF,0x7F,0x01,0xC0,0x09,0xF0,0xF4,0x4B,0x28,0x00,0x20,0xFF,0xDF,0x00,0xC0,0x09,0xE0,0xE9,0x2F,0x21}},
    {3457, 15, 0x0F, 3, 0, {-1432928, 989321, -3202963}, {{82, -708, 4253}, {40, -355, 2127}, {79, -708, 4254}}, {{-7, -8, 5}, {-6, -7, 10}}, {0x81,0xFD,0x00,0x0F,0x83,0x8A,0xA8,0x89,0x18,0xAF,0x0D,0xE4,0x29,0x05,0xF0,0xF4,0x9D,0x50,0xFE,0x3F,0xFE,0x7F,0x01,0x00,0x0A,0xE8,0xF4,0x4F,0x48,0xFF,0x3F,0xFF,0x5F,0x01,0xE0,0x09,0xE0,0xE9,0x3D,0x21}},
    {3484, 15, 0x0F, 3, 0, {-1433048, 989153, -3202831}, {{81, -709, 4250}, {40, -354, 2124}, {82, -706, 4248}}, {{-4, -3, 6}, {-6, -5, 1}}, {0x9C,0xFD,0x00,0x0F,0xA3,0x88,0xA8,0xE1,0x17,0x2F,0x1E,0xE4,0x19,0x05,0xEC,0xF4,0x9A,0x10,0xFF,0x7F,0xFF,0xBF,0x01,0x00,0x0A,0xF0,0xF4,0x4C,0x48,0xFF,0x7F,0xFF,0x3F,0x00,0x40,0x0A,0xF0,0xE9,0x31,0x21}},
    {3554, 15, 0x0F, 3, 0, {-1433560, 988789, -3202615}, {{78, -709, 4243}, {39, -354, 2124}, {80, -709, 4252}}, {{-5, -8, 6}, {-6, -11, 9}}, {0xE2,0xFD,0x00,0x0F,0xA3,0x80,0xA8,0x75,0x16,0x2F,0x39,0xE4,0xE9,0x04,0xEC,0xF4,0x93,0xD0,0xFE,0x3F,0xFE,0xBF,0x01,0xC0,0x09,0xF0,0xF4,0x4C,0x48,0xFF,0xBF,0xFE,0x3F,0x01,0x00,0x0A,0xD8,0xE9,0x39,0x21}},
    {10, 15, 0x0F, 3, 0, {-2069112, 459073, -2771787}, {{80, -711, 4250}, {39, -354, 2126}, {80, -709, 4255}}, {{-5, -4, 4}, {-3, -2, -1}}, {0x0A,0xF0,0x00,0x0F,0x23,0xB6,0x81,0x41,0x01,0xA7,0x96,0xB6,0x0A,0x05,0xE4,0xF4,0x9A,0xD0,0xFE,0x3F,0xFF,0x3F,0x01,0xC0,0x09,0xF0,0xF4,0x4E,0xA8,0xFF,0xDF,0xFF,0xFF,0xFF,0x1F,0x0A,0xD8,0xE9,0x3F,0x21}},
    {26, 16, 0x0F, 3, 0, {-2069176, 458997, -2771743}, {{79, -708, 4257}, {40, -354, 2125}, {80, -708, 4252}}, {{-2, -9, 6}, {-2, -8, 4}}, {0x1A,0x00,0x01,0x0F,0x23,0xB5,0x81,0xF5,0x00,0x27,0x9C,0xB6,0xFA,0x04,0xF0,0xF4,0xA1,0x90,0xFF,0xFF,0xFD,0xBF,0x01,0x00,0x0A,0xF0,0xF4,0x4D,0xC8,0xFF,0x1F,0xFF,0x9F,0x00,0x00,0x0A,0xE0,0xE9,0x39,0x21}},
    {56, 16, 0x0F, 3, 0, {-2069336, 458821, -2771567}, {{79, -707, 4251}, {40, -354, 2125}, {80, -706, 4251}}, {{-3, -5, 1}, {-7, -5, 7}}, {0x38,0x00,0x01,0x0F,0xA3,0xB2,0x81,0x45,0x00,0x27,0xB2,0xB6,0xFA,0x04,0xF4,0xF4,0x9B,0x50,0xFF,0xFF,0xFE,0x7F,0x00,0x00,0x0A,0xF0,0xF4,0x4D,0x28,0xFF,0x7F,0xFF,0xFF,0x00,0x00,0x0A,0xF0,0xE9,0x37,0x21}},
    {100, 16, 0x0F, 3, 0, {-2069640, 458561, -2771383}, {{78, -708, 4251}, {38, -354, 2124}, {77, -707, 4248}}, {{-5, -7, 4}, {-4, -4, 5}}, {0x64,0x00,0x01,0x0F,0xE3,0xAD,0x81,0x41,0xFF,0x26,0xC9,0xB6,0xEA,0x04,0xF0,0xF4,0x9B,0xD0,0xFE,0x7F,0xFE,0x3F,0x01,0x80,0x09,0xF0,0xF4,0x4C,0x88,0xFF,0x9F,0xFF,0xBF,0x00,0xA0,0x09,0xE8,0xE9,0x31,0x21}},
    {115, 15, 0x0F, 3, 0, {-2069744, 458465, -2771319}, {{75, -710, 4249}, {38, -355, 2125}, {79, -708, 4251}}, {{-6, -9, 4}, {-4, -5, 3}}, {0x73,0xF0,0x00,0x0F,0x43,0xAC,0x81,0xE1,0xFE,0x26,0xD1,0xB6,0xBA,0x04,0xE8,0xF4,0x99,0x90,0xFE,0xFF,0xFD,0x3F,0x01,0x80,0x09,0xE8,0xF4,0x4D,0x88,0xFF,0x7F,0xFF,0x7F,0x00,0xE0,0x09,0xE0,0xE9,0x37,0x21}},
    {145, 16, 0x0F, 3, 0, {-2069984, 458285, -2771207}, {{79, -710, 4254}, {40, -355, 2125}, {78, -707, 4250}}, {{-5, -5, 6}, {-4, -3, 7}}, {0x91,0x00,0x01,0x0F,0x83,0xA8,0x81,0x2D,0xFE,0x26,0xDF,0xB6,0xFA,0x04,0xE8,0xF4,0x9E,0xD0,0xFE,0xFF,0xFE,0xBF,0x01,0x00,0x0A,0xE8,0xF4,0x4D,0x88,0xFF,0xBF,0xFF,0xFF,0x00,0xC0,0x09,0xE8,0xE9,0x35,0x21}},
    {175, 16, 0x0F, 3, 0, {-2070192, 458105, -2771115}, {{80, -708, 4253}, {40, -354, 2126}, {80, -709, 4251}}, {{-3, -8, 4}, {-1, -7, 9}}, {0xAF,0x00,0x01,0x0F,0x43,0xA5,0x81,0x79,0xFD,0xA6,0xEA,0xB6,0x0A,0x05,0xF0,0xF4,0x9D,0x50,0xFF,0x3F,0xFE,0x3F,0x01,0x00,0x0A,0xF0,0xF4,0x4E,0xE8,0xFF,0x3F,0xFF,0x3F,0x01,0x00,0x0A,0xD8,0xE9,0x37,0x21}},
    {204, 15, 0x0F, 3, 0, {-2070344, 457929, -2770983}, {{79, -707, 4248}, {39, -354, 2124}, {82, -708, 4247}}, {{-5, -3, 8}, {-7, -4, 7}}, {0xCC,0xF0,0x00,0x0F,0xE3,0xA2,0x81,0xC9,0xFC,0x26,0xFB,0xB6,0xFA,0x04,0xF4,0xF4,0x98,0xD0,0xFE,0x7F,0xFF,0x3F,0x02,0xC0,0x09,0xF0,0xF4,0x4C,0x28,0xFF,0x9F,0xFF,0xFF,0x00,0x40,0x0A,0xE0,0xE9,0x2F,0x21}},
    {219, 15, 0x0F, 3, 0, {-2070496, 457865, -2770895}, {{81, -708, 4248}, {40, -353, 2125}, {79, -707, 4248}}, {{-10, -7, 7}, {-5, -5, 4}}, {0xDB,0xF0,0x00,0x0F,0x83,0xA0,0x81,0x89,0xFC,0x26,0x06,0xB7,0x1A,0x05,0xF0,0xF4,0x98,0x90,0xFD,0x7F,0xFE,0xFF,0x01,0x00,0x0A,0xF8,0xF4,0x4D,0x68,0xFF,0x7F,0xFF,0x9F,0x00,0xE0,0x09,0xE8,0xE9,0x31,0x21}},
    {234, 15, 0x0F, 3, 0, {-2070632, 457749, -2770819}, {{79, -709, 4249}, {40, -355, 2125}, {82, -711, 4251}}, {{0, -7, 7}, {1, -5, 7}}, {0xEA,0xF0,0x00,0x0F,0x63,0x9E,0x81,0x15,0xFC,0xA6,0x0F,0xB7,0xFA,0x04,0xEC,0xF4,0x99,0x10,0x00,0x40,0xFE,0xFF,0x01,0x00,0x0A,0xE8,0xF4,0x4D,0x28,0x00,0x60,0xFF,0xFF,0x00,0x40,0x0A,0xC8,0xE9,0x37,0x21}},
    {264, 16, 0x0F, 3, 0, {-2070784, 457593, -2770607}, {{78, -710, 4255}, {38, -354, 2126}, {76, -708, 4254}}, {{-1, -3, 7}, {-1, -5, 6}}, {0x08,0x01,0x01,0x0F,0x03,0x9C,0x81,0x79,0xFB,0x26,0x2A,0xB7,0xEA,0x04,0xE8,0xF4,0x9F,0xD0,0xFF,0x7F,0xFF,0xFF,0x01,0x80,0x09,0xF0,0xF4,0x4E,0xE8,0xFF,0x7F,0xFF,0xDF,0x00,0x80,0x09,0xE0,0xE9,0x3D,0x21}},
    {294, 16, 0x0F, 3, 0, {-2070992, 457437, -2770423}, {{78, -707, 4256}, {39, -354, 2126}, {78, -706, 4252}}, {{-4, -7, 5}, {-7, -5, 12}}, {0x26,0x01,0x01,0x0F,0xC3,0x98,0x81,0xDD,0xFA,0x26,0x41,0xB7,0xEA,0x04,0xF4,0xF4,0xA0,0x10,0xFF,0x7F,0xFE,0x7F,0x01,0xC0,0x09,0xF0,0xF4,0x4E,0x28,0xFF,0x7F,0xFF,0x9F,0x01,0xC0,0x09,0xF0,0xE9,0x39,0x21}},
    {323, 15, 0x0F, 3, 0, {-2071296, 457277, -2770211}, {{80, -709, 4252}, {40, -356, 2126}, {80, -709, 4253}}, {{-5, -7, 9}, {-3, -2, 6}}, {0x43,0xF1,0x00,0x0F,0x03,0x94,0x81,0x3D,0xFA,0xA6,0x5B,0xB7,0x0A,0x05,0xEC,0xF4,0x9C,0xD0,0xFE,0x7F,0xFE,0x7F,0x02,0x00,0x0A,0xE0,0xF4,0x4E,0xA8,0xFF,0xDF,0xFF,0xDF,0x00,0x00,0x0A,0xD8,0xE9,0x3B,0x21}},
    {339, 16, 0x0F, 3, 0, {-2071416, 457221, -2770123}, {{80, -710, 4252}, {40, -356, 2125}, {79, -711, 4252}}, {{-2, -6, 8}, {-5, -6, 7}}, {0x53,0x01,0x01,0x0F,0x23,0x92,0x81,0x05,0xFA,0xA6,0x66,0xB7,0x0A,0x05,0xE8,0xF4,0x9C,0x90,0xFF,0xBF,0xFE,0x3F,0x02,0x00,0x0A,0xE0,0xF4,0x4D,0x68,0xFF,0x5F,0xFF,0xFF,0x00,0xE0,0x09,0xC8,0xE9,0x39,0x21}},
    {383, 16, 0x0F, 3, 0, {-2071680, 456957, -2769875}, {{79, -708, 4251}, {39, -356, 2122}, {74, -709, 4243}}, {{-4, -6, 6}, {-7, -8, 10}}, {0x7F,0x01,0x01,0x0F,0x03,0x8E,0x81,0xFD,0xF8,0xA6,0x85,0xB7,0xFA,0x04,0xF0,0xF4,0x9B,0x10,0xFF,0xBF,0xFE,0xBF,0x01,0xC0,0x09,0xE0,0xF4,0x4A,0x28,0xFF,0x1F,0xFF,0x5F,0x01,0x40,0x09,0xD8,0xE9,0x27,0x21}},
    {413, 16, 0x0F, 3, 0, {-2071904, 456817, -2769715}, {{81, -707, 4249}, {40, -354, 2125}, {81, -707, 4252}}, {{-4, -6, 4}, {-4, -5, 4}}, {0x9D,0x01,0x01,0x0F,0x83,0x8A,0x81,0x71,0xF8,0xA6,0x99,0xB7,0x1A,0x05,0xF4,0xF4,0x99,0x10,0xFF,0xBF,0xFE,0x3F,0x01,0x00,0x0A,0xF0,0xF4,0x4D,0x88,0xFF,0x7F,0xFF,0x9F,0x00,0x20,0x0A,0xE8,0xE9,0x39,0x21}},
    {428, 15, 0x0F, 3, 0, {-2072024, 456741, -2769635}, {{80, -709, 4251}, {41, -355, 2127}, {81, -710, 4255}}, {{-5, -6, 8}, {0, -8, 12}}, {0xAC,0xF1,0x00,0x0F,0xA3,0x88,0x81,0x25,0xF8,0xA6,0xA3,0xB7,0x0A,0x05,0xEC,0xF4,0x9B,0xD0,0xFE,0xBF,0xFE,0x3F,0x02,0x40,0x0A,0xE8,0xF4,0x4F,0x08,0x00,0x00,0xFF,0x9F,0x01,0x20,0x0A,0xD0,0xE9,0x3F,0x21}},
    {458, 16, 0x0F, 3, 0, {-2072232, 456597, -2769471}, {{78, -710, 4247}, {39, -354, 2124}, {79, -709, 4248}}, {{-7, -5, 9}, {-3, -1, 5}}, {0xCA,0x01,0x01,0x0F,0x63,0x85,0x81,0x95,0xF7,0x26,0xB8,0xB7,0xEA,0x04,0xE8,0xF4,0x97,0x50,0xFE,0xFF,0xFE,0x7F,0x02,0xC0,0x09,0xF0,0xF4,0x4C,0xA8,0xFF,0xFF,0xFF,0xBF,0x00,0xE0,0x09,0xD8,0xE9,0x31,0x21}},
    {502, 16, 0x0F, 3, 0, {-2072592, 456365, -2769243}, {{83, -710, 4248}, {41, -354, 2123}, {80, -707, 4251}}, {{-2, -3, 7}, {-4, -5, 5}}, {0xF6,0x01,0x01,0x0F,0xC3,0x7F,0x81,0xAD,0xF6,0xA6,0xD4,0xB7,0x3A,0x05,0xE8,0xF4,0x98,0x90,0xFF,0x7F,0xFF,0xFF,0x01,0x40,0x0A,0xF0,0xF4,0x4B,0x88,0xFF,0x7F,0xFF,0xBF,0x00,0x00,0x0A,0xE8,0xE9,0x37,0x21}},
    {532, 16, 0x0F, 3, 0, {-2072832, 456189, -2769059}, {{79, -709, 4247}, {40, -355, 2126}, {78, -711, 4251}}, {{-4, -6, 5}, {-4, -12, 0}}, {0x14,0x02,0x01,0x0F,0x03,0x7C,0x81,0xFD,0xF5,0xA6,0xEB,0xB7,0xFA,0x04,0xEC,0xF4,0x97,0x10,0xFF,0xBF,0xFE,0x7F,0x01,0x00,0x0A,0xE8,0xF4,0x4E,0x88,0xFF,0x9F,0xFE,0x1F,0x00,0xC0,0x09,0xC8,0xE9,0x37,0x21}},
    {547, 15, 0x0F, 3, 0, {-2072896, 456069, -2769027}, {{79, -709, 4250}, {39, -355, 2124}, {79, -708, 4247}}, {{-3, -5, 3}, {-2, -8, 9}}, {0x23,0xF2,0x00,0x0F,0x03,0x7B,0x81,0x85,0xF5,0xA6,0xEF,0xB7,0xFA,0x04,0xEC,0xF4,0x9A,0x50,0xFF,0xFF,0xFE,0xFF,0x00,0xC0,0x09,0xE8,0xF4,0x4C,0xC8,0xFF,0x1F,0xFF,0x3F,0x01,0xE0,0x09,0xE0,0xE9,0x2F,0x21}},
    {577, 16, 0x0F, 3, 0, {-2073072, 455925, -2768855}, {{77, -706, 4250}, {39, -353, 2127}, {78, -707, 4253}}, {{-3, -4, 10}, {-3, -5, 5}}, {0x41,0x02,0x01,0x0F,0x43,0x78,0x81,0xF5,0xF4,0x26,0x05,0xB8,0xDA,0x04,0xF8,0xF4,0x9A,0x50,0xFF,0x3F,0xFF,0xBF,0x02,0xC0,0x09,0xF8,0xF4,0x4F,0xA8,0xFF,0x7F,0xFF,0xBF,0x00,0xC0,0x09,0xE8,0xE9,0x3B,0x21}},
    {621, 16, 0x0F, 3, 0, {-2073488, 455681, -2768607}, {{80, -708, 4249}, {41, -354, 2125}, {79, -709, 4251}}, {{-2, -10, 5}, {-6, -12, 3}}, {0x6D,0x02,0x01,0x0F,0xC3,0x71,0x81,0x01,0xF4,0x26,0x24,0xB8,0x0A,0x05,0xF0,0xF4,0x99,0x90,0xFF,0xBF,0xFD,0x7F,0x01,0x40,0x0A,0xF0,0xF4,0x4D,0x48,0xFF,0x9F,0xFE,0x7F,0x00,0xE0,0x09,0xD8,0xE9,0x37,0x21}},
    {636, 15, 0x0F, 3, 0, {-2073560, 455561, -2768539}, {{78, -709, 4249}, {39, -354, 2124}, {79, -706, 4248}}, {{-3, -5, 9}, {-2, -8, 1}}, {0x7C,0xF2,0x00,0x0F,0xA3,0x70,0x81,0x89,0xF3,0xA6,0x2C,0xB8,0xEA,0x04,0xEC,0xF4,0x99,0x50,0xFF,0xFF,0xFE,0x7F,0x02,0xC0,0x09,0xF0,0xF4,0x4C,0xC8,0xFF,0x1F,0xFF,0x3F,0x00,0xE0,0x09,0xF0,0xE9,0x31,0x21}},
    {652, 16, 0x0F, 3, 0, {-2073656, 455497, -2768431}, {{78, -706, 4248}, {39, -353, 2127}, {79, -706, 4249}}, {{0, -2, 5}, {-3, -8, 5}}, {0x8C,0x02,0x01,0x0F,0x23,0x6F,0x81,0x49,0xF3,0x26,0x3A,0xB8,0xEA,0x04,0xF8,0xF4,0x98,0x10,0x00,0x80,0xFF,0x7F,0x01,0xC0,0x09,0xF8,0xF4,0x4F,0xA8,0xFF,0x1F,0xFF,0xBF,0x00,0xE0,0x09,0xF0,0xE9,0x33,0x21}},
    {696, 16, 0x0F, 3, 0, {-2073992, 455225, -2768167}, {{83, -707, 4248}, {41, -353, 2124}, {81, -706, 4250}}, {{-3, -7, 7}, {-3, -11, 6}}, {0xB8,0x02,0x01,0x0F,0xE3,0x69,0x81,0x39,0xF2,0x26,0x5B,0xB8,0x3A,0x05,0xF4,0xF4,0x98,0x50,0xFF,0x7F,0xFE,0xFF,0x01,0x40,0x0A,0xF8,0xF4,0x4C,0xA8,0xFF,0xBF,0xFE,0xDF,0x00,0x20,0x0A,0xF0,0xE9,0x35,0x21}},
    {725, 15, 0x0F, 3, 0, {-2074160, 455033, -2767995}, {{81, -707, 4249}, {40, -353, 2123}, {80, -706, 4245}}, {{-5, -6, 6}, {-5, -4, 2}}, {0xD5,0xF2,0x00,0x0F,0x43,0x67,0x81,0x79,0xF1,0xA6,0x70,0xB8,0x1A,0x05,0xF4,0xF4,0x99,0xD0,0xFE,0xBF,0xFE,0xBF,0x01,0x00,0x0A,0xF8,0xF4,0x4B,0x68,0xFF,0x9F,0xFF,0x5F,0x00,0x00,0x0A,0xF0,0xE9,0x2B,0x21}},
    {740, 15, 0x0F, 3, 0, {-2074280, 454957, -2767939}, {{80, -706, 4246}, {38, -353, 2124}, {79, -711, 4247}}, {{-2, -4, 5}, {-3, -3, 6}}, {0xE4,0xF2,0x00,0x0F,0x63,0x65,0x81,0x2D,0xF1,0xA6,0x77,0xB8,0x0A,0x05,0xF8,0xF4,0x96,0x90,0xFF,0x3F,0xFF,0x7F,0x01,0x80,0x09,0xF8,0xF4,0x4C,0xA8,0xFF,0xBF,0xFF,0xDF,0x00,0xE0,0x09,0xC8,0xE9,0x2F,0x21}},
    {755, 15, 0x0F, 3, 0, {-2074376, 454893, -2767887}, {{80, -710, 4248}, {39, -354, 2122}, {79, -707, 4246}}, {{-2, -3, 4}, {-1, -6, 8}}, {0xF3,0xF2,0x00,0x0F,0xE3,0x63,0x81,0xED,0xF0,0x26,0x7E,0xB8,0x0A,0x05,0xE8,0xF4,0x98,0x90,0xFF,0x7F,0xFF,0x3F,0x01,0xC0,0x09,0xF0,0xF4,0x4A,0xE8,0xFF,0x5F,0xFF,0x1F,0x01,0xE0,0x09,0xE8,0xE9,0x2D,0x21}},
    {771, 16, 0x0F, 3, 0, {-2074496, 454829, -2767799}, {{79, -708, 4247}, {39, -355, 2121}, {81, -708, 4242}}, {{-6, -5, 10}, {-6, -8, 4}}, {0x03,0x03,0x01,0x0F,0x03,0x62,0x81,0xAD,0xF0,0x26,0x89,0xB8,0xFA,0x04,0xF0,0xF4,0x97,0x90,0xFE,0xFF,0xFE,0xBF,0x02,0xC0,0x09,0xE8,0xF4,0x49,0x48,0xFF,0x1F,0xFF,0x9F,0x00,0x20,0x0A,0xE0,0xE9,0x25,0x21}},
    {815, 16, 0x0F, 3, 0, {-2074968, 454545, -2767491}, {{80, -709, 4248}, {40, -354, 2123}, {80, -709, 4248}}, {{-5, -7, 5}, {-5, -5, 0}}, {0x2F,0x03,0x01,0x0F,0xA3,0x5A,0x81,0x91,0xEF,0xA6,0xAF,0xB8,0x0A,0x05,0xEC,0xF4,0x98,0xD0,0xFE,0x7F,0xFE,0x7F,0x01,0x00,0x0A,0xF0,0xF4,0x4B,0x68,0xFF,0x7F,0xFF,0x1F,0x00,0x00,0x0A,0xD8,0xE9,0x31,0x21}},
    {844, 15, 0x0F, 3, 0, {-2075144, 454369, -2767395}, {{80, -707, 4249}, {41, -355, 2124}, {80, -709, 4247}}, {{-4, -7, 1}, {1, -4, 7}}, {0x4C,0xF3,0x00,0x0F,0xE3,0x57,0x81,0xE1,0xEE,0xA6,0xBB,0xB8,0x0A,0x05,0xF4,0xF4,0x99,0x10,0xFF,0x7F,0xFE,0x7F,0x00,0x40,0x0A,0xE8,0xF4,0x4C,0x28,0x00,0x80,0xFF,0xFF,0x00,0x00,0x0A,0xD8,0xE9,0x2F,0x21}},
    {860, 16, 0x0F, 3, 0, {-2075224, 454305, -2767307}, {{81, -711, 4250}, {41, -354, 2124}, {80, -710, 4252}}, {{-3, -4, 2}, {-4, -2, 2}}, {0x5C,0x03,0x01,0x0F,0xA3,0x56,0x81,0xA1,0xEE,0xA6,0xC6,0xB8,0x1A,0x05,0xE4,0xF4,0x9A,0x50,0xFF,0x3F,0xFF,0xBF,0x00,0x40,0x0A,0xF0,0xF4,0x4C,0x88,0xFF,0xDF,0xFF,0x5F,0x00,0x00,0x0A,0xD0,0xE9,0x39,0x21}},
    {890, 16, 0x0F, 3, 0, {-2075336, 454113, -2767251}, {{77, -708, 4248}, {39, -354, 2123}, {79, -709, 4247}}, {{-7, -4, 8}, {-7, -9, 7}}, {0x7A,0x03,0x01,0x0F,0xE3,0x54,0x81,0xE1,0xED,0xA6,0xCD,0xB8,0xDA,0x04,0xF0,0xF4,0x98,0x50,0xFE,0x3F,0xFF,0x3F,0x02,0xC0,0x09,0xF0,0xF4,0x4B,0x28,0xFF,0xFF,0xFE,0xFF,0x00,0xE0,0x09,0xD8,0xE9,0x2F,0x21}},
    {2249, 16, 0x0F, 3, 0, {2081240, 422453, -2739683}, {{79, -708, 4248}, {40, -353, 2125}, {78, -709, 4251}}, {{-1, -7, 5}, {-1, -5, 8}}, {0xC9,0x08,0x01,0x0F,0x63,0x07,0x7F,0x35,0x72,0xA6,0x43,0xC6,0xFA,0x04,0xF0,0xF4,0x98,0xD0,0xFF,0x7F,0xFE,0x7F,0x01,0x00,0x0A,0xF8,0xF4,0x4D,0xE8,0xFF,0x7F,0xFF,0x1F,0x01,0xC0,0x09,0xD8,0xE9,0x37,0x21}},
    {2265, 16, 0x0F, 3, 0, {2081176, 422385, -2739579}, {{79, -709, 4248}, {40, -355, 2124}, {78, -707, 4249}}, {{-4, -4, 3}, {-2, -9, 6}}, {0xD9,0x08,0x01,0x0F,0x63,0x06,0x7F,0xF1,0x71,0xA6,0x50,0xC6,0xFA,0x04,0xEC,0xF4,0x98,0x10,0xFF,0x3F,0xFF,0xFF,0x00,0x00,0x0A,0xE8,0xF4,0x4C,0xC8,0xFF,0xFF,0xFE,0xDF,0x00,0xC0,0x09,0xE8,0xE9,0x33,0x21}},
    {2281, 16, 0x0F, 3, 0, {2081016, 422313, -2739495}, {{77, -707, 4248}, {38, -354, 2124}, {77, -709, 4249}}, {{-3, -4, 6}, {-9, -6, 0}}, {0xE9,0x08,0x01,0x0F,0xE3,0x03,0x7F,0xA9,0x71,0x26,0x5B,0xC6,0xDA,0x04,0xF4,0xF4,0x98,0x50,0xFF,0x3F,0xFF,0xBF,0x01,0x80,0x09,0xF0,0xF4,0x4C,0xE8,0xFE,0x5F,0xFF,0x1F,0x00,0xA0,0x09,0xD8,0xE9,0x33,0x21}},
    {2297, 16, 0x0F, 3, 0, {2080856, 422225, -2739427}, {{78, -710, 4250}, {39, -354, 2124}, {78, -710, 4251}}, {{-6, -5, 7}, {-4, -6, 1}}, {0xF9,0x08,0x01,0x0F,0x63,0x01,0x7F,0x51,0x71,0xA6,0x63,0xC6,0xEA,0x04,0xE8,0xF4,0x9A,0x90,0xFE,0xFF,0xFE,0xFF,0x01,0xC0,0x09,0xF0,0xF4,0x4C,0x88,0xFF,0x5F,0xFF,0x3F,0x00,0xC0,0x09,0xD0,0xE9,0x37,0x21}},
    {2313, 16, 0x0F, 3, 0, {2080744, 422149, -2739395}, {{79, -709, 4249}, {39, -354, 2123}, {79, -709, 4249}}, {{-5, -5, 6}, {-4, -9, 7}}, {0x09,0x09,0x01,0x0F,0xA3,0xFF,0x7E,0x05,0x71,0xA6,0x67,0xC6,0xFA,0x04,0xEC,0xF4,0x99,0xD0,0xFE,0xFF,0xFE,0xBF,0x01,0xC0,0x09,0xF0,0xF4,0x4B,0x88,0xFF,0xFF,0xFE,0xFF,0x00,0xE0,0x09,0xD8,0xE9,0x33,0x21}},
    {2328, 15, 0x0F, 3, 0, {2080640, 422049, -2739327}, {{78, -710, 4252}, {39, -353, 2127}, {77, -709, 4253}}, {{-9, -6, 5}, {-7, -6, 6}}, {0x18,0xF9,0x00,0x0F,0x03,0xFE,0x7E,0xA1,0x70,0x26,0x70,0xC6,0xEA,0x04,0xE8,0xF4,0x9C,0xD0,0xFD,0xBF,0xFE,0x7F,0x01,0xC0,0x09,0xF8,0xF4,0x4F,0x28,0xFF,0x5F,0xFF,0xDF,0x00,0xA0,0x09,0xD8,0xE9,0x3B,0x21}},
    {2344, 16, 0x0F, 3, 0, {2080432, 421929, -2739271}, {{77, -708, 4248}, {38, -354, 2125}, {77, -705, 4247}}, {{-5, -8, 6}, {-5, -7, 7}}, {0x28,0x09,0x01,0x0F,0xC3,0xFA,0x7E,0x29,0x70,0x26,0x77,0xC6,0xDA,0x04,0xF0,0xF4,0x98,0xD0,0xFE,0x3F,0xFE,0xBF,0x01,0x80,0x09,0xF0,0xF4,0x4D,0x68,0xFF,0x3F,0xFF,0xFF,0x00,0xA0,0x09,0xF8,0xE9,0x2F,0x21}},
    {2360, 16, 0x0F, 3, 0, {2080304, 421837, -2739159}, {{80, -705, 4246}, {41, -353, 2124}, {80, -707, 4247}}, {{-5, -7, 3}, {-8, -4, 4}}, {0x38,0x09,0x01,0x0F,0xC3,0xF8,0x7E,0xCD,0x6F,0x26,0x85,0xC6,0x0A,0x05,0xFC,0xF4,0x96,0xD0,0xFE,0x7F,0xFE,0xFF,0x00,0x40,0x0A,0xF8,0xF4,0x4C,0x08,0xFF,0x9F,0xFF,0x9F,0x00,0x00,0x0A,0xE8,0xE9,0x2F,0x21}},
    {2376, 16, 0x0F, 3, 0, {2080160, 421741, -2739119}, {{80, -707, 4249}, {40, -354, 2123}, {79, -707, 4248}}, {{-7, -6, 10}, {-1, -8, 12}}, {0x48,0x09,0x01,0x0F,0x83,0xF6,0x7E,0x6D,0x6F,0x26,0x8A,0xC6,0x0A,0x05,0xF4,0xF4,0x99,0x50,0xFE,0xBF,0xFE,0xBF,0x02,0x00,0x0A,0xF0,0xF4,0x4B,0xE8,0xFF,0x1F,0xFF,0x9F,0x01,0xE0,0x09,0xE8,0xE9,0x31,0x21}},
    {2392, 16, 0x0F, 3, 0, {2079992, 421629, -2738987}, {{80, -707, 4250}, {40, -355, 2126}, {78, -711, 4253}}, {{-3, -6, 8}, {-6, -4, 7}}, {0x58,0x09,0x01,0x0F,0xE3,0xF3,0x7E,0xFD,0x6E,0xA6,0x9A,0xC6,0x0A,0x05,0xF4,0xF4,0x9A,0x50,0xFF,0xBF,0xFE,0x3F,0x02,0x00,0x0A,0xE8,0xF4,0x4E,0x48,0xFF,0x9F,0xFF,0xFF,0x00,0xC0,0x09,0xC8,0xE9,0x3B,0x21}},
    {2408, 16, 0x0F, 3, 0, {2079816, 421545, -2738895}, {{79, -711, 4248}, {39, -354, 2123}, {80, -711, 4248}}, {{-3, -10, 7}, {-2, -6, 1}}, {0x68,0x09,0x01,0x0F,0x23,0xF1,0x7E,0xA9,0x6E,0x26,0xA6,0xC6,0xFA,0x04,0xE4,0xF4,0x98,0x50,0xFF,0xBF,0xFD,0xFF,0x01,0xC0,0x09,0xF0,0xF4,0x4B,0xC8,0xFF,0x5F,0xFF,0x3F,0x00,0x00,0x0A,0xC8,0xE9,0x31,0x21}},
    {2424, 16, 0x0F, 3, 0, {2079728, 421437, -2738811}, {{79, -711, 4250}, {40, -355, 2123}, {80, -711, 4249}}, {{-4, -7, 8}, {-5, -6, 6}}, {0x78,0x09,0x01,0x0F,0xC3,0xEF,0x7E,0x3D,0x6E,0xA6,0xB0,0xC6,0xFA,0x04,0xE4,0xF4,0x9A,0x10,0xFF,0x7F,0xFE,0x3F,0x02,0x00,0x0A,0xE8,0xF4,0x4B,0x68,0xFF,0x5F,0xFF,0xDF,0x00,0x00,0x0A,0xC8,0xE9,0x33,0x21}},
    {2440, 16, 0x0F, 3, 0, {2079600, 421345, -2738731}, {{81, -713, 4247}, {40, -354, 2124}, {79, -709, 4247}}, {{-8, -10, 3}, {-8, -9, 5}}, {0x88,0x09,0x01,0x0F,0xC3,0xED,0x7E,0xE1,0x6D,0xA6,0xBA,0xC6,0x1A,0x05,0xDC,0xF4,0x97,0x10,0xFE,0xBF,0xFD,0xFF,0x00,0x00,0x0A,0xF0,0xF4,0x4C,0x08,0xFF,0xFF,0xFE,0xBF,0x00,0xE0,0x09,0xD8,0xE9,0x2F,0x21}},
    {2455, 15, 0x0F, 3, 0, {2079408, 421217, -2738679}, {{76, -706, 4248}, {39, -354, 2124}, {77, -711, 4245}}, {{-4, -8, 10}, {-2, -8, 5}}, {0x97,0xF9,0x00,0x0F,0xC3,0xEA,0x7E,0x61,0x6D,0x26,0xC1,0xC6,0xCA,0x04,0xF8,0xF4,0x98,0x10,0xFF,0x3F,0xFE,0xBF,0x02,0xC0,0x09,0xF0,0xF4,0x4C,0xC8,0xFF,0x1F,0xFF,0xBF,0x00,0xA0,0x09,0xC8,0xE9,0x2B,0x21}},
    {2471, 16, 0x0F, 3, 0, {2079312, 421113, -2738587}, {{80, -710, 4246}, {40, -355, 2124}, {81, -711, 4247}}, {{-4, -7, 3}, {-2, -5, 5}}, {0xA7,0x09,0x01,0x0F,0x43,0xE9,0x7E,0xF9,0x6C,0xA6,0xCC,0xC6,0x0A,0x05,0xE8,0xF4,0x96,0x10,0xFF,0x7F,0xFE,0xFF,0x00,0x00,0x0A,0xE8,0xF4,0x4C,0xC8,0xFF,0x7F,0xFF,0xBF,0x00,0x20,0x0A,0xC8,0xE9,0x2F,0x21}},
    {2487, 16, 0x0F, 3, 0, {2079200, 421025, -2738523}, {{82, -709, 4247}, {40, -355, 2124}, {81, -712, 4251}}, {{-2, -8, 5}, {0, -9, 12}}, {0xB7,0x09,0x01,0x0F,0x83,0xE7,0x7E,0xA1,0x6C,0xA6,0xD4,0xC6,0x2A,0x05,0xEC,0xF4,0x97,0x90,0xFF,0x3F,0xFE,0x7F,0x01,0x00,0x0A,0xE8,0xF4,0x4C,0x08,0x00,0xE0,0xFE,0x9F,0x01,0x20,0x0A,0xC0,0xE9,0x37,0x21}},
    {2503, 16, 0x0F, 3, 0, {2079136, 420909, -2738403}, {{83, -712, 4246}, {40, -355, 2122}, {80, -708, 4247}}, {{-7, -8, 7}, {-4, -8, 3}}, {0xC7,0x09,0x01,0x0F,0x83,0xE6,0x7E,0x2D,0x6C,0xA6,0xE3,0xC6,0x3A,0x05,0xE0,0xF4,0x96,0x50,0xFE,0x3F,0xFE,0xFF,0x01,0x00,0x0A,0xE8,0xF4,0x4A,0x88,0xFF,0x1F,0xFF,0x7F,0x00,0x00,0x0A,0xE0,0xE9,0x2F,0x21}},
    {2519, 16, 0x0F, 3, 0, {2079024, 420805, -2738347}, {{80, -708, 4248}, {39, -354, 2124}, {82, -712, 4251}}, {{-1, -9, 8}, {-3, -10, 2}}, {0xD7,0x09,0x01,0x0F,0xC3,0xE4,0x7E,0xC5,0x6B,0xA6,0xEA,0xC6,0x0A,0x05,0xF0,0xF4,0x98,0xD0,0xFF,0xFF,0xFD,0x3F,0x02,0xC0,0x09,0xF0,0xF4,0x4C,0xA8,0xFF,0xDF,0xFE,0x5F,0x00,0x40,0x0A,0xC0,0xE9,0x37,0x21}},
    {2535, 16, 0x0F, 3, 0, {2078912, 420697, -2738243}, {{81, -709, 4248}, {40, -355, 2125}, {82, -709, 4248}}, {{-2, -8, 11}, {-4, -4, 1}}, {0xE7,0x09,0x01,0x0F,0x03,0xE3,0x7E,0x59,0x6B,0xA6,0xF7,0xC6,0x1A,0x05,0xEC,0xF4,0x98,0x90,0xFF,0x3F,0xFE,0xFF,0x02,0x00,0x0A,0xE8,0xF4,0x4D,0x88,0xFF,0x9F,0xFF,0x3F,0x00,0x40,0x0A,0xD8,0xE9,0x31,0x21}},
    {2551, 16, 0x0F, 3, 0, {2078768, 420625, -2738167}, {{79, -707, 4243}, {40, -353, 2121}, {80, -707, 4245}}, {{-7, -10, 8}, {-1, -9, 7}}, {0xF7,0x09,0x01,0x0F,0xC3,0xE0,0x7E,0x11,0x6B,0x26,0x01,0xC7,0xFA,0x04,0xF4,0xF4,0x93,0x50,0xFE,0xBF,0xFD,0x3F,0x02,0x00,0x0A,0xF8,0xF4,0x49,0xE8,0xFF,0xFF,0xFE,0xFF,0x00,0x00,0x0A,0xE8,0xE9,0x2B,0x21}},
    {2567, 16, 0x0F, 3, 0, {2078664, 420529, -2738071}, {{81, -708, 4245}, {40, -354, 2123}, {78, -709, 4252}}, {{-4, -3, 4}, {-3, -3, 4}}, {0x07,0x0A,0x01,0x0F,0x23,0xDF,0x7E,0xB1,0x6A,0x26,0x0D,0xC7,0x1A,0x05,0xF0,0xF4,0x95,0x10,0xFF,0x7F,0xFF,0x3F,0x01,0x00,0x0A,0xF0,0xF4,0x4B,0xA8,0xFF,0xBF,0xFF,0x9F,0x00,0xC0,0x09,0xD8,0xE9,0x39,0x21}},
    {2583, 16, 0x0F, 3, 0, {2078560, 420469, -2738003}, {{80, -707, 4252}, {40, -353, 2125}, {79, -708, 4251}}, {{0, -2, 7}, {-4, -5, 8}}, {0x17,0x0A,0x01,0x0F,0x83,0xDD,0x7E,0x75,0x6A,0xA6,0x15,0xC7,0x0A,0x05,0xF4,0xF4,0x9C,0x10,0x00,0x80,0xFF,0xFF,0x01,0x00,0x0A,0xF8,0xF4,0x4D,0x88,0xFF,0x7F,0xFF,0x1F,0x01,0xE0,0x09,0xE0,0xE9,0x37,0x21}},
    {2598, 15, 0x0F, 3, 0, {2078416, 420401, -2737891}, {{79, -708, 4247}, {40, -354, 2122}, {81, -706, 4248}}, {{-2, -8, 8}, {-3, -5, 2}}, {0x26,0xFA,0x00,0x0F,0x43,0xDB,0x7E,0x31,0x6A,0xA6,0x23,0xC7,0xFA,0x04,0xF0,0xF4,0x97,0x90,0xFF,0x3F,0xFE,0x3F,0x02,0x00,0x0A,0xF0,0xF4,0x4A,0xA8,0xFF,0x7F,0xFF,0x5F,0x00,0x20,0x0A,0xF0,0xE9,0x31,0x21}},
    {2614, 16, 0x0F, 3, 0, {2078320, 420317, -2737831}, {{82, -709, 4250}, {40, -353, 2124}, {81, -707, 4246}}, {{-3, -7, 4}, {-4, -6, 10}}, {0x36,0x0A,0x01,0x0F,0xC3,0xD9,0x7E,0xDD,0x69,0x26,0x2B,0xC7,0x2A,0x05,0xEC,0xF4,0x9A,0x50,0xFF,0x7F,0xFE,0x3F,0x01,0x00,0x0A,0xF8,0xF4,0x4C,0x88,0xFF,0x5F,0xFF,0x5F,0x01,0x20,0x0A,0xE8,0xE9,0x2D,0x21}},
    {2630, 16, 0x0F, 3, 0, {2078208, 420229, -2737739}, {{80, -706, 4246}, {39, -352, 2123}, {80, -705, 4247}}, {{-4, -6, 7}, {-2, -7, 6}}, {0x46,0x0A,0x01,0x0F,0x03,0xD8,0x7E,0x85,0x69,0xA6,0x36,0xC7,0x0A,0x05,0xF8,0xF4,0x96,0x10,0xFF,0xBF,0xFE,0xFF,0x01,0xC0,0x09,0x00,0xF5,0x4B,0xC8,0xFF,0x3F,0xFF,0xDF,0x00,0x00,0x0A,0xF8,0xE9,0x2F,0x21}},
    {2646, 16, 0x0F, 3, 0, {2078120, 420129, -2737659}, {{79, -708, 4249}, {39, -353, 2124}, {79, -708, 4250}}, {{-4, -7, 4}, {1, -5, 4}}, {0x56,0x0A,0x01,0x0F,0xA3,0xD6,0x7E,0x21,0x69,0xA6,0x40,0xC7,0xFA,0x04,0xF0,0xF4,0x99,0x10,0xFF,0x7F,0xFE,0x3F,0x01,0xC0,0x09,0xF8,0xF4,0x4C,0x28,0x00,0x60,0xFF,0x9F,0x00,0xE0,0x09,0xE0,0xE9,0x35,0x21}},
    {2662, 16, 0x0F, 3, 0, {2078016, 420049, -2737579}, {{79, -707, 4248}, {40, -352, 2125}, {81, -707, 4251}}, {{-5, -4, 7}, {-4, -4, 7}}, {0x66,0x0A,0x01,0x0F,0x03,0xD5,0x7E,0xD1,0x68,0xA6,0x4A,0xC7,0xFA,0x04,0xF4,0xF4,0x98,0xD0,0xFE,0x3F,0xFF,0xFF,0x01,0x00,0x0A,0x00,0xF5,0x4D,0x88,0xFF,0x9F,0xFF,0xFF,0x00,0x20,0x0A,0xE8,0xE9,0x37,0x21}},
    {2678, 16, 0x0F, 3, 0, {2077864, 419969, -2737491}, {{82, -705, 4252}, {41, -353, 2126}, {78, -706, 4250}}, {{-2, -5, 5}, {-2, -5, 6}}, {0x76,0x0A,0x01,0x0F,0xA3,0xD2,0x7E,0x81,0x68,0xA6,0x55,0xC7,0x2A,0x05,0xFC,0xF4,0x9C,0x90,0xFF,0xFF,0xFE,0x7F,0x01,0x40,0x0A,0xF8,0xF4,0x4E,0xC8,0xFF,0x7F,0xFF,0xDF,0x00,0xC0,0x09,0xF0,0xE9,0x35,0x21}},
    {2694, 16, 0x0F, 3, 0, {2077744, 419889, -2737379}, {{80, -708, 4251}, {39, -353, 2124}, {79, -707, 4245}}, {{-8, -8, 8}, {-3, -3, 4}}, {0x86,0x0A,0x01,0x0F,0xC3,0xD0,0x7E,0x31,0x68,0xA6,0x63,0xC7,0x0A,0x05,0xF0,0xF4,0x9B,0x10,0xFE,0x3F,0xFE,0x3F,0x02,0xC0,0x09,0xF8,0xF4,0x4C,0xA8,0xFF,0xBF,0xFF,0x9F,0x00,0xE0,0x09,0xE8,0xE9,0x2B,0x21}},
    {2710, 16, 0x0F, 3, 0, {2077624, 419817, -2737287}, {{80, -708, 4244}, {39, -354, 2121}, {79, -708, 4249}}, {{-3, -4, 9}, {-1, -6, 4}}, {0x96,0x0A,0x01,0x0F,0xE3,0xCE,0x7E,0xE9,0x67,0x26,0x6F,0xC7,0x0A,0x05,0xF0,0xF4,0x94,0x50,0xFF,0x3F,0xFF,0x7F,0x02,0xC0,0x09,0xF0,0xF4,0x49,0xE8,0xFF,0x5F,0xFF,0x9F,0x00,0xE0,0x09,0xE0,0xE9,0x33,0x21}},
    {2726, 16, 0x0F, 3, 0, {2077528, 419745, -2737207}, {{79, -709, 4250}, {40, -355, 2123}, {77, -709, 4249}}, {{-6, -6, 1}, {-4, -10, 0}}, {0xA6,0x0A,0x01,0x0F,0x63,0xCD,0x7E,0xA1,0x67,0x26,0x79,0xC7,0xFA,0x04,0xEC,0xF4,0x9A,0x90,0xFE,0xBF,0xFE,0x7F,0x00,0x00,0x0A,0xE8,0xF4,0x4B,0x88,0xFF,0xDF,0xFE,0x1F,0x00,0xA0,0x09,0xD8,0xE9,0x33,0x21}},
    {2741, 15, 0x0F, 3, 0, {2077456, 419625, -2737183}, {{75, -707, 4252}, {38, -353, 2126}, {77, -708, 4247}}, {{-2, -4, 8}, {-2, -3, 8}}, {0xB5,0xFA,0x00,0x0F,0x43,0xCC,0x7E,0x29,0x67,0x26,0x7C,0xC7,0xBA,0x04,0xF4,0xF4,0x9C,0x90,0xFF,0x3F,0xFF,0x3F,0x02,0x80,0x09,0xF8,0xF4,0x4E,0xC8,0xFF,0xBF,0xFF,0x1F,0x01,0xA0,0x09,0xE0,0xE9,0x2F,0x21}},
    {2757, 16, 0x0F, 3, 0, {2077344, 419573, -2737087}, {{80, -709, 4245}, {40, -354, 2123}, {79, -706, 4247}}, {{-4, -8, 9}, {-5, -6, 6}}, {0xC5,0x0A,0x01,0x0F,0x83,0xCA,0x7E,0xF5,0x66,0x26,0x88,0xC7,0x0A,0x05,0xEC,0xF4,0x95,0x10,0xFF,0x3F,0xFE,0x7F,0x02,0x00,0x0A,0xF0,0xF4,0x4B,0x68,0xFF,0x5F,0xFF,0xDF,0x00,0xE0,0x09,0xF0,0xE9,0x2F,0x21}},
    {2773, 16, 0x0F, 3, 0, {2077208, 419477, -2736995}, {{78, -707, 4249}, {40, -354, 2124}, {79, -709, 4250}}, {{-7, -5, 6}, {-3, -4, 3}}, {0xD5,0x0A,0x01,0x0F,0x63,0xC8,0x7E,0x95,0x66,0xA6,0x93,0xC7,0xEA,0x04,0xF4,0xF4,0x99,0x50,0xFE,0xFF,0xFE,0xBF,0x01,0x00,0x0A,0xF0,0xF4,0x4C,0xA8,0xFF,0x9F,0xFF,0x7F,0x00,0xE0,0x09,0xD8,0xE9,0x35,0x21}},
    {2789, 16, 0x0F, 3, 0, {2077040, 419389, -2736923}, {{78, -709, 4250}, {39, -354, 2124}, {78, -709, 4250}}, {{-3, -10, 8}, {-3, -5, 9}}, {0xE5,0x0A,0x01,0x0F,0xC3,0xC5,0x7E,0x3D,0x66,0xA6,0x9C,0xC7,0xEA,0x04,0xEC,0xF4,0x9A,0x50,0xFF,0xBF,0xFD,0x3F,0x02,0xC0,0x09,0xF0,0xF4,0x4C,0xA8,0xFF,0x7F,0xFF,0x3F,0x01,0xC0,0x09,0xD8,0xE9,0x35,0x21}},
    {2805, 16, 0x0F, 3, 0, {2076896, 419293, -2736811}, {{76, -708, 4250}, {39, -354, 2125}, {81, -711, 4246}}, {{-1, -3, 8}, {-2, -7, 3}}, {0xF5,0x0A,0x01,0x0F,0x83,0xC3,0x7E,0xDD,0x65,0xA6,0xAA,0xC7,0xCA,0x04,0xF0,0xF4,0x9A,0xD0,0xFF,0x7F,0xFF,0x3F,0x02,0xC0,0x09,0xF0,0xF4,0x4D,0xC8,0xFF,0x3F,0xFF,0x7F,0x00,0x20,0x0A,0xC8,0xE9,0x2D,0x21}},
    {2821, 16, 0x0F, 3, 0, {2076856, 419233, -2736735}, {{82, -710, 4246}, {41, -355, 2125}, {79, -713, 4252}}, {{-7, -5, 2}, {-4, -3, 8}}, {0x05,0x0B,0x01,0x0F,0xE3,0xC2,0x7E,0xA1,0x65,0x26,0xB4,0xC7,0x2A,0x05,0xE8,0xF4,0x96,0x50,0xFE,0xFF,0xFE,0xBF,0x00,0x40,0x0A,0xE8,0xF4,0x4D,0x88,0xFF,0xBF,0xFF,0x1F,0x01,0xE0,0x09,0xB8,0xE9,0x39,0x21}},
    {2837, 16, 0x0F, 3, 0, {2076672, 419149, -2736639}, {{78, -711, 4251}, {39, -356, 2124}, {79, -710, 4251}}, {{-6, -2, 9}, {-8, -5, 4}}, {0x15,0x0B,0x01,0x0F,0x03,0xC0,0x7E,0x4D,0x65,0x26,0xC0,0xC7,0xEA,0x04,0xE4,0xF4,0x9B,0x90,0xFE,0xBF,0xFF,0x7F,0x02,0xC0,0x09,0xE0,0xF4,0x4C,0x08,0xFF,0x7F,0xFF,0x9F,0x00,0xE0,0x09,0xD0,0xE9,0x37,0x21}},
    {2853, 16, 0x0F, 3, 0, {2076504, 419061, -2736563}, {{79, -707, 4252}, {40, -354, 2124}, {76, -712, 4248}}, {{-3, -8, 6}, {-3, -8, 1}}, {0x25,0x0B,0x01,0x0F,0x63,0xBD,0x7E,0xF5,0x64,0xA6,0xC9,0xC7,0xFA,0x04,0xF4,0xF4,0x9C,0x50,0xFF,0x3F,0xFE,0xBF,0x01,0x00,0x0A,0xF0,0xF4,0x4C,0xA8,0xFF,0x1F,0xFF,0x3F,0x00,0x80,0x09,0xC0,0xE9,0x31,0x21}},
    {2869, 16, 0x0F, 3, 0, {2076400, 418957, -2736479}, {{76, -709, 4251}, {38, -355, 2127}, {76, -710, 4254}}, {{-4, -5, 6}, {-3, -7, 9}}, {0x35,0x0B,0x01,0x0F,0xC3,0xBB,0x7E,0x8D,0x64,0x26,0xD4,0xC7,0xCA,0x04,0xEC,0xF4,0x9B,0x10,0xFF,0xFF,0xFE,0xBF,0x01,0x80,0x09,0xE8,0xF4,0x4F,0xA8,0xFF,0x3F,0xFF,0x3F,0x01,0x80,0x09,0xD0,0xE9,0x3D,0x21}},
    {2884, 15, 0x0F, 3, 0, {2076272, 418869, -2736395}, {{78, -710, 4255}, {39, -355, 2126}, {77, -710, 4249}}, {{-3, -11, 2}, {-3, -13, 3}}, {0x44,0xFB,0x00,0x0F,0xC3,0xB9,0x7E,0x35,0x64,0xA6,0xDE,0xC7,0xEA,0x04,0xE8,0xF4,0x9F,0x50,0xFF,0x7F,0xFD,0xBF,0x00,0xC0,0x09,0xE8,0xF4,0x4E,0xA8,0xFF,0x7F,0xFE,0x7F,0x00,0xA0,0x09,0xD0,0xE9,0x33,0x21}},
    {2900, 16, 0x0F, 3, 0, {2076224, 418721, -2736307}, {{78, -709, 4247}, {39, -355, 2125}, {77, -709, 4249}}, {{-4, -4, 8}, {-2, -5, 5}}, {0x54,0x0B,0x01,0x0F,0x03,0xB9,0x7E,0xA1,0x63,0xA6,0xE9,0xC7,0xEA,0x04,0xEC,0xF4,0x97,0x10,0xFF,0x3F,0xFF,0x3F,0x02,0xC0,0x09,0xE8,0xF4,0x4D,0xC8,0xFF,0x7F,0xFF,0xBF,0x00,0xA0,0x09,0xD8,0xE9,0x33,0x21}},
    {2916, 16, 0x0F, 3, 0, {2076120, 418673, -2736203}, {{78, -708, 4252}, {40, -354, 2124}, {81, -710, 4250}}, {{-6, -5, 4}, {-5, -5, 9}}, {0x64,0x0B,0x01,0x0F,0x63,0xB7,0x7E,0x71,0x63,0xA6,0xF6,0xC7,0xEA,0x04,0xF0,0xF4,0x9C,0x90,0xFE,0xFF,0xFE,0x3F,0x01,0x00,0x0A,0xF0,0xF4,0x4C,0x68,0xFF,0x7F,0xFF,0x3F,0x01,0x20,0x0A,0xD0,0xE9,0x35,0x21}},
    {2932, 16, 0x0F, 3, 0, {2075976, 418585, -2736107}, {{79, -710, 4248}, {39, -355, 2123}, {76, -710, 4247}}, {{-4, -6, 3}, {-6, -4, 6}}, {0x74,0x0B,0x01,0x0F,0x23,0xB5,0x7E,0x19,0x63,0xA6,0x02,0xC8,0xFA,0x04,0xE8,0xF4,0x98,0x10,0xFF,0xBF,0xFE,0xFF,0x00,0xC0,0x09,0xE8,0xF4,0x4B,0x48,0xFF,0x9F,0xFF,0xDF,0x00,0x80,0x09,0xD0,0xE9,0x2F,0x21}},
    {2948, 16, 0x0F, 3, 0, {2075864, 418493, -2736039}, {{75, -709, 4247}, {38, -354, 2123}, {79, -709, 4246}}, {{-4, -10, 1}, {-4, -8, 7}}, {0x84,0x0B,0x01,0x0F,0x63,0xB3,0x7E,0xBD,0x62,0x26,0x0B,0xC8,0xBA,0x04,0xEC,0xF4,0x97,0x10,0xFF,0xBF,0xFD,0x7F,0x00,0x80,0x09,0xF0,0xF4,0x4B,0x88,0xFF,0x1F,0xFF,0xFF,0x00,0xE0,0x09,0xD8,0xE9,0x2D,0x21}},
    {2964, 16, 0x0F, 3, 0, {2075744, 418377, -2735999}, {{77, -709, 4248}, {38, -355, 2124}, {78, -709, 4249}}, {{1, -8, 1}, {-6, -8, 6}}, {0x94,0x0B,0x01,0x0F,0x83,0xB1,0x7E,0x49,0x62,0x26,0x10,0xC8,0xDA,0x04,0xEC,0xF4,0x98,0x50,0x00,0x00,0xFE,0x7F,0x00,0x80,0x09,0xE8,0xF4,0x4C,0x48,0xFF,0x1F,0xFF,0xDF,0x00,0xC0,0x09,0xD8,0xE9,0x33,0x21}},
    {2980, 16, 0x0F, 3, 0, {2075680, 418269, -2735931}, {{77, -710, 4250}, {39, -355, 2125}, {81, -708, 4250}}, {{-5, -4, 6}, {-2, -6, 3}}, {0xA4,0x0B,0x01,0x0F,0x83,0xB0,0x7E,0xDD,0x61,0xA6,0x18,0xC8,0xDA,0x04,0xE8,0xF4,0x9A,0xD0,0xFE,0x3F,0xFF,0xBF,0x01,0xC0,0x09,0xE8,0xF4,0x4D,0xC8,0xFF,0x5F,0xFF,0x7F,0x00,0x20,0x0A,0xE0,0xE9,0x35,0x21}},
    {2996, 16, 0x0F, 3, 0, {2075552, 418197, -2735871}, {{79, -710, 4247}, {39, -355, 2125}, {77, -708, 4252}}, {{-9, -3, 1}, {-5, -8, 13}}, {0xB4,0x0B,0x01,0x0F,0x83,0xAE,0x7E,0x95,0x61,0x26,0x20,0xC8,0xFA,0x04,0xE8,0xF4,0x97,0xD0,0xFD,0x7F,0xFF,0x7F,0x00,0xC0,0x09,0xE8,0xF4,0x4D,0x68,0xFF,0x1F,0xFF,0xBF,0x01,0xA0,0x09,0xE0,0xE9,0x39,0x21}},
    {3011, 15, 0x0F, 3, 0, {2075392, 418109, -2735787}, {{78, -710, 4250}, {40, -354, 2124}, {81, -711, 4251}}, {{-1, -9, 3}, {-2, -6, 7}}, {0xC3,0xFB,0x00,0x0F,0x03,0xAC,0x7E,0x3D,0x61,0xA6,0x2A,0xC8,0xEA,0x04,0xE8,0xF4,0x9A,0xD0,0xFF,0xFF,0xFD,0xFF,0x00,0x00,0x0A,0xF0,0xF4,0x4C,0xC8,0xFF,0x5F,0xFF,0xFF,0x00,0x20,0x0A,0xC8,0xE9,0x37,0x21}},
    {3027, 16, 0x0F, 3, 0, {2075296, 418005, -2735715}, {{82, -712, 4250}, {41, -354, 2125}, {81, -710, 4253}}, {{-4, -3, 5}, {-4, -8, 8}}, {0xD3,0x0B,0x01,0x0F,0x83,0xAA,0x7E,0xD5,0x60,0xA6,0x33,0xC8,0x2A,0x05,0xE0,0xF4,0x9A,0x10,0xFF,0x7F,0xFF,0x7F,0x01,0x40,0x0A,0xF0,0xF4,0x4D,0x88,0xFF,0x1F,0xFF,0x1F,0x01,0x20,0x0A,0xD0,0xE9,0x3B,0x21}},
    {3043, 16, 0x0F, 3, 0, {2075160, 417929, -2735599}, {{80, -709, 4247}, {40, -355, 2122}, {79, -710, 4247}}, {{-1, -3, 5}, {0, -5, 3}}, {0xE3,0x0B,0x01,0x0F,0x63,0xA8,0x7E,0x89,0x60,0x26,0x42,0xC8,0x0A,0x05,0xEC,0xF4,0x97,0xD0,0xFF,0x7F,0xFF,0x7F,0x01,0x00,0x0A,0xE8,0xF4,0x4A,0x08,0x00,0x60,0xFF,0x7F,0x00,0xE0,0x09,0xD0,0xE9,0x2F,0x21}},
    {3059, 16, 0x0F, 3, 0, {2075096, 417841, -2735535}, {{79, -710, 4250}, {40, -355, 2123}, {79, -708, 4249}}, {{-5, -7, 2}, {-3, -4, 5}}, {0xF3,0x0B,0x01,0x0F,0x63,0xA7,0x7E,0x31,0x60,0x26,0x4A,0xC8,0xFA,0x04,0xE8,0xF4,0x9A,0xD0,0xFE,0x7F,0xFE,0xBF,0x00,0x00,0x0A,0xE8,0xF4,0x4B,0xA8,0xFF,0x9F,0xFF,0xBF,0x00,0xE0,0x09,0xE0,0xE9,0x33,0x21}},
    {3075, 16, 0x0F, 3, 0, {2074984, 417781, -2735491}, {{81, -709, 4247}, {39, -354, 2124}, {78, -709, 4252}}, {{-9, -3, 4}, {-4, -8, 10}}, {0x03,0x0C,0x01,0x0F,0xA3,0xA5,0x7E,0xF5,0x5F,0xA6,0x4F,0xC8,0x1A,0x05,0xEC,0xF4,0x97,0xD0,0xFD,0x7F,0xFF,0x3F,0x01,0xC0,0x09,0xF0,0xF4,0x4C,0x88,0xFF,0x1F,0xFF,0x5F,0x01,0xC0,0x09,0xD8,0xE9,0x39,0x21}},
    {3091, 16, 0x0F, 3, 0, {2074792, 417693, -2735383}, {{78, -712, 4246}, {37, -357, 2121}, {78, -710, 4247}}, {{-4, -4, 10}, {-1, -5, 7}}, {0x13,0x0C,0x01,0x0F,0xA3,0xA2,0x7E,0x9D,0x5F,0x26,0x5D,0xC8,0xEA,0x04,0xE0,0xF4,0x96,0x10,0xFF,0x3F,0xFF,0xBF,0x02,0x40,0x09,0xD8,0xF4,0x49,0xE8,0xFF,0x7F,0xFF,0xFF,0x00,0xC0,0x09,0xD0,0xE9,0x2F,0x21}},
    {3107, 16, 0x0F, 3, 0, {2074680, 417617, -2735283}, {{76, -711, 4247}, {38, -355, 2123}, {79, -710, 4241}}, {{-3, -7, 3}, {-5, -7, 6}}, {0x23,0x0C,0x01,0x0F,0xE3,0xA0,0x7E,0x51,0x5F,0xA6,0x69,0xC8,0xCA,0x04,0xE4,0xF4,0x97,0x50,0xFF,0x7F,0xFE,0xFF,0x00,0x80,0x09,0xE8,0xF4,0x4B,0x68,0xFF,0x3F,0xFF,0xDF,0x00,0xE0,0x09,0xD0,0xE9,0x23,0x21}},
    {3123, 16, 0x0F, 3, 0, {2074592, 417513, -2735207}, {{80, -710, 4243}, {41, -354, 2123}, {79, -711, 4245}}, {{-3, -5, 3}, {-4, -8, 5}}, {0x33,0x0C,0x01,0x0F,0x83,0x9F,0x7E,0xE9,0x5E,0x26,0x73,0xC8,0x0A,0x05,0xE8,0xF4,0x93,0x50,0xFF,0xFF,0xFE,0xFF,0x00,0x40,0x0A,0xF0,0xF4,0x4B,0x88,0xFF,0x1F,0xFF,0xBF,0x00,0xE0,0x09,0xC8,0xE9,0x2B,0x21}},
    {3139, 16, 0x0F, 3, 0, {2074504, 417401, -2735127}, {{79, -710, 4245}, {39, -355, 2124}, {80, -711, 4247}}, {{-5, -5, 6}, {-3, -9, 8}}, {0x43,0x0C,0x01,0x0F,0x23,0x9E,0x7E,0x79,0x5E,0x26,0x7D,0xC8,0xFA,0x04,0xE8,0xF4,0x95,0xD0,0xFE,0xFF,0xFE,0xBF,0x01,0xC0,0x09,0xE8,0xF4,0x4C,0xA8,0xFF,0xFF,0xFE,0x1F,0x01,0x00,0x0A,0xC8,0xE9,0x2F,0x21}},
    {3154, 15, 0x0F, 3, 0, {2074400, 417309, -2735027}, {{79, -710, 4246}, {39, -353, 2123}, {76, -709, 4247}}, {{-7, -6, 6}, {-4, -7, 7}}, {0x52,0xFC,0x00,0x0F,0x83,0x9C,0x7E,0x1D,0x5E,0xA6,0x89,0xC8,0xFA,0x04,0xE8,0xF4,0x96,0x50,0xFE,0xBF,0xFE,0xBF,0x01,0xC0,0x09,0xF8,0xF4,0x4B,0x88,0xFF,0x3F,0xFF,0xFF,0x00,0x80,0x09,0xD8,0xE9,0x2F,0x21}},
    {1913, 18, 0x0F, 3, 0, {-1473752, 955665, -3174739}, {{80, -709, 4246}, {40, -354, 2123}, {81, -709, 4247}}, {{-7, -5, 13}, {-5, -3, 3}}, {0x79,0x27,0x01,0x0F,0xA3,0x0C,0xA6,0x11,0x95,0xAE,0xD5,0xF1,0x09,0x05,0xEC,0xF4,0x96,0x50,0xFE,0xFF,0xFE,0x7F,0x03,0x00,0x0A,0xF0,0xF4,0x4B,0x68,0xFF,0xBF,0xFF,0x7F,0x00,0x20,0x0A,0xD8,0xE9,0x2F,0x21}},
    {1930, 17, 0x0F, 3, 0, {-1473936, 955577, -3174631}, {{79, -709, 4244}, {39, -354, 2122}, {81, -708, 4246}}, {{-4, -6, 8}, {-3, -6, 5}}, {0x8A,0x17,0x01,0x0F,0xC3,0x09,0xA6,0xB9,0x94,0x2E,0xE3,0xF1,0xF9,0x04,0xEC,0xF4,0x94,0x10,0xFF,0xBF,0xFE,0x3F,0x02,0xC0,0x09,0xF0,0xF4,0x4A,0xA8,0xFF,0x5F,0xFF,0xBF,0x00,0x20,0x0A,0xE0,0xE9,0x2D,0x21}},
    {1949, 19, 0x0F, 3, 0, {-1474008, 955505, -3174539}, {{79, -709, 4248}, {39, -355, 2123}, {78, -710, 4253}}, {{-4, -6, 9}, {-5, -6, 8}}, {0x9D,0x37,0x01,0x0F,0xA3,0x08,0xA6,0x71,0x94,0xAE,0xEE,0xF1,0xF9,0x04,0xEC,0xF4,0x98,0x10,0xFF,0xBF,0xFE,0x7F,0x02,0xC0,0x09,0xE8,0xF4,0x4B,0x68,0xFF,0x5F,0xFF,0x1F,0x01,0xC0,0x09,0xD0,0xE9,0x3B,0x21}},
    {1967, 18, 0x0F, 3, 0, {-1474160, 955421, -3174427}, {{77, -708, 4248}, {39, -354, 2124}, {78, -710, 4247}}, {{-5, -6, 2}, {-5, -7, 1}}, {0xAF,0x27,0x01,0x0F,0x43,0x06,0xA6,0x1D,0x94,0xAE,0xFC,0xF1,0xD9,0x04,0xF0,0xF4,0x98,0xD0,0xFE,0xBF,0xFE,0xBF,0x00,0xC0,0x09,0xF0,0xF4,0x4C,0x68,0xFF,0x3F,0xFF,0x3F,0x00,0xC0,0x09,0xD0,0xE9,0x2F,0x21}},
    {1984, 17, 0x0F, 3, 0, {-1474272, 955329, -3174395}, {{79, -709, 4251}, {39, -354, 2124}, {77, -707, 4248}}, {{-5, -4, 4}, {-1, -5, 8}}, {0xC0,0x17,0x01,0x0F,0x83,0x04,0xA6,0xC1,0x93,0xAE,0x00,0xF2,0xF9,0x04,0xEC,0xF4,0x9B,0xD0,0xFE,0x3F,0xFF,0x3F,0x01,0xC0,0x09,0xF0,0xF4,0x4C,0xE8,0xFF,0x7F,0xFF,0x1F,0x01,0xA0,0x09,0xE8,0xE9,0x31,0x21}},
    {2002, 18, 0x0F, 3, 0, {-1474400, 955253, -3174315}, {{77, -707, 4246}, {39, -354, 2123}, {77, -708, 4248}}, {{-4, -6, -1}, {0, -9, 5}}, {0xD2,0x27,0x01,0x0F,0x83,0x02,0xA6,0x75,0x93,0xAE,0x0A,0xF2,0xD9,0x04,0xF4,0xF4,0x96,0x10,0xFF,0xBF,0xFE,0xFF,0xFF,0xFF,0x09,0xF0,0xF4,0x4B,0x08,0x00,0xE0,0xFE,0xBF,0x00,0xA0,0x09,0xE0,0xE9,0x31,0x21}},
    {2021, 19, 0x0F, 3, 0, {-1474432, 955133, -3174259}, {{79, -709, 4246}, {40, -354, 2125}, {76, -709, 4251}}, {{-3, -5, 3}, {-7, -8, 4}}, {0xE5,0x37,0x01,0x0F,0x03,0x02,0xA6,0xFD,0x92,0xAE,0x11,0xF2,0xF9,0x04,0xEC,0xF4,0x96,0x50,0xFF,0xFF,0xFE,0xFF,0x00,0x00,0x0A,0xF0,0xF4,0x4D,0x28,0xFF,0x1F,0xFF,0x9F,0x00,0x80,0x09,0xD8,0xE9,0x37,0x21}},
    {2038, 17, 0x0F, 3, 0, {-1474496, 955021, -3174223}, {{77, -708, 4250}, {38, -355, 2124}, {75, -712, 4245}}, {{-7, -7, 4}, {-1, -4, 6}}, {0xF6,0x17,0x01,0x0F,0x03,0x01,0xA6,0x8D,0x92,0x2E,0x16,0xF2,0xD9,0x04,0xF0,0xF4,0x9A,0x50,0xFE,0x7F,0xFE,0x3F,0x01,0x80,0x09,0xE8,0xF4,0x4C,0xE8,0xFF,0x9F,0xFF,0xDF,0x00,0x60,0x09,0xC0,0xE9,0x2B,0x21}},
    {2056, 18, 0x0F, 3, 0, {-1474608, 954937, -3174151}, {{74, -709, 4246}, {38, -353, 2124}, {79, -707, 4252}}, {{-5, -4, 5}, {-4, -10, 3}}, {0x08,0x28,0x01,0x0F,0x43,0xFF,0xA5,0x39,0x92,0x2E,0x1F,0xF2,0xA9,0x04,0xEC,0xF4,0x96,0xD0,0xFE,0x3F,0xFF,0x7F,0x01,0x80,0x09,0xF8,0xF4,0x4C,0x88,0xFF,0xDF,0xFE,0x7F,0x00,0xE0,0x09,0xE8,0xE9,0x39,0x21}},
    {2073, 17, 0x0F, 3, 0, {-1474680, 954849, -3174087}, {{80, -708, 4249}, {40, -354, 2124}, {77, -710, 4248}}, {{-1, -5, 6}, {-5, -4, 3}}, {0x19,0x18,0x01,0x0F,0x23,0xFE,0xA5,0xE1,0x91,0x2E,0x27,0xF2,0x09,0x05,0xF0,0xF4,0x99,0xD0,0xFF,0xFF,0xFE,0xBF,0x01,0x00,0x0A,0xF0,0xF4,0x4C,0x68,0xFF,0x9F,0xFF,0x7F,0x00,0xA0,0x09,0xD0,0xE9,0x31,0x21}},
    {2092, 19, 0x0F, 3, 0, {-1474776, 954781, -3174027}, {{79, -708, 4248}, {40, -354, 2124}, {81, -709, 4253}}, {{-6, -8, 12}, {-4, -7, 7}}, {0x2C,0x38,0x01,0x0F,0xA3,0xFC,0xA5,0x9D,0x91,0xAE,0x2E,0xF2,0xF9,0x04,0xF0,0xF4,0x98,0x90,0xFE,0x3F,0xFE,0x3F,0x03,0x00,0x0A,0xF0,0xF4,0x4C,0x88,0xFF,0x3F,0xFF,0xFF,0x00,0x20,0x0A,0xD8,0xE9,0x3B,0x21}},
    {2110, 18, 0x0F, 3, 0, {-1474968, 954673, -3173899}, {{82, -708, 4253}, {40, -355, 2124}, {80, -709, 4247}}, {{-4, -8, 10}, {-5, -6, 3}}, {0x3E,0x28,0x01,0x0F,0xA3,0xF9,0xA5,0x31,0x91,0xAE,0x3E,0xF2,0x29,0x05,0xF0,0xF4,0x9D,0x10,0xFF,0x3F,0xFE,0xBF,0x02,0x00,0x0A,0xE8,0xF4,0x4C,0x68,0xFF,0x5F,0xFF,0x7F,0x00,0x00,0x0A,0xD8,0xE9,0x2F,0x21}},
    {2127, 17, 0x0F, 3, 0, {-1475112, 954581, -3173803}, {{79, -710, 4249}, {39, -355, 2124}, {80, -710, 4248}}, {{0, -8, 4}, {-5, -5, 5}}, {0x4F,0x18,0x01,0x0F,0x63,0xF7,0xA5,0xD5,0x90,0xAE,0x4A,0xF2,0xF9,0x04,0xE8,0xF4,0x99,0x10,0x00,0x00,0xFE,0x3F,0x01,0xC0,0x09,0xE8,0xF4,0x4C,0x68,0xFF,0x7F,0xFF,0xBF,0x00,0x00,0x0A,0xD0,0xE9,0x31,0x21}},
    {2145, 18, 0x0F, 3, 0, {-1475176, 954489, -3173747}, {{77, -709, 4247}, {39, -356, 2124}, {79, -711, 4250}}, {{-5, -5, 8}, {-4, -5, 6}}, {0x61,0x28,0x01,0x0F,0x63,0xF6,0xA5,0x79,0x90,0xAE,0x51,0xF2,0xD9,0x04,0xEC,0xF4,0x97,0xD0,0xFE,0xFF,0xFE,0x3F,0x02,0xC0,0x09,0xE0,0xF4,0x4C,0x88,0xFF,0x7F,0xFF,0xDF,0x00,0xE0,0x09,0xC8,0xE9,0x35,0x21}},
    {2164, 19, 0x0F, 3, 0, {-1475312, 954389, -3173679}, {{79, -710, 4250}, {39, -354, 2125}, {80, -708, 4248}}, {{-6, -6, 2}, {-4, -10, 6}}, {0x74,0x38,0x01,0x0F,0x43,0xF4,0xA5,0x15,0x90,0x2E,0x5A,0xF2,0xF9,0x04,0xE8,0xF4,0x9A,0x90,0xFE,0xBF,0xFE,0xBF,0x00,0xC0,0x09,0xF0,0xF4,0x4D,0x88,0xFF,0xDF,0xFE,0xDF,0x00,0x00,0x0A,0xE0,0xE9,0x31,0x21}},
    {2181, 17, 0x0F, 3, 0, {-1475440, 954277, -3173627}, {{79, -706, 4250}, {39, -355, 2124}, {79, -710, 4249}}, {{-1, -3, 5}, {-5, -9, 0}}, {0x85,0x18,0x01,0x0F,0x43,0xF2,0xA5,0xA5,0x8F,0xAE,0x60,0xF2,0xF9,0x04,0xF8,0xF4,0x9A,0xD0,0xFF,0x7F,0xFF,0x7F,0x01,0xC0,0x09,0xE8,0xF4,0x4C,0x68,0xFF,0xFF,0xFE,0x1F,0x00,0xE0,0x09,0xD0,0xE9,0x33,0x21}},
    {2199, 18, 0x0F, 3, 0, {-1475496, 954205, -3173571}, {{77, -709, 4249}, {39, -355, 2123}, {77, -707, 4246}}, {{-5, -3, 1}, {-7, -6, 4}}, {0x97,0x28,0x01,0x0F,0x63,0xF1,0xA5,0x5D,0x8F,0xAE,0x67,0xF2,0xD9,0x04,0xEC,0xF4,0x99,0xD0,0xFE,0x7F,0xFF,0x7F,0x00,0xC0,0x09,0xE8,0xF4,0x4B,0x28,0xFF,0x5F,0xFF,0x9F,0x00,0xA0,0x09,0xE8,0xE9,0x2D,0x21}},
    {2216, 17, 0x0F, 3, 0, {-1475640, 954121, -3173535}, {{79, -707, 4246}, {40, -354, 2124}, {79, -707, 4248}}, {{-5, -7, 3}, {-3, -7, 6}}, {0xA8,0x18,0x01,0x0F,0x23,0xEF,0xA5,0x09,0x8F,0x2E,0x6C,0xF2,0xF9,0x04,0xF4,0xF4,0x96,0xD0,0xFE,0x7F,0xFE,0xFF,0x00,0x00,0x0A,0xF0,0xF4,0x4C,0xA8,0xFF,0x3F,0xFF,0xDF,0x00,0xE0,0x09,0xE8,0xE9,0x31,0x21}},
    {2235, 19, 0x0F, 3, 0, {-1475736, 954013, -3173459}, {{81, -710, 4247}, {41, -354, 2125}, {80, -708, 4248}}, {{-6, -3, 4}, {-6, -7, 0}}, {0xBB,0x38,0x01,0x0F,0xA3,0xED,0xA5,0x9D,0x8E,0xAE,0x75,0xF2,0x19,0x05,0xE8,0xF4,0x97,0x90,0xFE,0x7F,0xFF,0x3F,0x01,0x40,0x0A,0xF0,0xF4,0x4D,0x48,0xFF,0x3F,0xFF,0x1F,0x00,0x00,0x0A,0xE0,0xE9,0x31,0x21}},
    {2253, 18, 0x0F, 3, 0, {-1475872, 953929, -3173395}, {{80, -709, 4248}, {40, -354, 2123}, {77, -707, 4252}}, {{-2, -4, 8}, {-3, -10, 4}}, {0xCD,0x28,0x01,0x0F,0x83,0xEB,0xA5,0x49,0x8E,0xAE,0x7D,0xF2,0x09,0x05,0xEC,0xF4,0x98,0x90,0xFF,0x3F,0xFF,0x3F,0x02,0x00,0x0A,0xF0,0xF4,0x4B,0xA8,0xFF,0xDF,0xFE,0x9F,0x00,0xA0,0x09,0xE8,0xE9,0x39,0x21}},
    {2270, 17, 0x0F, 3, 0, {-1475928, 953825, -3173295}, {{77, -708, 4250}, {39, -354, 2124}, {79, -710, 4248}}, {{-2, -11, 6}, {-6, -8, 6}}, {0xDE,0x18,0x01,0x0F,0xA3,0xEA,0xA5,0xE1,0x8D,0x2E,0x8A,0xF2,0xD9,0x04,0xF0,0xF4,0x9A,0x90,0xFF,0x7F,0xFD,0xBF,0x01,0xC0,0x09,0xF0,0xF4,0x4C,0x48,0xFF,0x1F,0xFF,0xDF,0x00,0xE0,0x09,0xD0,0xE9,0x31,0x21}},
    {2288, 18, 0x0F, 3, 0, {-1476032, 953709, -3173207}, {{79, -710, 4249}, {41, -354, 2123}, {79, -709, 4248}}, {{-5, -5, 4}, {-8, -7, 8}}, {0xF0,0x28,0x01,0x0F,0x03,0xE9,0xA5,0x6D,0x8D,0x2E,0x95,0xF2,0xF9,0x04,0xE8,0xF4,0x99,0xD0,0xFE,0xFF,0xFE,0x3F,0x01,0x40,0x0A,0xF0,0xF4,0x4B,0x08,0xFF,0x3F,0xFF,0x1F,0x01,0xE0,0x09,0xD8,0xE9,0x31,0x21}},
    {3752, 19, 0x0F, 3, 0, {-1071048, -697867, -3484987}, {{74, -709, 4246}, {37, -355, 2124}, {71, -712, 4250}}, {{-6, -5, 8}, {-9, -5, 7}}, {0xA8,0x3E,0x01,0x0F,0xE3,0xA0,0xBE,0xF5,0x59,0xB5,0x58,0x5A,0xA9,0x04,0xEC,0xF4,0x96,0x90,0xFE,0xFF,0xFE,0x3F,0x02,0x40,0x09,0xE8,0xF4,0x4C,0xE8,0xFE,0x7F,0xFF,0xFF,0x00,0xE0,0x08,0xC0,0xE9,0x35,0x21}},
    {3773, 21, 0x0F, 3, 0, {-1071200, -697955, -3484895}, {{76, -712, 4249}, {39, -356, 2124}, {76, -712, 4248}}, {{-4, -6, 5}, {-5, -6, 8}}, {0xBD,0x5E,0x01,0x0F,0x83,0x9E,0xBE,0x9D,0x59,0x35,0x64,0x5A,0xC9,0x04,0xE0,0xF4,0x99,0x10,0xFF,0xBF,0xFE,0x7F,0x01,0xC0,0x09,0xE0,0xF4,0x4C,0x68,0xFF,0x5F,0xFF,0x1F,0x01,0x80,0x09,0xC0,0xE9,0x31,0x21}},
    {3792, 19, 0x0F, 3, 0, {-1071312, -698047, -3484799}, {{75, -711, 4247}, {37, -355, 2124}, {73, -711, 4253}}, {{-3, -6, 5}, {-3, -10, 7}}, {0xD0,0x3E,0x01,0x0F,0xC3,0x9C,0xBE,0x41,0x59,0x35,0x70,0x5A,0xB9,0x04,0xE4,0xF4,0x97,0x50,0xFF,0xBF,0xFE,0x7F,0x01,0x40,0x09,0xE8,0xF4,0x4C,0xA8,0xFF,0xDF,0xFE,0xFF,0x00,0x20,0x09,0xC8,0xE9,0x3B,0x21}},
    {3813, 21, 0x0F, 3, 0, {-1071384, -698147, -3484715}, {{75, -712, 4248}, {38, -356, 2124}, {77, -711, 4249}}, {{-4, -5, 8}, {-7, -3, 9}}, {0xE5,0x5E,0x01,0x0F,0xA3,0x9B,0xBE,0xDD,0x58,0xB5,0x7A,0x5A,0xB9,0x04,0xE0,0xF4,0x98,0x10,0xFF,0xFF,0xFE,0x3F,0x02,0x80,0x09,0xE0,0xF4,0x4C,0x28,0xFF,0xBF,0xFF,0x3F,0x01,0xA0,0x09,0xC8,0xE9,0x33,0x21}},
    {3832, 19, 0x0F, 3, 0, {-1071536, -698211, -3484583}, {{75, -713, 4247}, {37, -356, 2123}, {75, -709, 4247}}, {{-3, -5, 7}, {-2, -9, 6}}, {0xF8,0x3E,0x01,0x0F,0x43,0x99,0xBE,0x9D,0x58,0x35,0x8B,0x5A,0xB9,0x04,0xDC,0xF4,0x97,0x50,0xFF,0xFF,0xFE,0xFF,0x01,0x40,0x09,0xE0,0xF4,0x4B,0xC8,0xFF,0xFF,0xFE,0xDF,0x00,0x60,0x09,0xD8,0xE9,0x2F,0x21}},
    {3852, 20, 0x0F, 3, 0, {-1071648, -698295, -3484467}, {{75, -709, 4252}, {37, -354, 2125}, {77, -709, 4254}}, {{-2, -8, 7}, {-3, -9, 1}}, {0x0C,0x4F,0x01,0x0F,0x83,0x97,0xBE,0x49,0x58,0xB5,0x99,0x5A,0xB9,0x04,0xEC,0xF4,0x9C,0x90,0xFF,0x3F,0xFE,0xFF,0x01,0x40,0x09,0xF0,0xF4,0x4D,0xA8,0xFF,0xFF,0xFE,0x3F,0x00,0xA0,0x09,0xD8,0xE9,0x3D,0x21}},
    {3871, 19, 0x0F, 3, 0, {-1071720, -698415, -3484391}, {{78, -708, 4253}, {39, -355, 2124}, {75, -711, 4249}}, {{-7, -4, 2}, {-4, -10, 4}}, {0x1F,0x3F,0x01,0x0F,0x63,0x96,0xBE,0xD1,0x57,0x35,0xA3,0x5A,0xE9,0x04,0xF0,0xF4,0x9D,0x50,0xFE,0x3F,0xFF,0xBF,0x00,0xC0,0x09,0xE8,0xF4,0x4C,0x88,0xFF,0xDF,0xFE,0x9F,0x00,0x60,0x09,0xC8,0xE9,0x33,0x21}},
    {3892, 21, 0x0F, 3, 0, {-1071856, -698523, -3484331}, {{72, -713, 4251}, {36, -356, 2126}, {73, -712, 4251}}, {{-6, -7, 3}, {-12, -6, 5}}, {0x34,0x5F,0x01,0x0F,0x43,0x94,0xBE,0x65,0x57,0xB5,0xAA,0x5A,0x89,0x04,0xDC,0xF4,0x9B,0x90,0xFE,0x7F,0xFE,0xFF,0x00,0x00,0x09,0xE0,0xF4,0x4E,0x88,0xFE,0x5F,0xFF,0xBF,0x00,0x20,0x09,0xC0,0xE9,0x37,0x21}},
    {3911, 19, 0x0F, 3, 0, {-1072104, -698647, -3484287}, {{77, -712, 4248}, {39, -355, 2122}, {76, -710, 4245}}, {{-5, -6, 4}, {-5, -3, 2}}, {0x47,0x3F,0x01,0x0F,0x63,0x90,0xBE,0xE9,0x56,0x35,0xB0,0x5A,0xD9,0x04,0xE0,0xF4,0x98,0xD0,0xFE,0xBF,0xFE,0x3F,0x01,0xC0,0x09,0xE8,0xF4,0x4A,0x68,0xFF,0xBF,0xFF,0x5F,0x00,0x80,0x09,0xD0,0xE9,0x2B,0x21}},
    {3932, 21, 0x0F, 3, 0, {-1072224, -698735, -3484227}, {{79, -713, 4250}, {40, -356, 2124}, {79, -715, 4248}}, {{-3, -6, 6}, {-3, -4, 5}}, {0x5C,0x5F,0x01,0x0F,0x83,0x8E,0xBE,0x91,0x56,0xB5,0xB7,0x5A,0xF9,0x04,0xDC,0xF4,0x9A,0x50,0xFF,0xBF,0xFE,0xBF,0x01,0x00,0x0A,0xE0,0xF4,0x4C,0xA8,0xFF,0x9F,0xFF,0xBF,0x00,0xE0,0x09,0xA8,0xE9,0x31,0x21}},
    {3951, 19, 0x0F, 3, 0, {-1072336, -698815, -3484131}, {{77, -711, 4247}, {38, -354, 2123}, {75, -707, 4252}}, {{-10, -8, 3}, {-5, -3, 8}}, {0x6F,0x3F,0x01,0x0F,0xC3,0x8C,0xBE,0x41,0x56,0xB5,0xC3,0x5A,0xD9,0x04,0xE4,0xF4,0x97,0x90,0xFD,0x3F,0xFE,0xFF,0x00,0x80,0x09,0xF0,0xF4,0x4B,0x68,0xFF,0xBF,0xFF,0x1F,0x01,0x60,0x09,0xE8,0xE9,0x39,0x21}},
    {3971, 20, 0x0F, 3, 0, {-1072512, -698899, -3484039}, {{77, -709, 4251}, {38, -353, 2125}, {73, -706, 4249}}, {{-5, -11, 4}, {-6, -6, 7}}, {0x83,0x4F,0x01,0x0F,0x03,0x8A,0xBE,0xED,0x55,0x35,0xCF,0x5A,0xD9,0x04,0xEC,0xF4,0x9B,0xD0,0xFE,0x7F,0xFD,0x3F,0x01,0x80,0x09,0xF8,0xF4,0x4D,0x48,0xFF,0x5F,0xFF,0xFF,0x00,0x20,0x09,0xF0,0xE9,0x33,0x21}},
    {3990, 19, 0x0F, 3, 0, {-1072680, -699015, -3483931}, {{74, -709, 4253}, {38, -354, 2126}, {74, -710, 4252}}, {{-8, -8, 2}, {-7, -6, 2}}, {0x96,0x3F,0x01,0x0F,0x63,0x87,0xBE,0x79,0x55,0xB5,0xDC,0x5A,0xA9,0x04,0xEC,0xF4,0x9D,0x10,0xFE,0x3F,0xFE,0xBF,0x00,0x80,0x09,0xF0,0xF4,0x4E,0x28,0xFF,0x5F,0xFF,0x5F,0x00,0x40,0x09,0xD0,0xE9,0x39,0x21}},
    {4011, 21, 0x0F, 3, 0, {-1072840, -699123, -3483883}, {{74, -709, 4249}, {36, -355, 2125}, {77, -711, 4245}}, {{-6, -5, 5}, {-5, -7, 10}}, {0xAB,0x5F,0x01,0x0F,0xE3,0x84,0xBE,0x0D,0x55,0xB5,0xE2,0x5A,0xA9,0x04,0xEC,0xF4,0x99,0x90,0xFE,0xFF,0xFE,0x7F,0x01,0x00,0x09,0xE8,0xF4,0x4D,0x68,0xFF,0x3F,0xFF,0x5F,0x01,0xA0,0x09,0xC8,0xE9,0x2B,0x21}},
    {4030, 19, 0x0F, 3, 0, {-1072984, -699195, -3483783}, {{76, -710, 4247}, {39, -355, 2125}, {78, -709, 4251}}, {{-4, -2, 0}, {-6, -5, 2}}, {0xBE,0x3F,0x01,0x0F,0xA3,0x82,0xBE,0xC5,0x54,0x35,0xEF,0x5A,0xC9,0x04,0xE8,0xF4,0x97,0x10,0xFF,0xBF,0xFF,0x3F,0x00,0xC0,0x09,0xE8,0xF4,0x4D,0x48,0xFF,0x7F,0xFF,0x5F,0x00,0xC0,0x09,0xD8,0xE9,0x37,0x21}},
    {4051, 21, 0x0F, 3, 0, {-1073112, -699275, -3483751}, {{77, -709, 4248}, {38, -355, 2124}, {76, -710, 4248}}, {{-5, -2, 9}, {-3, -2, 10}}, {0xD3,0x5F,0x01,0x0F,0xA3,0x80,0xBE,0x75,0x54,0x35,0xF3,0x5A,0xD9,0x04,0xEC,0xF4,0x98,0xD0,0xFE,0xBF,0xFF,0x7F,0x02,0x80,0x09,0xE8,0xF4,0x4C,0xA8,0xFF,0xDF,0xFF,0x5F,0x01,0x80,0x09,0xD0,0xE9,0x31,0x21}},
    {4070, 19, 0x0F, 3, 0, {-1073224, -699315, -3483619}, {{78, -710, 4246}, {37, -354, 2123}, {77, -711, 4244}}, {{-5, -5, 7}, {-6, -4, 2}}, {0xE6,0x3F,0x01,0x0F,0xE3,0x7E,0xBE,0x4D,0x54,0xB5,0x03,0x5B,0xE9,0x04,0xE8,0xF4,0x96,0xD0,0xFE,0xFF,0xFE,0xFF,0x01,0x40,0x09,0xF0,0xF4,0x4B,0x48,0xFF,0x9F,0xFF,0x5F,0x00,0xA0,0x09,0xC8,0xE9,0x29,0x21}},
    {4091, 21, 0x0F, 3, 0, {-1073376, -699399, -3483543}, {{75, -709, 4244}, {39, -355, 2123}, {77, -711, 4248}}, {{-8, -4, 11}, {-5, -5, 4}}, {0xFB,0x5F,0x01,0x0F,0x83,0x7C,0xBE,0xF9,0x53,0x35,0x0D,0x5B,0xB9,0x04,0xEC,0xF4,0x94,0x10,0xFE,0x3F,0xFF,0xFF,0x02,0xC0,0x09,0xE8,0xF4,0x4B,0x68,0xFF,0x7F,0xFF,0x9F,0x00,0xA0,0x09,0xC8,0xE9,0x31,0x21}},
    {14, 19, 0x0F, 3, 0, {-1073560, -699487, -3483439}, {{79, -711, 4248}, {39, -356, 2125}, {76, -713, 4253}}, {{-5, -5, 8}, {-1, -4, 4}}, {0x0E,0x30,0x01,0x0F,0xA3,0x79,0xBE,0xA1,0x53,0x35,0x1A,0x5B,0xF9,0x04,0xE4,0xF4,0x98,0xD0,0xFE,0xFF,0xFE,0x3F,0x02,0xC0,0x09,0xE0,0xF4,0x4D,0xE8,0xFF,0x9F,0xFF,0x9F,0x00,0x80,0x09,0xB8,0xE9,0x3B,0x21}},
    {34, 20, 0x0F, 3, 0, {-1073656, -699547, -3483351}, {{75, -711, 4251}, {39, -355, 2125}, {77, -711, 4247}}, {{-4, -9, 8}, {-6, -8, 6}}, {0x22,0x40,0x01,0x0F,0x23,0x78,0xBE,0x65,0x53,0x35,0x25,0x5B,0xB9,0x04,0xE4,0xF4,0x9B,0x10,0xFF,0xFF,0xFD,0x3F,0x02,0xC0,0x09,0xE8,0xF4,0x4D,0x48,0xFF,0x1F,0xFF,0xDF,0x00,0xA0,0x09,0xC8,0xE9,0x2F,0x21}},
    {53, 19, 0x0F, 3, 0, {-1073792, -699667, -3483247}, {{80, -710, 4249}, {39, -355, 2125}, {77, -713, 4250}}, {{-3, -7, 2}, {-7, -5, 3}}, {0x35,0x30,0x01,0x0F,0x03,0x76,0xBE,0xED,0x52,0x35,0x32,0x5B,0x09,0x05,0xE8,0xF4,0x99,0x50,0xFF,0x7F,0xFE,0xBF,0x00,0xC0,0x09,0xE8,0xF4,0x4D,0x28,0xFF,0x7F,0xFF,0x7F,0x00,0xA0,0x09,0xB8,0xE9,0x35,0x21}},
    {74, 21, 0x0F, 3, 0, {-1073928, -699743, -3483179}, {{78, -711, 4247}, {39, -354, 2122}, {75, -708, 4247}}, {{-5, -6, 4}, {-4, -3, 7}}, {0x4A,0x50,0x01,0x0F,0xE3,0x73,0xBE,0xA1,0x52,0xB5,0x3A,0x5B,0xE9,0x04,0xE4,0xF4,0x97,0xD0,0xFE,0xBF,0xFE,0x3F,0x01,0xC0,0x09,0xF0,0xF4,0x4A,0x88,0xFF,0xBF,0xFF,0xFF,0x00,0x60,0x09,0xE0,0xE9,0x2F,0x21}},
    {93, 19, 0x0F, 3, 0, {-1074072, -699803, -3483083}, {{75, -709, 4248}, {38, -355, 2124}, {78, -710, 4253}}, {{-5, -10, 5}, {-6, -12, 9}}, {0x5D,0x30,0x01,0x0F,0xA3,0x71,0xBE,0x65,0x52,0xB5,0x46,0x5B,0xB9,0x04,0xEC,0xF4,0x98,0xD0,0xFE,0xBF,0xFD,0x7F,0x01,0x80,0x09,0xE8,0xF4,0x4C,0x48,0xFF,0x9F,0xFE,0x3F,0x01,0xC0,0x09,0xD0,0xE9,0x3B,0x21}},
    {114, 21, 0x0F, 3, 0, {-1074208, -699927, -3482987}, {{77, -711, 4251}, {39, -356, 2126}, {77, -712, 4248}}, {{-3, -6, 8}, {-5, -3, 6}}, {0x72,0x50,0x01,0x0F,0x83,0x6F,0xBE,0xE9,0x51,0xB5,0x52,0x5B,0xD9,0x04,0xE4,0xF4,0x9B,0x50,0xFF,0xBF,0xFE,0x3F,0x02,0xC0,0x09,0xE0,0xF4,0x4E,0x68,0xFF,0xBF,0xFF,0xDF,0x00,0xA0,0x09,0xC0,0xE9,0x31,0x21}},
    {133, 19, 0x0F, 3, 0, {-1074376, -700007, -3482879}, {{79, -711, 4249}, {40, -353, 2125}, {76, -710, 4249}}, {{-6, -2, 9}, {-7, -3, 9}}, {0x85,0x30,0x01,0x0F,0xE3,0x6C,0xBE,0x99,0x51,0x35,0x60,0x5B,0xF9,0x04,0xE4,0xF4,0x99,0x90,0xFE,0xBF,0xFF,0x7F,0x02,0x00,0x0A,0xF8,0xF4,0x4D,0x28,0xFF,0xBF,0xFF,0x3F,0x01,0x80,0x09,0xD0,0xE9,0x33,0x21}},
    {153, 20, 0x0F, 3, 0, {-1074552, -700055, -3482787}, {{78, -710, 4250}, {39, -355, 2125}, {75, -710, 4246}}, {{-7, -2, 8}, {-4, -7, 5}}, {0x99,0x40,0x01,0x0F,0x23,0x6A,0xBE,0x69,0x51,0xB5,0x6B,0x5B,0xE9,0x04,0xE8,0xF4,0x9A,0x50,0xFE,0xBF,0xFF,0x3F,0x02,0xC0,0x09,0xE8,0xF4,0x4D,0x88,0xFF,0x3F,0xFF,0xBF,0x00,0x60,0x09,0xD0,0xE9,0x2D,0x21}},
    {172, 19, 0x0F, 3, 0, {-1074712, -700123, -3482687}, {{76, -710, 4247}, {37, -355, 2124}, {74, -708, 4248}}, {{-6, -4, 6}, {-4, -2, 1}}, {0xAC,0x30,0x01,0x0F,0xA3,0x67,0xBE,0x25,0x51,0x35,0x78,0x5B,0xC9,0x04,0xE8,0xF4,0x97,0x90,0xFE,0x3F,0xFF,0xBF,0x01,0x40,0x09,0xE8,0xF4,0x4C,0x88,0xFF,0xDF,0xFF,0x3F,0x00,0x40,0x09,0xE0,0xE9,0x31,0x21}},
    {193, 21, 0x0F, 3, 0, {-1074816, -700199, -3482627}, {{76, -709, 4250}, {39, -355, 2126}, {79, -710, 4253}}, {{-1, -10, 10}, {-5, -6, 13}}, {0xC1,0x50,0x01,0x0F,0x03,0x66,0xBE,0xD9,0x50,0xB5,0x7F,0x5B,0xC9,0x04,0xEC,0xF4,0x9A,0xD0,0xFF,0xBF,0xFD,0xBF,0x02,0xC0,0x09,0xE8,0xF4,0x4E,0x68,0xFF,0x5F,0xFF,0xBF,0x01,0xE0,0x09,0xD0,0xE9,0x3B,0x21}},
    {212, 19, 0x0F, 3, 0, {-1074936, -700295, -3482451}, {{78, -710, 4253}, {39, -354, 2125}, {77, -710, 4250}}, {{-7, -6, 8}, {-7, -5, 12}}, {0xD4,0x30,0x01,0x0F,0x23,0x64,0xBE,0x79,0x50,0xB5,0x95,0x5B,0xE9,0x04,0xE8,0xF4,0x9D,0x50,0xFE,0xBF,0xFE,0x3F,0x02,0xC0,0x09,0xF0,0xF4,0x4D,0x28,0xFF,0x7F,0xFF,0x9F,0x01,0xA0,0x09,0xD0,0xE9,0x35,0x21}},
    {233, 21, 0x0F, 3, 0, {-1075144, -700371, -3482315}, {{77, -709, 4253}, {40, -354, 2125}, {76, -710, 4249}}, {{-3, -8, 6}, {-4, -5, 5}}, {0xE9,0x50,0x01,0x0F,0xE3,0x60,0xBE,0x2D,0x50,0xB5,0xA6,0x5B,0xD9,0x04,0xEC,0xF4,0x9D,0x50,0xFF,0x3F,0xFE,0xBF,0x01,0x00,0x0A,0xF0,0xF4,0x4D,0x88,0xFF,0x7F,0xFF,0xBF,0x00,0x80,0x09,0xD0,0xE9,0x33,0x21}},
    {252, 19, 0x0F, 3, 0, {-1075264, -700463, -3482215}, {{75, -710, 4247}, {38, -356, 2124}, {79, -711, 4249}}, {{-3, -4, 3}, {-4, -6, 5}}, {0xFC,0x30,0x01,0x0F,0x03,0x5F,0xBE,0xD1,0x4F,0x35,0xB3,0x5B,0xB9,0x04,0xE8,0xF4,0x97,0x50,0xFF,0x3F,0xFF,0xFF,0x00,0x80,0x09,0xE0,0xF4,0x4C,0x88,0xFF,0x5F,0xFF,0xBF,0x00,0xE0,0x09,0xC8,0xE9,0x33,0x21}},
    {273, 21, 0x0F, 3, 0, {-1075352, -700559, -3482151}, {{78, -710, 4248}, {38, -355, 2125}, {78, -711, 4249}}, {{-3, -4, 8}, {-4, -5, 2}}, {0x11,0x51,0x01,0x0F,0xA3,0x5D,0xBE,0x71,0x4F,0x35,0xBB,0x5B,0xE9,0x04,0xE8,0xF4,0x98,0x50,0xFF,0x3F,0xFF,0x3F,0x02,0x80,0x09,0xE8,0xF4,0x4D,0x88,0xFF,0x7F,0xFF,0x5F,0x00,0xC0,0x09,0xC8,0xE9,0x33,0x21}},
    {292, 19, 0x0F, 3, 0, {-1075504, -700627, -3482071}, {{77, -712, 4250}, {40, -356, 2124}, {78, -713, 4247}}, {{-7, -4, 10}, {-3, -2, 6}}, {0x24,0x31,0x01,0x0F,0x43,0x5B,0xBE,0x2D,0x4F,0x35,0xC5,0x5B,0xD9,0x04,0xE0,0xF4,0x9A,0x50,0xFE,0x3F,0xFF,0xBF,0x02,0x00,0x0A,0xE0,0xF4,0x4C,0xA8,0xFF,0xDF,0xFF,0xDF,0x00,0xC0,0x09,0xB8,0xE9,0x2F,0x21}},
    {312, 20, 0x0F, 3, 0, {-1075648, -700691, -3481979}, {{77, -712, 4248}, {39, -354, 2125}, {78, -710, 4250}}, {{-6, -4, 7}, {-4, -4, 5}}, {0x38,0x41,0x01,0x0F,0x03,0x59,0xBE,0xED,0x4E,0xB5,0xD0,0x5B,0xD9,0x04,0xE0,0xF4,0x98,0x90,0xFE,0x3F,0xFF,0xFF,0x01,0xC0,0x09,0xF0,0xF4,0x4D,0x88,0xFF,0x9F,0xFF,0xBF,0x00,0xC0,0x09,0xD0,0xE9,0x35,0x21}},
    {331, 19, 0x0F, 3, 0, {-1075800, -700747, -3481903}, {{78, -711, 4251}, {38, -355, 2126}, {74, -708, 4250}}, {{-3, -3, 8}, {-3, -6, 5}}, {0x4B,0x31,0x01,0x0F,0xA3,0x56,0xBE,0xB5,0x4E,0x35,0xDA,0x5B,0xE9,0x04,0xE4,0xF4,0x9B,0x50,0xFF,0x7F,0xFF,0x3F,0x02,0x80,0x09,0xE8,0xF4,0x4E,0xA8,0xFF,0x5F,0xFF,0xBF,0x00,0x40,0x09,0xE0,0xE9,0x35,0x21}},
    {352, 21, 0x0F, 3, 0, {-1075912, -700827, -3481807}, {{75, -711, 4250}, {38, -356, 2125}, {78, -711, 4255}}, {{-4, -5, 4}, {-3, -7, 4}}, {0x60,0x51,0x01,0x0F,0xE3,0x54,0xBE,0x65,0x4E,0x35,0xE6,0x5B,0xB9,0x04,0xE4,0xF4,0x9A,0x10,0xFF,0xFF,0xFE,0x3F,0x01,0x80,0x09,0xE0,0xF4,0x4D,0xA8,0xFF,0x3F,0xFF,0x9F,0x00,0xC0,0x09,0xC8,0xE9,0x3F,0x21}},
    {371, 19, 0x0F, 3, 0, {-1075992, -700915, -3481735}, {{78, -708, 4255}, {39, -353, 2126}, {80, -708, 4248}}, {{-7, -3, 5}, {-6, -7, 5}}, {0x73,0x31,0x01,0x0F,0xA3,0x53,0xBE,0x0D,0x4E,0x35,0xEF,0x5B,0xE9,0x04,0xF0,0xF4,0x9F,0x50,0xFE,0x7F,0xFF,0x7F,0x01,0xC0,0x09,0xF8,0xF4,0x4E,0x48,0xFF,0x3F,0xFF,0xBF,0x00,0x00,0x0A,0xE0,0xE9,0x31,0x21}},
    {392, 21, 0x0F, 3, 0, {-1076144, -700987, -3481667}, {{80, -710, 4248}, {40, -356, 2122}, {80, -711, 4249}}, {{-3, -6, 3}, {-3, -7, 8}}, {0x88,0x51,0x01,0x0F,0x43,0x51,0xBE,0xC5,0x4D,0xB5,0xF7,0x5B,0x09,0x05,0xE8,0xF4,0x98,0x50,0xFF,0xBF,0xFE,0xFF,0x00,0x00,0x0A,0xE0,0xF4,0x4A,0xA8,0xFF,0x3F,0xFF,0x1F,0x01,0x00,0x0A,0xC8,0xE9,0x33,0x21}},
    {411, 19, 0x0F, 3, 0, {-1076272, -701083, -3481571}, {{81, -708, 4245}, {39, -354, 2124}, {79, -710, 4249}}, {{-5, -7, 1}, {-6, -3, 3}}, {0x9B,0x31,0x01,0x0F,0x43,0x4F,0xBE,0x65,0x4D,0xB5,0x03,0x5C,0x19,0x05,0xF0,0xF4,0x95,0xD0,0xFE,0x7F,0xFE,0x7F,0x00,0xC0,0x09,0xF0,0xF4,0x4C,0x48,0xFF,0xBF,0xFF,0x7F,0x00,0xE0,0x09,0xD0,0xE9,0x33,0x21}},
    {431, 20, 0x0F, 3, 0, {-1076432, -701163, -3481519}, {{78, -709, 4251}, {39, -354, 2124}, {76, -707, 4253}}, {{-6, -6, 4}, {-6, -8, 6}}, {0xAF,0x41,0x01,0x0F,0xC3,0x4C,0xBE,0x15,0x4D,0x35,0x0A,0x5C,0xE9,0x04,0xEC,0xF4,0x9B,0x90,0xFE,0xBF,0xFE,0x3F,0x01,0xC0,0x09,0xF0,0xF4,0x4C,0x48,0xFF,0x1F,0xFF,0xDF,0x00,0x80,0x09,0xE8,0xE9,0x3B,0x21}},
    {450, 19, 0x0F, 3, 0, {-1076552, -701275, -3481431}, {{77, -709, 4247}, {37, -356, 2123}, {76, -710, 4247}}, {{-1, -4, 6}, {-3, -8, 2}}, {0xC2,0x31,0x01,0x0F,0xE3,0x4A,0xBE,0xA5,0x4C,0x35,0x15,0x5C,0xD9,0x04,0xEC,0xF4,0x97,0xD0,0xFF,0x3F,0xFF,0xBF,0x01,0x40,0x09,0xE0,0xF4,0x4B,0xA8,0xFF,0x1F,0xFF,0x5F,0x00,0x80,0x09,0xD0,0xE9,0x2F,0x21}},
    {471, 21, 0x0F, 3, 0, {-1076640, -701375, -3481395}, {{77, -711, 4245}, {39, -356, 2123}, {80, -708, 4250}}, {{-8, -7, 1}, {-3, -7, 9}}, {0xD7,0x51,0x01,0x0F,0x83,0x49,0xBE,0x41,0x4C,0xB5,0x19,0x5C,0xD9,0x04,0xE4,0xF4,0x95,0x10,0xFE,0x7F,0xFE,0x7F,0x00,0xC0,0x09,0xE0,0xF4,0x4B,0xA8,0xFF,0x3F,0xFF,0x3F,0x01,0x00,0x0A,0xE0,0xE9,0x35,0x21}},
    {490, 19, 0x0F, 3, 0, {-1076768, -701479, -3481319}, {{79, -705, 4249}, {39, -353, 2124}, {78, -711, 4250}}, {{-3, -6, 3}, {-2, -10, 6}}, {0xEA,0x31,0x01,0x0F,0x83,0x47,0xBE,0xD9,0x4B,0x35,0x23,0x5C,0xF9,0x04,0xFC,0xF4,0x99,0x50,0xFF,0xBF,0xFE,0xFF,0x00,0xC0,0x09,0xF8,0xF4,0x4C,0xC8,0xFF,0xDF,0xFE,0xDF,0x00,0xC0,0x09,0xC8,0xE9,0x35,0x21}},
    {511, 21, 0x0F, 3, 0, {-1076848, -701571, -3481243}, {{75, -711, 4249}, {37, -356, 2125}, {74, -709, 4253}}, {{-5, -5, 5}, {-6, -7, 8}}, {0xFF,0x51,0x01,0x0F,0x43,0x46,0xBE,0x7D,0x4B,0xB5,0x2C,0x5C,0xB9,0x04,0xE4,0xF4,0x99,0xD0,0xFE,0xFF,0xFE,0x7F,0x01,0x40,0x09,0xE0,0xF4,0x4D,0x48,0xFF,0x3F,0xFF,0x1F,0x01,0x40,0x09,0xD8,0xE9,0x3B,0x21}},
    {530, 19, 0x0F, 3, 0, {-1077000, -701663, -3481151}, {{75, -710, 4253}, {38, -355, 2125}, {76, -711, 4251}}, {{-2, -7, 8}, {-3, -5, 2}}, {0x12,0x32,0x01,0x0F,0xE3,0x43,0xBE,0x21,0x4B,0x35,0x38,0x5C,0xB9,0x04,0xE8,0xF4,0x9D,0x90,0xFF,0x7F,0xFE,0x3F,0x02,0x80,0x09,0xE8,0xF4,0x4D,0xA8,0xFF,0x7F,0xFF,0x5F,0x00,0x80,0x09,0xC8,0xE9,0x37,0x21}},
    {551, 21, 0x0F, 3, 0, {-1077112, -701751, -3481067}, {{74, -712, 4249}, {38, -355, 2125}, {74, -709, 4248}}, {{-5, -7, 13}, {-6, -6, 6}}, {0x27,0x52,0x01,0x0F,0x23,0x42,0xBE,0xC9,0x4A,0xB5,0x42,0x5C,0xA9,0x04,0xE0,0xF4,0x99,0xD0,0xFE,0x7F,0xFE,0x7F,0x03,0x80,0x09,0xE8,0xF4,0x4D,0x48,0xFF,0x5F,0xFF,0xDF,0x00,0x40,0x09,0xD8,0xE9,0x31,0x21}},
    {570, 19, 0x0F, 3, 0, {-1077280, -701855, -3480955}, {{75, -709, 4250}, {37, -355, 2124}, {75, -709, 4248}}, {{0, -7, 10}, {-5, -7, 7}}, {0x3A,0x32,0x01,0x0F,0x83,0x3F,0xBE,0x61,0x4A,0xB5,0x50,0x5C,0xB9,0x04,0xEC,0xF4,0x9A,0x10,0x00,0x40,0xFE,0xBF,0x02,0x40,0x09,0xE8,0xF4,0x4C,0x68,0xFF,0x3F,0xFF,0xFF,0x00,0x60,0x09,0xD8,0xE9,0x31,0x21}},
    {590, 20, 0x0F, 3, 0, {-1077408, -701939, -3480843}, {{74, -710, 4248}, {37, -356, 2124}, {74, -709, 4251}}, {{-10, -5, 8}, {-6, -4, 7}}, {0x4E,0x42,0x01,0x0F,0x83,0x3D,0xBE,0x0D,0x4A,0xB5,0x5E,0x5C,0xA9,0x04,0xE8,0xF4,0x98,0x90,0xFD,0xFF,0xFE,0x3F,0x02,0x40,0x09,0xE0,0xF4,0x4C,0x48,0xFF,0x9F,0xFF,0xFF,0x00,0x40,0x09,0xD8,0xE9,0x37,0x21}},
    {609, 19, 0x0F, 3, 0, {-1077632, -702019, -3480735}, {{77, -710, 4249}, {39, -354, 2123}, {78, -713, 4247}}, {{-3, -12, 6}, {-4, -8, 1}}, {0x61,0x32,0x01,0x0F,0x03,0x3A,0xBE,0xBD,0x49,0x35,0x6C,0x5C,0xD9,0x04,0xE8,0xF4,0x99,0x50,0xFF,0x3F,0xFD,0xBF,0x01,0xC0,0x09,0xF0,0xF4,0x4B,0x88,0xFF,0x1F,0xFF,0x3F,0x00,0xC0,0x09,0xB8,0xE9,0x2F,0x21}},
    {630, 21, 0x0F, 3, 0, {-1077704, -702131, -3480655}, {{78, -713, 4250}, {37, -356, 2123}, {73, -713, 4250}}, {{-3, -7, 4}, {-6, -5, 5}}, {0x76,0x52,0x01,0x0F,0xE3,0x38,0xBE,0x4D,0x49,0x35,0x76,0x5C,0xE9,0x04,0xDC,0xF4,0x9A,0x50,0xFF,0x7F,0xFE,0x3F,0x01,0x40,0x09,0xE0,0xF4,0x4B,0x48,0xFF,0x7F,0xFF,0xBF,0x00,0x20,0x09,0xB8,0xE9,0x35,0x21}},
    {649, 19, 0x0F, 3, 0, {-1077840, -702199, -3480591}, {{76, -712, 4248}, {38, -355, 2125}, {77, -710, 4248}}, {{-5, -3, 9}, {-5, -8, 12}}, {0x89,0x32,0x01,0x0F,0xC3,0x36,0xBE,0x09,0x49,0x35,0x7E,0x5C,0xC9,0x04,0xE0,0xF4,0x98,0xD0,0xFE,0x7F,0xFF,0x7F,0x02,0x80,0x09,0xE8,0xF4,0x4D,0x68,0xFF,0x1F,0xFF,0x9F,0x01,0xA0,0x09,0xD0,0xE9,0x31,0x21}},
    {670, 21, 0x0F, 3, 0, {-1078000, -702267, -3480491}, {{76, -709, 4248}, {38, -355, 2126}, {77, -710, 4255}}, {{-5, -8, 6}, {0, -8, 8}}, {0x9E,0x52,0x01,0x0F,0x43,0x34,0xBE,0xC5,0x48,0xB5,0x8A,0x5C,0xC9,0x04,0xEC,0xF4,0x98,0xD0,0xFE,0x3F,0xFE,0xBF,0x01,0x80,0x09,0xE8,0xF4,0x4E,0x08,0x00,0x00,0xFF,0x1F,0x01,0xA0,0x09,0xD0,0xE9,0x3F,0x21}},
    {689, 19, 0x0F, 3, 0, {-1078072, -702363, -3480379}, {{75, -711, 4254}, {38, -355, 2126}, {75, -708, 4252}}, {{-6, -4, 1}, {-4, -5, 8}}, {0xB1,0x32,0x01,0x0F,0x23,0x33,0xBE,0x65,0x48,0xB5,0x98,0x5C,0xB9,0x04,0xE4,0xF4,0x9E,0x90,0xFE,0x3F,0xFF,0x7F,0x00,0x80,0x09,0xE8,0xF4,0x4E,0x88,0xFF,0x7F,0xFF,0x1F,0x01,0x60,0x09,0xE0,0xE9,0x39,0x21}},
    {709, 20, 0x0F, 3, 0, {-1078216, -702443, -3480307}, {{76, -707, 4248}, {37, -353, 2122}, {76, -709, 4255}}, {{-1, -5, 6}, {-5, -2, 1}}, {0xC5,0x42,0x01,0x0F,0xE3,0x30,0xBE,0x15,0x48,0xB5,0xA1,0x5C,0xC9,0x04,0xF4,0xF4,0x98,0xD0,0xFF,0xFF,0xFE,0xBF,0x01,0x40,0x09,0xF8,0xF4,0x4A,0x68,0xFF,0xDF,0xFF,0x3F,0x00,0x80,0x09,0xD8,0xE9,0x3F,0x21}},
    {3309, 22, 0x0F, 3, 0, {-1124616, -732871, -3451335}, {{75, -706, 4253}, {39, -353, 2124}, {80, -705, 4250}}, {{-4, -6, 5}, {-6, -4, 6}}, {0xED,0x6C,0x01,0x0F,0xE3,0x5B,0xBB,0x39,0xD1,0x34,0xC7,0x6A,0xB9,0x04,0xF8,0xF4,0x9D,0x10,0xFF,0xBF,0xFE,0x7F,0x01,0xC0,0x09,0xF8,0xF4,0x4C,0x48,0xFF,0x9F,0xFF,0xDF,0x00,0x00,0x0A,0xF8,0xE9,0x35,0x21}},
    {3331, 22, 0x0F, 3, 0, {-1124768, -732963, -3451239}, {{80, -706, 4249}, {39, -355, 2125}, {78, -715, 4252}}, {{-7, -6, 9}, {-7, -5, 7}}, {0x03,0x6D,0x01,0x0F,0x83,0x59,0xBB,0xDD,0xD0,0x34,0xD3,0x6A,0x09,0x05,0xF8,0xF4,0x99,0x50,0xFE,0xBF,0xFE,0x7F,0x02,0xC0,0x09,0xE8,0xF4,0x4D,0x28,0xFF,0x7F,0xFF,0xFF,0x00,0xC0,0x09,0xA8,0xE9,0x39,0x21}},
    {3352, 21, 0x0F, 3, 0, {-1124976, -733055, -3451127}, {{75, -714, 4252}, {36, -357, 2124}, {72, -712, 4244}}, {{-5, -4, 6}, {-7, -5, 2}}, {0x18,0x5D,0x01,0x0F,0x43,0x56,0xBB,0x81,0xD0,0x34,0xE1,0x6A,0xB9,0x04,0xD8,0xF4,0x9C,0xD0,0xFE,0x3F,0xFF,0xBF,0x01,0x00,0x09,0xD8,0xF4,0x4C,0x28,0xFF,0x7F,0xFF,0x5F,0x00,0x00,0x09,0xC0,0xE9,0x29,0x21}},
    {3374, 22, 0x0F, 3, 0, {-1125192, -733143, -3451071}, {{73, -713, 4244}, {40, -357, 2123}, {82, -708, 4250}}, {{-7, -3, 7}, {-2, -5, 3}}, {0x2E,0x6D,0x01,0x0F,0xE3,0x52,0xBB,0x29,0xD0,0x34,0xE8,0x6A,0x99,0x04,0xDC,0xF4,0x94,0x50,0xFE,0x7F,0xFF,0xFF,0x01,0x00,0x0A,0xD8,0xF4,0x4B,0xC8,0xFF,0x7F,0xFF,0x7F,0x00,0x40,0x0A,0xE0,0xE9,0x35,0x21}},
    {3397, 23, 0x0F, 3, 0, {-1125360, -733215, -3450991}, {{81, -708, 4251}, {39, -353, 2126}, {73, -706, 4255}}, {{-5, -6, 6}, {-7, -2, 5}}, {0x45,0x7D,0x01,0x0F,0x43,0x50,0xBB,0xE1,0xCF,0x34,0xF2,0x6A,0x19,0x05,0xF0,0xF4,0x9B,0xD0,0xFE,0xBF,0xFE,0xBF,0x01,0xC0,0x09,0xF8,0xF4,0x4E,0x28,0xFF,0xDF,0xFF,0xBF,0x00,0x20,0x09,0xF0,0xE9,0x3F,0x21}},
    {3419, 22, 0x0F, 3, 0, {-1125576, -733311, -3450883}, {{73, -705, 4256}, {38, -354, 2126}, {80, -709, 4249}}, {{-5, -7, 3}, {-4, -4, 5}}, {0x5B,0x6D,0x01,0x0F,0xE3,0x4C,0xBB,0x81,0xCF,0xB4,0xFF,0x6A,0x99,0x04,0xFC,0xF4,0xA0,0xD0,0xFE,0x7F,0xFE,0xFF,0x00,0x80,0x09,0xF0,0xF4,0x4E,0x88,0xFF,0x9F,0xFF,0xBF,0x00,0x00,0x0A,0xD8,0xE9,0x33,0x21}},
    {3440, 21, 0x0F, 3, 0, {-1125688, -733403, -3450799}, {{78, -710, 4250}, {38, -354, 2124}, {77, -712, 4247}}, {{-3, -5, 7}, {-4, -6, 11}}, {0x70,0x5D,0x01,0x0F,0x23,0x4B,0xBB,0x25,0xCF,0x34,0x0A,0x6B,0xE9,0x04,0xE8,0xF4,0x9A,0x50,0xFF,0xFF,0xFE,0xFF,0x01,0x80,0x09,0xF0,0xF4,0x4C,0x88,0xFF,0x5F,0xFF,0x7F,0x01,0xA0,0x09,0xC0,0xE9,0x2F,0x21}},
    {3462, 22, 0x0F, 3, 0, {-1125808, -733515, -3450683}, {{78, -709, 4248}, {40, -354, 2125}, {77, -709, 4247}}, {{-1, -8, 6}, {-3, -6, 6}}, {0x86,0x6D,0x01,0x0F,0x43,0x49,0xBB,0xB5,0xCE,0xB4,0x18,0x6B,0xE9,0x04,0xEC,0xF4,0x98,0xD0,0xFF,0x3F,0xFE,0xBF,0x01,0x00,0x0A,0xF0,0xF4,0x4D,0xA8,0xFF,0x5F,0xFF,0xDF,0x00,0xA0,0x09,0xD8,0xE9,0x2F,0x21}},
    {3484, 22, 0x0F, 3, 0, {-1125896, -733611, -3450587}, {{75, -709, 4247}, {38, -354, 2125}, {76, -706, 4249}}, {{-6, -7, 7}, {-4, -6, 7}}, {0x9C,0x6D,0x01,0x0F,0xE3,0x47,0xBB,0x55,0xCE,0xB4,0x24,0x6B,0xB9,0x04,0xEC,0xF4,0x97,0x90,0xFE,0x7F,0xFE,0xFF,0x01,0x80,0x09,0xF0,0xF4,0x4D,0x88,0xFF,0x5F,0xFF,0xFF,0x00,0x80,0x09,0xF0,0xE9,0x33,0x21}},
    {3506, 22, 0x0F, 3, 0, {-1126080, -733711, -3450471}, {{79, -709, 4252}, {39, -354, 2124}, {77, -707, 4250}}, {{-6, -5, 4}, {-4, -6, 3}}, {0xB2,0x6D,0x01,0x0F,0x03,0x45,0xBB,0xF1,0xCD,0x34,0x33,0x6B,0xF9,0x04,0xEC,0xF4,0x9C,0x90,0xFE,0xFF,0xFE,0x3F,0x01,0xC0,0x09,0xF0,0xF4,0x4C,0x88,0xFF,0x5F,0xFF,0x7F,0x00,0xA0,0x09,0xE8,0xE9,0x35,0x21}},
    {3527, 21, 0x0F, 3, 0, {-1126232, -733791, -3450375}, {{80, -710, 4246}, {40, -355, 2123}, {78, -712, 4247}}, {{-4, -4, 5}, {-7, 0, 3}}, {0xC7,0x5D,0x01,0x0F,0xA3,0x42,0xBB,0xA1,0xCD,0x34,0x3F,0x6B,0x09,0x05,0xE8,0xF4,0x96,0x10,0xFF,0x3F,0xFF,0x7F,0x01,0x00,0x0A,0xE8,0xF4,0x4B,0x28,0xFF,0x1F,0x00,0x60,0x00,0xC0,0x09,0xC0,0xE9,0x2F,0x21}},
    {3549, 22, 0x0F, 3, 0, {-1126408, -733867, -3450311}, {{80, -713, 4249}, {41, -354, 2125}, {82, -708, 4251}}, {{-6, -8, 5}, {-3, -9, 4}}, {0xDD,0x6D,0x01,0x0F,0xE3,0x3F,0xBB,0x55,0xCD,0x34,0x47,0x6B,0x09,0x05,0xDC,0xF4,0x99,0x90,0xFE,0x3F,0xFE,0x7F,0x01,0x40,0x0A,0xF0,0xF4,0x4D,0xA8,0xFF,0xFF,0xFE,0x9F,0x00,0x40,0x0A,0xE0,0xE9,0x37,0x21}},
    {3571, 22, 0x0F, 3, 0, {-1126552, -733991, -3450215}, {{76, -707, 4254}, {36, -355, 2125}, {71, -711, 4246}}, {{-5, -10, 7}, {-4, -8, 8}}, {0xF3,0x6D,0x01,0x0F,0xA3,0x3D,0xBB,0xD9,0xCC,0x34,0x53,0x6B,0xC9,0x04,0xF4,0xF4,0x9E,0xD0,0xFE,0xBF,0xFD,0xFF,0x01,0x00,0x09,0xE8,0xF4,0x4D,0x88,0xFF,0x1F,0xFF,0x1F,0x01,0xE0,0x08,0xC8,0xE9,0x2D,0x21}},
    {3594, 23, 0x0F, 3, 0, {-1126672, -734135, -3450095}, {{73, -712, 4249}, {38, -357, 2123}, {79, -713, 4252}}, {{-4, -5, 12}, {-4, -6, 9}}, {0x0A,0x7E,0x01,0x0F,0xC3,0x3B,0xBB,0x49,0xCC,0x34,0x62,0x6B,0x99,0x04,0xE0,0xF4,0x99,0x10,0xFF,0xFF,0xFE,0x3F,0x03,0x80,0x09,0xD8,0xF4,0x4B,0x88,0xFF,0x5F,0xFF,0x3F,0x01,0xE0,0x09,0xB8,0xE9,0x39,0x21}},
    {3614, 20, 0x0F, 3, 0, {-1126856, -734227, -3449935}, {{79, -709, 4252}, {39, -354, 2124}, {76, -707, 4243}}, {{-4, -7, 10}, {-5, -8, 4}}, {0x1E,0x4E,0x01,0x0F,0xE3,0x38,0xBB,0xED,0xCB,0x34,0x76,0x6B,0xF9,0x04,0xEC,0xF4,0x9C,0x10,0xFF,0x7F,0xFE,0xBF,0x02,0xC0,0x09,0xF0,0xF4,0x4C,0x68,0xFF,0x1F,0xFF,0x9F,0x00,0x80,0x09,0xE8,0xE9,0x27,0x21}},
    {3636, 22, 0x0F, 3, 0, {-1126960, -734327, -3449811}, {{75, -706, 4252}, {37, -353, 2125}, {74, -707, 4251}}, {{-3, -6, 7}, {-3, -4, 8}}, {0x34,0x6E,0x01,0x0F,0x43,0x37,0xBB,0x89,0xCB,0xB4,0x85,0x6B,0xB9,0x04,0xF8,0xF4,0x9C,0x50,0xFF,0xBF,0xFE,0xFF,0x01,0x40,0x09,0xF8,0xF4,0x4D,0xA8,0xFF,0x9F,0xFF,0x1F,0x01,0x40,0x09,0xE8,0xE9,0x37,0x21}},
    {3659, 23, 0x0F, 3, 0, {-1127104, -734439, -3449703}, {{80, -710, 4250}, {38, -357, 2122}, {72, -710, 4250}}, {{-3, -8, 10}, {-3, -4, 5}}, {0x4B,0x7E,0x01,0x0F,0x03,0x35,0xBB,0x19,0xCB,0x34,0x93,0x6B,0x09,0x05,0xE8,0xF4,0x9A,0x50,0xFF,0x3F,0xFE,0xBF,0x02,0x80,0x09,0xD8,0xF4,0x4A,0xA8,0xFF,0x9F,0xFF,0xBF,0x00,0x00,0x09,0xD0,0xE9,0x35,0x21}},
    {3681, 22, 0x0F, 3, 0, {-1127240, -734515, -3449555}, {{75, -709, 4249}, {38, -354, 2126}, {78, -707, 4253}}, {{-4, -8, 7}, {-4, -4, 5}}, {0x61,0x6E,0x01,0x0F,0xE3,0x32,0xBB,0xCD,0xCA,0xB4,0xA5,0x6B,0xB9,0x04,0xEC,0xF4,0x99,0x10,0xFF,0x3F,0xFE,0xFF,0x01,0x80,0x09,0xF0,0xF4,0x4E,0x88,0xFF,0x9F,0xFF,0xBF,0x00,0xC0,0x09,0xE8,0xE9,0x3B,0x21}},
    {3702, 21, 0x0F, 3, 0, {-1127328, -734627, -3449447}, {{77, -707, 4253}, {39, -354, 2127}, {76, -707, 4254}}, {{-4, -8, 5}, {-4, -11, 6}}, {0x76,0x5E,0x01,0x0F,0x83,0x31,0xBB,0x5D,0xCA,0x34,0xB3,0x6B,0xD9,0x04,0xF4,0xF4,0x9D,0x10,0xFF,0x3F,0xFE,0x7F,0x01,0xC0,0x09,0xF0,0xF4,0x4F,0x88,0xFF,0xBF,0xFE,0xDF,0x00,0x80,0x09,0xE8,0xE9,0x3D,0x21}},
    {3724, 22, 0x0F, 3, 0, {-1127464, -734771, -3449335}, {{77, -707, 4255}, {38, -354, 2127}, {78, -709, 4251}}, {{-5, -7, 7}, {-4, -6, 8}}, {0x8C,0x6E,0x01,0x0F,0x63,0x2F,0xBB,0xCD,0xC9,0x34,0xC1,0x6B,0xD9,0x04,0xF4,0xF4,0x9F,0xD0,0xFE,0x7F,0xFE,0xFF,0x01,0x80,0x09,0xF0,0xF4,0x4F,0x88,0xFF,0x5F,0xFF,0x1F,0x01,0xC0,0x09,0xD8,0xE9,0x37,0x21}},
    {3746, 22, 0x0F, 3, 0, {-1127624, -734851, -3449231}, {{75, -708, 4249}, {38, -355, 2124}, {79, -712, 4249}}, {{-4, -5, 8}, {-5, -1, 7}}, {0xA2,0x6E,0x01,0x0F,0xE3,0x2C,0xBB,0x7D,0xC9,0x34,0xCE,0x6B,0xB9,0x04,0xF0,0xF4,0x99,0x10,0xFF,0xFF,0xFE,0x3F,0x02,0x80,0x09,0xE8,0xF4,0x4C,0x68,0xFF,0xFF,0xFF,0xFF,0x00,0xE0,0x09,0xC0,0xE9,0x33,0x21}},
    {3768, 22, 0x0F, 3, 0, {-1127784, -734899, -3449131}, {{77, -713, 4249}, {39, -356, 2123}, {78, -710, 4251}}, {{-4, -7, 6}, {-7, -4, 8}}, {0xB8,0x6E,0x01,0x0F,0x63,0x2A,0xBB,0x4D,0xC9,0xB4,0xDA,0x6B,0xD9,0x04,0xDC,0xF4,0x99,0x10,0xFF,0x7F,0xFE,0xBF,0x01,0xC0,0x09,0xE0,0xF4,0x4B,0x28,0xFF,0x9F,0xFF,0x1F,0x01,0xC0,0x09,0xD0,0xE9,0x37,0x21}},
    {3789, 21, 0x0F, 3, 0, {-1127960, -734967, -3449035}, {{77, -710, 4250}, {41, -352, 2124}, {82, -706, 4249}}, {{-7, -5, 6}, {-5, -6, 5}}, {0xCD,0x5E,0x01,0x0F,0xA3,0x27,0xBB,0x09,0xC9,0xB4,0xE6,0x6B,0xD9,0x04,0xE8,0xF4,0x9A,0x50,0xFE,0xFF,0xFE,0xBF,0x01,0x40,0x0A,0x00,0xF5,0x4C,0x68,0xFF,0x5F,0xFF,0xBF,0x00,0x40,0x0A,0xF0,0xE9,0x33,0x21}},
    {3811, 22, 0x0F, 3, 0, {-1128184, -735051, -3448967}, {{78, -708, 4252}, {37, -355, 2125}, {71, -711, 4249}}, {{-5, -5, 8}, {-5, -4, 6}}, {0xE3,0x6E,0x01,0x0F,0x23,0x24,0xBB,0xB5,0xC8,0x34,0xEF,0x6B,0xE9,0x04,0xF0,0xF4,0x9C,0xD0,0xFE,0xFF,0xFE,0x3F,0x02,0x40,0x09,0xE8,0xF4,0x4D,0x68,0xFF,0x9F,0xFF,0xDF,0x00,0xE0,0x08,0xC8,0xE9,0x33,0x21}},
    {3833, 22, 0x0F, 3, 0, {-1128416, -735123, -3448867}, {{72, -709, 4248}, {38, -354, 2123}, {76, -710, 4243}}, {{-6, -7, 12}, {-3, -8, 8}}, {0xF9,0x6E,0x01,0x0F,0x83,0x20,0xBB,0x6D,0xC8,0xB4,0xFB,0x6B,0x89,0x04,0xEC,0xF4,0x98,0x90,0xFE,0x7F,0xFE,0x3F,0x03,0x80,0x09,0xF0,0xF4,0x4B,0xA8,0xFF,0x1F,0xFF,0x1F,0x01,0x80,0x09,0xD0,0xE9,0x27,0x21}},
    {3856, 23, 0x0F, 3, 0, {-1128576, -735235, -3448719}, {{78, -710, 4244}, {40, -355, 2123}, {79, -706, 4246}}, {{-4, -10, 9}, {-4, -4, 8}}, {0x10,0x7F,0x01,0x0F,0x03,0x1E,0xBB,0xFD,0xC7,0x34,0x0E,0x6C,0xE9,0x04,0xE8,0xF4,0x94,0x10,0xFF,0xBF,0xFD,0x7F,0x02,0x00,0x0A,0xE8,0xF4,0x4B,0x88,0xFF,0x9F,0xFF,0x1F,0x01,0xE0,0x09,0xF0,0xE9,0x2D,0x21}},
    {3876, 20, 0x0F, 3, 0, {-1128696, -735335, -3448567}, {{76, -709, 4249}, {36, -354, 2124}, {71, -707, 4249}}, {{-1, -4, 5}, {-5, -4, 9}}, {0x24,0x4F,0x01,0x0F,0x23,0x1C,0xBB,0x99,0xC7,0x34,0x21,0x6C,0xC9,0x04,0xEC,0xF4,0x99,0xD0,0xFF,0x3F,0xFF,0x7F,0x01,0x00,0x09,0xF0,0xF4,0x4C,0x68,0xFF,0x9F,0xFF,0x3F,0x01,0xE0,0x08,0xE8,0xE9,0x33,0x21}},
    {3899, 23, 0x0F, 3, 0, {-1128856, -735407, -3448443}, {{77, -710, 4249}, {38, -356, 2123}, {80, -712, 4246}}, {{-3, -7, 9}, {-8, -7, 15}}, {0x3B,0x7F,0x01,0x0F,0xA3,0x19,0xBB,0x51,0xC7,0xB4,0x30,0x6C,0xD9,0x04,0xE8,0xF4,0x99,0x50,0xFF,0x7F,0xFE,0x7F,0x02,0x80,0x09,0xE0,0xF4,0x4B,0x08,0xFF,0x3F,0xFF,0xFF,0x01,0x00,0x0A,0xC0,0xE9,0x2D,0x21}},
    {3921, 22, 0x0F, 3, 0, {-1129080, -735535, -3448267}, {{77, -712, 4247}, {38, -355, 2124}, {76, -706, 4248}}, {{-5, -9, 5}, {-5, -5, 10}}, {0x51,0x6F,0x01,0x0F,0x23,0x16,0xBB,0xD1,0xC6,0xB4,0x46,0x6C,0xD9,0x04,0xE0,0xF4,0x97,0xD0,0xFE,0xFF,0xFD,0x7F,0x01,0x80,0x09,0xE8,0xF4,0x4C,0x68,0xFF,0x7F,0xFF,0x5F,0x01,0x80,0x09,0xF0,0xE9,0x31,0x21}},
    {3943, 22, 0x0F, 3, 0, {-1129224, -735631, -3448139}, {{78, -707, 4248}, {38, -354, 2125}, {79, -712, 4254}}, {{-3, -8, 9}, {-2, -3, 3}}, {0x67,0x6F,0x01,0x0F,0xE3,0x13,0xBB,0x71,0xC6,0xB4,0x56,0x6C,0xE9,0x04,0xF4,0xF4,0x98,0x50,0xFF,0x3F,0xFE,0x7F,0x02,0x80,0x09,0xF0,0xF4,0x4D,0xC8,0xFF,0xBF,0xFF,0x7F,0x00,0xE0,0x09,0xC0,0xE9,0x3D,0x21}},
    {3964, 21, 0x0F, 3, 0, {-1129328, -735691, -3448047}, {{77, -710, 4251}, {39, -355, 2126}, {76, -708, 4249}}, {{-8, -7, 8}, {-4, -9, 9}}, {0x7C,0x5F,0x01,0x0F,0x43,0x12,0xBB,0x35,0xC6,0x34,0x62,0x6C,0xD9,0x04,0xE8,0xF4,0x9B,0x10,0xFE,0x7F,0xFE,0x3F,0x02,0xC0,0x09,0xE8,0xF4,0x4E,0x88,0xFF,0xFF,0xFE,0x3F,0x01,0x80,0x09,0xE0,0xE9,0x33,0x21}},
    {3986, 22, 0x0F, 3, 0, {-1129472, -735803, -3447903}, {{75, -709, 4251}, {39, -354, 2126}, {78, -710, 4249}}, {{-7, -5, 0}, {-4, -10, 8}}, {0x92,0x6F,0x01,0x0F,0x03,0x10,0xBB,0xC5,0xC5,0x34,0x74,0x6C,0xB9,0x04,0xEC,0xF4,0x9B,0x50,0xFE,0xFF,0xFE,0x3F,0x00,0xC0,0x09,0xF0,0xF4,0x4E,0x88,0xFF,0xDF,0xFE,0x1F,0x01,0xC0,0x09,0xD0,0xE9,0x33,0x21}},
    {4008, 22, 0x0F, 3, 0, {-1129672, -735911, -3447807}, {{77, -713, 4248}, {39, -356, 2124}, {79, -707, 4252}}, {{-5, -4, 12}, {-5, -4, 10}}, {0xA8,0x6F,0x01,0x0F,0xE3,0x0C,0xBB,0x59,0xC5,0x34,0x80,0x6C,0xD9,0x04,0xDC,0xF4,0x98,0xD0,0xFE,0x3F,0xFF,0x3F,0x03,0xC0,0x09,0xE0,0xF4,0x4C,0x68,0xFF,0x9F,0xFF,0x5F,0x01,0xE0,0x09,0xE8,0xE9,0x39,0x21}},
    {4030, 22, 0x0F, 3, 0, {-1129872, -735995, -3447655}, {{79, -706, 4247}, {38, -355, 2122}, {72, -711, 4249}}, {{-6, -5, 7}, {-6, -4, 5}}, {0xBE,0x6F,0x01,0x0F,0xC3,0x09,0xBB,0x05,0xC5,0x34,0x93,0x6C,0xF9,0x04,0xF8,0xF4,0x97,0x90,0xFE,0xFF,0xFE,0xFF,0x01,0x80,0x09,0xE8,0xF4,0x4A,0x48,0xFF,0x9F,0xFF,0xBF,0x00,0x00,0x09,0xC8,0xE9,0x33,0x21}},
    {4051, 21, 0x0F, 3, 0, {-1130040, -736087, -3447551}, {{73, -714, 4248}, {38, -356, 2126}, {75, -713, 4255}}, {{-3, -5, 10}, {-6, -6, 0}}, {0xD3,0x5F,0x01,0x0F,0x23,0x07,0xBB,0xA9,0xC4,0x34,0xA0,0x6C,0x99,0x04,0xD8,0xF4,0x98,0x50,0xFF,0xFF,0xFE,0xBF,0x02,0x80,0x09,0xE0,0xF4,0x4E,0x48,0xFF,0x5F,0xFF,0x1F,0x00,0x60,0x09,0xB8,0xE9,0x3F,0x21}},
    {4073, 22, 0x0F, 3, 0, {-1130184, -736191, -3447471}, {{77, -712, 4251}, {39, -356, 2125}, {80, -712, 4251}}, {{-5, -5, 3}, {-2, -7, 6}}, {0xE9,0x6F,0x01,0x0F,0xE3,0x04,0xBB,0x41,0xC4,0x34,0xAA,0x6C,0xD9,0x04,0xE0,0xF4,0x9B,0xD0,0xFE,0xFF,0xFE,0xFF,0x00,0xC0,0x09,0xE0,0xF4,0x4D,0xC8,0xFF,0x3F,0xFF,0xDF,0x00,0x00,0x0A,0xC0,0xE9,0x37,0x21}},
    {0, 23, 0x0F, 3, 0, {-1130344, -736279, -3447387}, {{79, -709, 4246}, {37, -354, 2124}, {75, -708, 4246}}, {{-3, -5, 9}, {-8, -6, 8}}, {0x00,0x70,0x01,0x0F,0x63,0x02,0xBB,0xE9,0xC3,0xB4,0xB4,0x6C,0xF9,0x04,0xEC,0xF4,0x96,0x50,0xFF,0xFF,0xFE,0x7F,0x02,0x40,0x09,0xF0,0xF4,0x4C,0x08,0xFF,0x5F,0xFF,0x1F,0x01,0x60,0x09,0xE0,0xE9,0x2D,0x21}},
    {22, 22, 0x0F, 3, 0, {-1130552, -736371, -3447235}, {{73, -708, 4247}, {38, -355, 2124}, {78, -713, 4249}}, {{-7, -4, 4}, {-4, -5, 5}}, {0x16,0x60,0x01,0x0F,0x23,0xFF,0xBA,0x8D,0xC3,0xB4,0xC7,0x6C,0x99,0x04,0xF0,0xF4,0x97,0x50,0xFE,0x3F,0xFF,0x3F,0x01,0x80,0x09,0xE8,0xF4,0x4C,0x88,0xFF,0x7F,0xFF,0xBF,0x00,0xC0,0x09,0xB8,0xE9,0x33,0x21}},
    {42, 20, 0x0F, 3, 0, {-1130704, -736459, -3447167}, {{79, -713, 4252}, {39, -355, 2124}, {74, -709, 4246}}, {{-4, -5, 6}, {0, -4, 7}}, {0x2A,0x40,0x01,0x0F,0xC3,0xFC,0xBA,0x35,0xC3,0x34,0xD0,0x6C,0xF9,0x04,0xDC,0xF4,0x9C,0x10,0xFF,0xFF,0xFE,0xBF,0x01,0xC0,0x09,0xE8,0xF4,0x4C,0x08,0x00,0x80,0xFF,0xFF,0x00,0x40,0x09,0xD8,0xE9,0x2D,0x21}},
    {65, 23, 0x0F, 3, 0, {-1130800, -736535, -3447067}, {{76, -708, 4249}, {38, -355, 2124}, {80, -711, 4248}}, {{-4, -8, 9}, {-8, -11, 7}}, {0x41,0x70,0x01,0x0F,0x43,0xFB,0xBA,0xE9,0xC2,0xB4,0xDC,0x6C,0xC9,0x04,0xF0,0xF4,0x99,0x10,0xFF,0x3F,0xFE,0x7F,0x02,0x80,0x09,0xE8,0xF4,0x4C,0x08,0xFF,0xBF,0xFE,0xFF,0x00,0x00,0x0A,0xC8,0xE9,0x31,0x21}},
    {87, 22, 0x0F, 3, 0, {-1130992, -736687, -3446919}, {{81, -711, 4249}, {40, -355, 2123}, {81, -709, 4245}}, {{-4, -6, 8}, {-3, -7, 6}}, {0x57,0x60,0x01,0x0F,0x43,0xF8,0xBA,0x51,0xC2,0x34,0xEF,0x6C,0x19,0x05,0xE4,0xF4,0x99,0x10,0xFF,0xBF,0xFE,0x3F,0x02,0x00,0x0A,0xE8,0xF4,0x4B,0xA8,0xFF,0x3F,0xFF,0xDF,0x00,0x20,0x0A,0xD8,0xE9,0x2B,0x21}},
    {109, 22, 0x0F, 3, 0, {-1131128, -736775, -3446811}, {{77, -709, 4247}, {39, -354, 2124}, {75, -710, 4248}}, {{-7, -4, 10}, {-8, -3, 6}}, {0x6D,0x60,0x01,0x0F,0x23,0xF6,0xBA,0xF9,0xC1,0xB4,0xFC,0x6C,0xD9,0x04,0xEC,0xF4,0x97,0x50,0xFE,0x3F,0xFF,0xBF,0x02,0xC0,0x09,0xF0,0xF4,0x4C,0x08,0xFF,0xBF,0xFF,0xDF,0x00,0x60,0x09,0xD0,0xE9,0x31,0x21}},
    {130, 21, 0x0F, 3, 0, {-1131352, -736847, -3446707}, {{74, -710, 4245}, {37, -355, 2123}, {78, -711, 4246}}, {{-4, -7, 5}, {-6, -9, 7}}, {0x82,0x50,0x01,0x0F,0xA3,0xF2,0xBA,0xB1,0xC1,0xB4,0x09,0x6D,0xA9,0x04,0xE8,0xF4,0x95,0x10,0xFF,0x7F,0xFE,0x7F,0x01,0x40,0x09,0xE8,0xF4,0x4B,0x48,0xFF,0xFF,0xFE,0xFF,0x00,0xC0,0x09,0xC8,0xE9,0x2D,0x21}},
    {152, 22, 0x0F, 3, 0, {-1131520, -736963, -3446603}, {{80, -709, 4246}, {40, -354, 2123}, {75, -705, 4250}}, {{-6, -8, 3}, {-3, -5, 4}}, {0x98,0x60,0x01,0x0F,0x03,0xF0,0xBA,0x3D,0xC1,0xB4,0x16,0x6D,0x09,0x05,0xEC,0xF4,0x96,0x90,0xFE,0x3F,0xFE,0xFF,0x00,0x00,0x0A,0xF0,0xF4,0x4B,0xA8,0xFF,0x7F,0xFF,0x9F,0x00,0x60,0x09,0xF8,0xE9,0x35,0x21}},
    {174, 22, 0x0F, 3, 0, {-1131640, -737059, -3446535}, {{69, -707, 4249}, {34, -354, 2123}, {71, -710, 4250}}, {{-3, -7, 5}, {-6, -6, 7}}, {0xAE,0x60,0x01,0x0F,0x23,0xEE,0xBA,0xDD,0xC0,0x34,0x1F,0x6D,0x59,0x04,0xF4,0xF4,0x99,0x50,0xFF,0x7F,0xFE,0x7F,0x01,0x80,0x08,0xF0,0xF4,0x4B,0x48,0xFF,0x5F,0xFF,0xFF,0x00,0xE0,0x08,0xD0,0xE9,0x35,0x21}},
    {197, 23, 0x0F, 3, 0, {-1131768, -737131, -3446455}, {{74, -710, 4253}, {39, -354, 2127}, {80, -711, 4249}}, {{-7, -6, 8}, {-4, -5, 6}}, {0xC5,0x70,0x01,0x0F,0x23,0xEC,0xBA,0x95,0xC0,0x34,0x29,0x6D,0xA9,0x04,0xE8,0xF4,0x9D,0x50,0xFE,0xBF,0xFE,0x3F,0x02,0xC0,0x09,0xF0,0xF4,0x4F,0x88,0xFF,0x7F,0xFF,0xDF,0x00,0x00,0x0A,0xC8,0xE9,0x33,0x21}},
    {217, 20, 0x0F, 3, 0, {-1131952, -737235, -3446343}, {{78, -711, 4248}, {39, -354, 2124}, {74, -708, 4250}}, {{-4, -8, 5}, {-2, -13, 3}}, {0xD9,0x40,0x01,0x0F,0x43,0xE9,0xBA,0x2D,0xC0,0x34,0x37,0x6D,0xE9,0x04,0xE4,0xF4,0x98,0x10,0xFF,0x3F,0xFE,0x7F,0x01,0xC0,0x09,0xF0,0xF4,0x4C,0xC8,0xFF,0x7F,0xFE,0x7F,0x00,0x40,0x09,0xE0,0xE9,0x35,0x21}},
    {239, 22, 0x0F, 3, 0, {-1132016, -737395, -3446255}, {{74, -708, 4253}, {37, -355, 2128}, {80, -707, 4254}}, {{-4, -9, 7}, {-6, -8, 9}}, {0xEF,0x60,0x01,0x0F,0x43,0xE8,0xBA,0x8D,0xBF,0x34,0x42,0x6D,0xA9,0x04,0xF0,0xF4,0x9D,0x10,0xFF,0xFF,0xFD,0xFF,0x01,0x40,0x09,0xE8,0xF4,0x50,0x48,0xFF,0x1F,0xFF,0x3F,0x01,0x00,0x0A,0xE8,0xE9,0x3D,0x21}},
    {262, 23, 0x0F, 3, 0, {-1132184, -737531, -3446127}, {{80, -708, 4250}, {40, -355, 2123}, {79, -712, 4249}}, {{-6, -6, 11}, {-4, -4, 4}}, {0x06,0x71,0x01,0x0F,0xA3,0xE5,0xBA,0x05,0xBF,0x34,0x52,0x6D,0x09,0x05,0xF0,0xF4,0x9A,0x90,0xFE,0xBF,0xFE,0xFF,0x02,0x00,0x0A,0xE8,0xF4,0x4B,0x88,0xFF,0x9F,0xFF,0x9F,0x00,0xE0,0x09,0xC0,0xE9,0x33,0x21}},
    {3659, 24, 0x0F, 3, 0, {-1183456, -770947, -3411359}, {{75, -712, 4250}, {38, -354, 2124}, {77, -709, 4249}}, {{-3, -4, 10}, {-3, -7, 7}}, {0x4B,0x8E,0x01,0x0F,0x83,0xC4,0xB7,0x7D,0x3C,0x34,0x4C,0x7E,0xB9,0x04,0xE0,0xF4,0x9A,0x50,0xFF,0x3F,0xFF,0xBF,0x02,0x80,0x09,0xF0,0xF4,0x4C,0xA8,0xFF,0x3F,0xFF,0xFF,0x00,0xA0,0x09,0xD8,0xE9,0x33,0x21}},
    {3683, 24, 0x0F, 3, 0, {-1183600, -771059, -3411227}, {{78, -710, 4250}, {38, -355, 2123}, {78, -712, 4245}}, {{-5, -4, 9}, {-5, -6, 5}}, {0x63,0x8E,0x01,0x0F,0x43,0xC2,0xB7,0x0D,0x3C,0xB4,0x5C,0x7E,0xE9,0x04,0xE8,0xF4,0x9A,0xD0,0xFE,0x3F,0xFF,0x7F,0x02,0x80,0x09,0xE8,0xF4,0x4B,0x68,0xFF,0x5F,0xFF,0xBF,0x00,0xC0,0x09,0xC0,0xE9,0x2B,0x21}},
    {3707, 24, 0x0F, 3, 0, {-1183824, -771159, -3411127}, {{78, -713, 4249}, {39, -356, 2124}, {78, -709, 4251}}, {{-5, -8, 6}, {-6, -11, 4}}, {0x7B,0x8E,0x01,0x0F,0xC3,0xBE,0xB7,0xA9,0x3B,0x34,0x69,0x7E,0xE9,0x04,0xDC,0xF4,0x99,0xD0,0xFE,0x3F,0xFE,0xBF,0x01,0xC0,0x09,0xE0,0xF4,0x4C,0x48,0xFF,0xBF,0xFE,0x9F,0x00,0xC0,0x09,0xD8,0xE9,0x37,0x21}},
    {3731, 24, 0x0F, 3, 0, {-1184000, -771319, -3411023}, {{77, -709, 4248}, {39, -354, 2122}, {76, -708, 4247}}, {{-9, -9, 6}, {-5, -8, 7}}, {0x93,0x8E,0x01,0x0F,0x03,0xBC,0xB7,0x09,0x3B,0x34,0x76,0x7E,0xD9,0x04,0xEC,0xF4,0x98,0xD0,0xFD,0xFF,0xFD,0xBF,0x01,0xC0,0x09,0xF0,0xF4,0x4A,0x68,0xFF,0x1F,0xFF,0xFF,0x00,0x80,0x09,0xE0,0xE9,0x2F,0x21}},
    {3754, 23, 0x0F, 3, 0, {-1184216, -771455, -3410935}, {{78, -708, 4247}, {39, -355, 2124}, {75, -708, 4250}}, {{-5, -3, 8}, {-8, -7, 11}}, {0xAA,0x7E,0x01,0x0F,0xA3,0xB8,0xB7,0x81,0x3A,0x34,0x81,0x7E,0xE9,0x04,0xF0,0xF4,0x97,0xD0,0xFE,0x7F,0xFF,0x3F,0x02,0xC0,0x09,0xE8,0xF4,0x4C,0x08,0xFF,0x3F,0xFF,0x7F,0x01,0x60,0x09,0xE0,0xE9,0x35,0x21}},
    {3778, 24, 0x0F, 3, 0, {-1184440, -771543, -3410803}, {{76, -710, 4251}, {38, -355, 2125}, {77, -712, 4249}}, {{-6, -5, 7}, {-4, -9, 2}}, {0xC2,0x8E,0x01,0x0F,0x23,0xB5,0xB7,0x29,0x3A,0xB4,0x91,0x7E,0xC9,0x04,0xE8,0xF4,0x9B,0x90,0xFE,0xFF,0xFE,0xFF,0x01,0x80,0x09,0xE8,0xF4,0x4D,0x88,0xFF,0xFF,0xFE,0x5F,0x00,0xA0,0x09,0xC0,0xE9,0x33,0x21}},
    {3802, 24, 0x0F, 3, 0, {-1184600, -771687, -3410707}, {{77, -710, 4250}, {39, -354, 2124}, {79, -709, 4249}}, {{-5, -8, 5}, {-5, -4, 4}}, {0xDA,0x8E,0x01,0x0F,0xA3,0xB2,0xB7,0x99,0x39,0xB4,0x9D,0x7E,0xD9,0x04,0xE8,0xF4,0x9A,0xD0,0xFE,0x3F,0xFE,0x7F,0x01,0xC0,0x09,0xF0,0xF4,0x4C,0x68,0xFF,0x9F,0xFF,0x9F,0x00,0xE0,0x09,0xD8,0xE9,0x33,0x21}},
    {3826, 24, 0x0F, 3, 0, {-1184768, -771807, -3410603}, {{78, -708, 4252}, {38, -354, 2127}, {76, -708, 4252}}, {{-2, -6, 7}, {-6, -2, 7}}, {0xF2,0x8E,0x01,0x0F,0x03,0xB0,0xB7,0x21,0x39,0xB4,0xAA,0x7E,0xE9,0x04,0xF0,0xF4,0x9C,0x90,0xFF,0xBF,0xFE,0xFF,0x01,0x80,0x09,0xF0,0xF4,0x4F,0x48,0xFF,0xDF,0xFF,0xFF,0x00,0x80,0x09,0xE0,0xE9,0x39,0x21}},
    {3850, 24, 0x0F, 3, 0, {-1184960, -771903, -3410471}, {{75, -709, 4251}, {38, -356, 2124}, {79, -712, 4248}}, {{-5, -5, 10}, {-4, -5, 9}}, {0x0A,0x8F,0x01,0x0F,0x03,0xAD,0xB7,0xC1,0x38,0x34,0xBB,0x7E,0xB9,0x04,0xEC,0xF4,0x9B,0xD0,0xFE,0xFF,0xFE,0xBF,0x02,0x80,0x09,0xE0,0xF4,0x4C,0x88,0xFF,0x7F,0xFF,0x3F,0x01,0xE0,0x09,0xC0,0xE9,0x31,0x21}},
    {3874, 24, 0x0F, 3, 0, {-1185176, -772015, -3410331}, {{79, -709, 4248}, {40, -355, 2125}, {80, -709, 4253}}, {{-6, -6, 7}, {-1, -3, 7}}, {0x22,0x8F,0x01,0x0F,0xA3,0xA9,0xB7,0x51,0x38,0xB4,0xCC,0x7E,0xF9,0x04,0xEC,0xF4,0x98,0x90,0xFE,0xBF,0xFE,0xFF,0x01,0x00,0x0A,0xE8,0xF4,0x4D,0xE8,0xFF,0xBF,0xFF,0xFF,0x00,0x00,0x0A,0xD8,0xE9,0x3B,0x21}},
    {3897, 23, 0x0F, 3, 0, {-1185328, -772103, -3410223}, {{79, -710, 4250}, {39, -355, 2124}, {73, -710, 4244}}, {{-5, -6, 6}, {-6, -7, 8}}, {0x39,0x7F,0x01,0x0F,0x43,0xA7,0xB7,0xF9,0x37,0x34,0xDA,0x7E,0xF9,0x04,0xE8,0xF4,0x9A,0xD0,0xFE,0xBF,0xFE,0xBF,0x01,0xC0,0x09,0xE8,0xF4,0x4C,0x48,0xFF,0x3F,0xFF,0x1F,0x01,0x20,0x09,0xD0,0xE9,0x29,0x21}},
    {3921, 24, 0x0F, 3, 0, {-1185520, -772191, -3410095}, {{76, -709, 4249}, {38, -353, 2124}, {75, -711, 4248}}, {{-3, -6, 5}, {-5, -9, 7}}, {0x51,0x8F,0x01,0x0F,0x43,0xA4,0xB7,0xA1,0x37,0x34,0xEA,0x7E,0xC9,0x04,0xEC,0xF4,0x99,0x50,0xFF,0xBF,0xFE,0x7F,0x01,0x80,0x09,0xF8,0xF4,0x4C,0x68,0xFF,0xFF,0xFE,0xFF,0x00,0x60,0x09,0xC8,0xE9,0x31,0x21}},
    {3945, 24, 0x0F, 3, 0, {-1185664, -772315, -3409999}, {{75, -710, 4247}, {36, -354, 2125}, {73, -710, 4250}}, {{-5, -6, 4}, {-1, -7, 9}}, {0x69,0x8F,0x01,0x0F,0x03,0xA2,0xB7,0x25,0x37,0x34,0xF6,0x7E,0xB9,0x04,0xE8,0xF4,0x97,0xD0,0xFE,0xBF,0xFE,0x3F,0x01,0x00,0x09,0xF0,0xF4,0x4D,0xE8,0xFF,0x3F,0xFF,0x3F,0x01,0x20,0x09,0xD0,0xE9,0x35,0x21}},
    {3969, 24, 0x0F, 3, 0, {-1185816, -772431, -3409887}, {{74, -708, 4248}, {38, -354, 2124}, {76, -709, 4251}}, {{-7, -5, 4}, {-4, -10, 10}}, {0x81,0x8F,0x01,0x0F,0xA3,0x9F,0xB7,0xB1,0x36,0x34,0x04,0x7F,0xA9,0x04,0xF0,0xF4,0x98,0x50,0xFE,0xFF,0xFE,0x3F,0x01,0x80,0x09,0xF0,0xF4,0x4C,0x88,0xFF,0xDF,0xFE,0x5F,0x01,0x80,0x09,0xD8,0xE9,0x37,0x21}},
    {3993, 24, 0x0F, 3, 0, {-1186000, -772571, -3409755}, {{77, -711, 4247}, {37, -354, 2124}, {77, -711, 4245}}, {{-3, -3, 5}, {-2, -6, 3}}, {0x99,0x8F,0x01,0x0F,0xC3,0x9C,0xB7,0x25,0x36,0xB4,0x14,0x7F,0xD9,0x04,0xE4,0xF4,0x97,0x50,0xFF,0x7F,0xFF,0x7F,0x01,0x40,0x09,0xF0,0xF4,0x4C,0xC8,0xFF,0x5F,0xFF,0x7F,0x00,0xA0,0x09,0xC8,0xE9,0x2B,0x21}},
    {4016, 23, 0x0F, 3, 0, {-1186128, -772663, -3409671}, {{78, -711, 4246}, {39, -356, 2125}, {76, -711, 4251}}, {{-5, -5, 2}, {-3, -7, 3}}, {0xB0,0x7F,0x01,0x0F,0xC3,0x9A,0xB7,0xC9,0x35,0x34,0x1F,0x7F,0xE9,0x04,0xE4,0xF4,0x96,0xD0,0xFE,0xFF,0xFE,0xBF,0x00,0xC0,0x09,0xE0,0xF4,0x4D,0xA8,0xFF,0x3F,0xFF,0x7F,0x00,0x80,0x09,0xC8,0xE9,0x37,0x21}},
    {4040, 24, 0x0F, 3, 0, {-1186264, -772775, -3409603}, {{74, -709, 4251}, {37, -355, 2123}, {76, -711, 4252}}, {{-4, -5, 8}, {-5, -6, 7}}, {0xC8,0x8F,0x01,0x0F,0xA3,0x98,0xB7,0x59,0x35,0xB4,0x27,0x7F,0xA9,0x04,0xEC,0xF4,0x9B,0x10,0xFF,0xFF,0xFE,0x3F,0x02,0x40,0x09,0xE8,0xF4,0x4B,0x68,0xFF,0x5F,0xFF,0xFF,0x00,0x80,0x09,0xC8,0xE9,0x39,0x21}},
    {4064, 24, 0x0F, 3, 0, {-1186464, -772851, -3409467}, {{74, -709, 4250}, {38, -355, 2125}, {79, -711, 4246}}, {{-5, -7, 10}, {-6, -7, 7}}, {0xE0,0x8F,0x01,0x0F,0x83,0x95,0xB7,0x0D,0x35,0xB4,0x38,0x7F,0xA9,0x04,0xEC,0xF4,0x9A,0xD0,0xFE,0x7F,0xFE,0xBF,0x02,0x80,0x09,0xE8,0xF4,0x4D,0x48,0xFF,0x3F,0xFF,0xFF,0x00,0xE0,0x09,0xC8,0xE9,0x2D,0x21}},
    {4088, 24, 0x0F, 3, 0, {-1186688, -772979, -3409323}, {{78, -710, 4245}, {39, -354, 2122}, {76, -706, 4247}}, {{-4, -4, 6}, {-9, -4, 6}}, {0xF8,0x8F,0x01,0x0F,0x03,0x92,0xB7,0x8D,0x34,0xB4,0x4A,0x7F,0xE9,0x04,0xE8,0xF4,0x95,0x10,0xFF,0x3F,0xFF,0xBF,0x01,0xC0,0x09,0xF0,0xF4,0x4A,0xE8,0xFE,0x9F,0xFF,0xDF,0x00,0x80,0x09,0xF0,0xE9,0x2F,0x21}},
    {16, 24, 0x0F, 3, 0, {-1186896, -773099, -3409227}, {{76, -708, 4249}, {38, -353, 2123}, {78, -708, 4251}}, {{-6, -6, 4}, {-3, -4, 3}}, {0x10,0x80,0x01,0x0F,0xC3,0x8E,0xB7,0x15,0x34,0xB4,0x56,0x7F,0xC9,0x04,0xF0,0xF4,0x99,0x90,0xFE,0xBF,0xFE,0x3F,0x01,0x80,0x09,0xF8,0xF4,0x4B,0xA8,0xFF,0x9F,0xFF,0x7F,0x00,0xC0,0x09,0xE0,0xE9,0x37,0x21}},
    {40, 24, 0x0F, 3, 0, {-1186984, -773195, -3409147}, {{79, -709, 4247}, {38, -355, 2125}, {78, -710, 4251}}, {{-3, -7, 2}, {-4, -5, 6}}, {0x28,0x80,0x01,0x0F,0x63,0x8D,0xB7,0xB5,0x33,0xB4,0x60,0x7F,0xF9,0x04,0xEC,0xF4,0x97,0x50,0xFF,0x7F,0xFE,0xBF,0x00,0x80,0x09,0xE8,0xF4,0x4D,0x88,0xFF,0x7F,0xFF,0xDF,0x00,0xC0,0x09,0xD0,0xE9,0x37,0x21}},
    {63, 23, 0x0F, 3, 0, {-1187144, -773311, -3409059}, {{76, -710, 4247}, {37, -355, 2124}, {76, -709, 4250}}, {{-4, -7, 8}, {-5, -5, 8}}, {0x3F,0x70,0x01,0x0F,0xE3,0x8A,0xB7,0x41,0x33,0xB4,0x6B,0x7F,0xC9,0x04,0xE8,0xF4,0x97,0x10,0xFF,0x7F,0xFE,0x3F,0x02,0x40,0x09,0xE8,0xF4,0x4C,0x68,0xFF,0x7F,0xFF,0x1F,0x01,0x80,0x09,0xD8,0xE9,0x35,0x21}},
    {87, 24, 0x0F, 3, 0, {-1187328, -773395, -3408915}, {{75, -709, 4249}, {40, -355, 2124}, {77, -710, 4251}}, {{-3, -11, 5}, {-1, -8, 8}}, {0x57,0x80,0x01,0x0F,0x03,0x88,0xB7,0xED,0x32,0xB4,0x7D,0x7F,0xB9,0x04,0xEC,0xF4,0x99,0x50,0xFF,0x7F,0xFD,0x7F,0x01,0x00,0x0A,0xE8,0xF4,0x4C,0xE8,0xFF,0x1F,0xFF,0x1F,0x01,0xA0,0x09,0xD0,0xE9,0x37,0x21}},
    {111, 24, 0x0F, 3, 0, {-1187432, -773527, -3408791}, {{78, -707, 4249}, {38, -353, 2125}, {77, -707, 4252}}, {{-7, -8, 3}, {-5, -8, 4}}, {0x6F,0x80,0x01,0x0F,0x63,0x86,0xB7,0x69,0x32,0x34,0x8D,0x7F,0xE9,0x04,0xF4,0xF4,0x99,0x50,0xFE,0x3F,0xFE,0xFF,0x00,0x80,0x09,0xF8,0xF4,0x4D,0x68,0xFF,0x1F,0xFF,0x9F,0x00,0xA0,0x09,0xE8,0xE9,0x39,0x21}},
    {135, 24, 0x0F, 3, 0, {-1187640, -773679, -3408711}, {{77, -709, 4248}, {39, -354, 2124}, {79, -710, 4249}}, {{-10, -8, 9}, {-8, -6, 9}}, {0x87,0x80,0x01,0x0F,0x23,0x83,0xB7,0xD1,0x31,0x34,0x97,0x7F,0xD9,0x04,0xEC,0xF4,0x98,0x90,0xFD,0x3F,0xFE,0x7F,0x02,0xC0,0x09,0xF0,0xF4,0x4C,0x08,0xFF,0x5F,0xFF,0x3F,0x01,0xE0,0x09,0xD0,0xE9,0x33,0x21}},
    {159, 24, 0x0F, 3, 0, {-1187936, -773819, -3408579}, {{76, -708, 4249}, {38, -354, 2126}, {74, -713, 4251}}, {{-4, -5, 5}, {-5, -9, 8}}, {0x9F,0x80,0x01,0x0F,0x83,0x7E,0xB7,0x45,0x31,0xB4,0xA7,0x7F,0xC9,0x04,0xF0,0xF4,0x99,0x10,0xFF,0xFF,0xFE,0x7F,0x01,0x80,0x09,0xF0,0xF4,0x4E,0x68,0xFF,0xFF,0xFE,0x1F,0x01,0x40,0x09,0xB8,0xE9,0x37,0x21}},
    {183, 24, 0x0F, 3, 0, {-1188080, -773943, -3408455}, {{76, -710, 4251}, {38, -356, 2125}, {77, -710, 4249}}, {{-6, -8, 11}, {-5, -7, 4}}, {0xB7,0x80,0x01,0x0F,0x43,0x7C,0xB7,0xC9,0x30,0x34,0xB7,0x7F,0xC9,0x04,0xE8,0xF4,0x9B,0x90,0xFE,0x3F,0xFE,0xFF,0x02,0x80,0x09,0xE0,0xF4,0x4D,0x68,0xFF,0x3F,0xFF,0x9F,0x00,0xA0,0x09,0xD0,0xE9,0x33,0x21}},
    {206, 23, 0x0F, 3, 0, {-1188264, -774067, -3408339}, {{76, -712, 4246}, {39, -355, 2123}, {81, -707, 4247}}, {{-4, -1, 7}, {-4, -6, 8}}, {0xCE,0x70,0x01,0x0F,0x63,0x79,0xB7,0x4D,0x30,0xB4,0xC5,0x7F,0xC9,0x04,0xE0,0xF4,0x96,0x10,0xFF,0xFF,0xFF,0xFF,0x01,0xC0,0x09,0xE8,0xF4,0x4B,0x88,0xFF,0x5F,0xFF,0x1F,0x01,0x20,0x0A,0xE8,0xE9,0x2F,0x21}},
    {230, 24, 0x0F, 3, 0, {-1188440, -774175, -3408239}, {{78, -710, 4252}, {37, -355, 2126}, {76, -711, 4250}}, {{-4, -6, 8}, {-4, -7, 7}}, {0xE6,0x80,0x01,0x0F,0xA3,0x76,0xB7,0xE1,0x2F,0x34,0xD2,0x7F,0xE9,0x04,0xE8,0xF4,0x9C,0x10,0xFF,0xBF,0xFE,0x3F,0x02,0x40,0x09,0xE8,0xF4,0x4E,0x88,0xFF,0x3F,0xFF,0xFF,0x00,0x80,0x09,0xC8,0xE9,0x35,0x21}},
    {254, 24, 0x0F, 3, 0, {-1188616, -774295, -3408083}, {{75, -710, 4250}, {38, -356, 2125}, {78, -712, 4255}}, {{-6, -8, 6}, {-4, -10, 6}}, {0xFE,0x80,0x01,0x0F,0xE3,0x73,0xB7,0x69,0x2F,0xB4,0xE5,0x7F,0xB9,0x04,0xE8,0xF4,0x9A,0x90,0xFE,0x3F,0xFE,0xBF,0x01,0x80,0x09,0xE0,0xF4,0x4D,0x88,0xFF,0xDF,0xFE,0xDF,0x00,0xC0,0x09,0xC0,0xE9,0x3F,0x21}},
    {278, 24, 0x0F, 3, 0, {-1188776, -774435, -3407983}, {{77, -708, 4250}, {38, -355, 2124}, {77, -711, 4247}}, {{-4, -3, 6}, {-5, -1, 5}}, {0x16,0x81,0x01,0x0F,0x63,0x71,0xB7,0xDD,0x2E,0x34,0xF2,0x7F,0xD9,0x04,0xF0,0xF4,0x9A,0x10,0xFF,0x7F,0xFF,0xBF,0x01,0x80,0x09,0xE8,0xF4,0x4C,0x68,0xFF,0xFF,0xFF,0xBF,0x00,0xA0,0x09,0xC8,0xE9,0x2F,0x21}},
    {302, 24, 0x0F, 3, 0, {-1188936, -774483, -3407903}, {{78, -710, 4247}, {39, -356, 2125}, {79, -713, 4252}}, {{-4, -8, 9}, {-7, -8, 6}}, {0x2E,0x81,0x01,0x0F,0xE3,0x6E,0xB7,0xAD,0x2E,0x34,0xFC,0x7F,0xE9,0x04,0xE8,0xF4,0x97,0x10,0xFF,0x3F,0xFE,0x7F,0x02,0xC0,0x09,0xE0,0xF4,0x4D,0x28,0xFF,0x1F,0xFF,0xDF,0x00,0xE0,0x09,0xB8,0xE9,0x39,0x21}},
    {326, 24, 0x0F, 3, 0, {-1189144, -774611, -3407771}, {{76, -712, 4250}, {36, -356, 2126}, {75, -710, 4249}}, {{-6, -3, 3}, {0, -8, 3}}, {0x46,0x81,0x01,0x0F,0xA3,0x6B,0xB7,0x2D,0x2E,0xB4,0x0C,0x80,0xC9,0x04,0xE0,0xF4,0x9A,0x90,0xFE,0x7F,0xFF,0xFF,0x00,0x00,0x09,0xE0,0xF4,0x4E,0x08,0x00,0x00,0xFF,0x7F,0x00,0x60,0x09,0xD0,0xE9,0x33,0x21}},
    {349, 23, 0x0F, 3, 0, {-1189272, -774703, -3407667}, {{76, -710, 4251}, {37, -355, 2125}, {75, -712, 4248}}, {{-4, -6, 7}, {-5, -5, 6}}, {0x5D,0x71,0x01,0x0F,0xA3,0x69,0xB7,0xD1,0x2D,0xB4,0x19,0x80,0xC9,0x04,0xE8,0xF4,0x9B,0x10,0xFF,0xBF,0xFE,0xFF,0x01,0x40,0x09,0xE8,0xF4,0x4D,0x68,0xFF,0x7F,0xFF,0xDF,0x00,0x60,0x09,0xC0,0xE9,0x31,0x21}},
    {373, 24, 0x0F, 3, 0, {-1189416, -774807, -3407547}, {{76, -712, 4245}, {38, -356, 2123}, {78, -709, 4247}}, {{-4, -7, 8}, {-3, -3, 6}}, {0x75,0x81,0x01,0x0F,0x63,0x67,0xB7,0x69,0x2D,0xB4,0x28,0x80,0xC9,0x04,0xE0,0xF4,0x95,0x10,0xFF,0x7F,0xFE,0x3F,0x02,0x80,0x09,0xE0,0xF4,0x4B,0xA8,0xFF,0xBF,0xFF,0xDF,0x00,0xC0,0x09,0xD8,0xE9,0x2F,0x21}},
    {397, 24, 0x0F, 3, 0, {-1189560, -774879, -3407435}, {{79, -711, 4245}, {38, -355, 2124}, {75, -709, 4246}}, {{-4, -4, 10}, {-3, -8, 4}}, {0x8D,0x81,0x01,0x0F,0x23,0x65,0xB7,0x21,0x2D,0xB4,0x36,0x80,0xF9,0x04,0xE4,0xF4,0x95,0x10,0xFF,0x3F,0xFF,0xBF,0x02,0x80,0x09,0xE8,0xF4,0x4C,0xA8,0xFF,0x1F,0xFF,0x9F,0x00,0x60,0x09,0xD8,0xE9,0x2D,0x21}},
    {421, 24, 0x0F, 3, 0, {-1189680, -774963, -3407307}, {{76, -709, 4250}, {39, -355, 2122}, {80, -709, 4244}}, {{-4, -3, 2}, {-8, -9, 5}}, {0xA5,0x81,0x01,0x0F,0x43,0x63,0xB7,0xCD,0x2C,0xB4,0x46,0x80,0xC9,0x04,0xEC,0xF4,0x9A,0x10,0xFF,0x7F,0xFF,0xBF,0x00,0xC0,0x09,0xE8,0xF4,0x4A,0x08,0xFF,0xFF,0xFE,0xBF,0x00,0x00,0x0A,0xD8,0xE9,0x29,0x21}},
    {445, 24, 0x0F, 3, 0, {-1189832, -775071, -3407203}, {{78, -710, 4244}, {39, -355, 2124}, {79, -711, 4249}}, {{-3, -4, 2}, {-4, -7, 9}}, {0xBD,0x81,0x01,0x0F,0xE3,0x60,0xB7,0x61,0x2C,0xB4,0x53,0x80,0xE9,0x04,0xE8,0xF4,0x94,0x50,0xFF,0x3F,0xFF,0xBF,0x00,0xC0,0x09,0xE8,0xF4,0x4C,0x88,0xFF,0x3F,0xFF,0x3F,0x01,0xE0,0x09,0xC8,0xE9,0x33,0x21}},
    {469, 24, 0x0F, 3, 0, {-1189992, -775179, -3407087}, {{79, -709, 4251}, {39, -355, 2126}, {75, -708, 4253}}, {{-2, -10, 4}, {-5, -9, 6}}, {0xD5,0x81,0x01,0x0F,0x63,0x5E,0xB7,0xF5,0x2B,0x34,0x62,0x80,0xF9,0x04,0xEC,0xF4,0x9B,0x90,0xFF,0xBF,0xFD,0x3F,0x01,0xC0,0x09,0xE8,0xF4,0x4E,0x68,0xFF,0xFF,0xFE,0xDF,0x00,0x60,0x09,0xE0,0xE9,0x3B,0x21}},
    {492, 23, 0x0F, 3, 0, {-1190112, -775339, -3406979}, {{75, -710, 4254}, {37, -356, 2125}, {76, -711, 4252}}, {{-3, -5, 9}, {-3, -8, 4}}, {0xEC,0x71,0x01,0x0F,0x83,0x5C,0xB7,0x55,0x2B,0xB4,0x6F,0x80,0xB9,0x04,0xE8,0xF4,0x9E,0x50,0xFF,0xFF,0xFE,0x7F,0x02,0x40,0x09,0xE0,0xF4,0x4D,0xA8,0xFF,0x1F,0xFF,0x9F,0x00,0x80,0x09,0xC8,0xE9,0x39,0x21}},
    {516, 24, 0x0F, 3, 0, {-1190256, -775443, -3406855}, {{78, -710, 4253}, {39, -356, 2125}, {78, -712, 4251}}, {{-3, -6, 6}, {-1, -4, 3}}, {0x04,0x82,0x01,0x0F,0x43,0x5A,0xB7,0xED,0x2A,0x34,0x7F,0x80,0xE9,0x04,0xE8,0xF4,0x9D,0x50,0xFF,0xBF,0xFE,0xBF,0x01,0xC0,0x09,0xE0,0xF4,0x4D,0xE8,0xFF,0x9F,0xFF,0x7F,0x00,0xC0,0x09,0xC0,0xE9,0x37,0x21}},
    {540, 24, 0x0F, 3, 0, {-1190320, -775527, -3406775}, {{77, -708, 4248}, {39, -355, 2125}, {78, -711, 4248}}, {{-4, -5, 5}, {-6, -6, 5}}, {0x1C,0x82,0x01,0x0F,0x43,0x59,0xB7,0x99,0x2A,0x34,0x89,0x80,0xD9,0x04,0xF0,0xF4,0x98,0x10,0xFF,0xFF,0xFE,0x7F,0x01,0xC0,0x09,0xE8,0xF4,0x4D,0x48,0xFF,0x5F,0xFF,0xBF,0x00,0xC0,0x09,0xC8,0xE9,0x31,0x21}},
    {564, 24, 0x0F, 3, 0, {-1190520, -775627, -3406687}, {{79, -709, 4253}, {38, -355, 2127}, {75, -710, 4256}}, {{-7, -8, 7}, {-7, -8, 10}}, {0x34,0x82,0x01,0x0F,0x23,0x56,0xB7,0x35,0x2A,0x34,0x94,0x80,0xF9,0x04,0xEC,0xF4,0x9D,0x50,0xFE,0x3F,0xFE,0xFF,0x01,0x80,0x09,0xE8,0xF4,0x4F,0x28,0xFF,0x1F,0xFF,0x5F,0x01,0x60,0x09,0xD0,0xE9,0x41,0x21}},
    {588, 24, 0x0F, 3, 0, {-1190736, -775751, -3406563}, {{76, -709, 4255}, {39, -355, 2126}, {77, -708, 4251}}, {{-6, -5, 2}, {-6, -7, 2}}, {0x4C,0x82,0x01,0x0F,0xC3,0x52,0xB7,0xB9,0x29,0xB4,0xA3,0x80,0xC9,0x04,0xEC,0xF4,0x9F,0x90,0xFE,0xFF,0xFE,0xBF,0x00,0xC0,0x09,0xE8,0xF4,0x4E,0x48,0xFF,0x3F,0xFF,0x5F,0x00,0xA0,0x09,0xE0,0xE9,0x37,0x21}},
    {23, 24, 0x0F, 3, 0, {-32, -47, -4194279}, {{49, -733, 4234}, {25, -367, 2118}, {52, -735, 4237}}, {{-1, -6, 6}, {-5, -6, 10}}, {0x17,0x80,0x01,0x0F,0x83,0xFF,0xFF,0xD1,0xFF,0x3F,0x03,0x00,0x18,0x03,0x8C,0xF4,0x8A,0xD0,0xFF,0xBF,0xFE,0xBF,0x01,0x40,0x06,0x88,0xF4,0x46,0x68,0xFF,0x5F,0xFF,0x5F,0x01,0x80,0x06,0x08,0xE9,0x1B,0x21}},
    {45, 22, 0x0F, 3, 0, {-120, -139, -4194147}, {{48, -732, 4236}, {25, -366, 2118}, {51, -734, 4235}}, {{-4, -6, 11}, {-3, -6, 8}}, {0x2D,0x60,0x01,0x0F,0x23,0xFE,0xFF,0x75,0xFF,0xBF,0x13,0x00,0x08,0x03,0x90,0xF4,0x8C,0x10,0xFF,0xBF,0xFE,0xFF,0x02,0x40,0x06,0x90,0xF4,0x46,0xA8,0xFF,0x5F,0xFF,0x1F,0x01,0x60,0x06,0x10,0xE9,0x17,0x21}},
    {69, 24, 0x0F, 3, 0, {-208, -259, -4194047}, {{52, -734, 4236}, {24, -366, 2118}, {50, -732, 4236}}, {{-4, -6, 2}, {-3, -9, 6}}, {0x45,0x80,0x01,0x0F,0xC3,0xFC,0xFF,0xFD,0xFE,0x3F,0x20,0x00,0x48,0x03,0x88,0xF4,0x8C,0x10,0xFF,0xBF,0xFE,0xBF,0x00,0x00,0x06,0x90,0xF4,0x46,0xA8,0xFF,0xFF,0xFE,0xDF,0x00,0x40,0x06,0x20,0xE9,0x19,0x21}},
    {93, 24, 0x0F, 3, 0, {-320, -403, -4193999}, {{50, -732, 4236}, {25, -368, 2117}, {52, -736, 4240}}, {{0, -6, 1}, {-3, -9, 2}}, {0x5D,0x80,0x01,0x0F,0x03,0xFB,0xFF,0x6D,0xFE,0x3F,0x26,0x00,0x28,0x03,0x90,0xF4,0x8C,0x10,0x00,0x80,0xFE,0x7F,0x00,0x40,0x06,0x80,0xF4,0x45,0xA8,0xFF,0xFF,0xFE,0x5F,0x00,0x80,0x06,0x00,0xE9,0x21,0x21}},
    {117, 24, 0x0F, 3, 0, {-368, -535, -4193971}, {{50, -736, 4240}, {24, -367, 2120}, {49, -733, 4240}}, {{-3, -7, 2}, {0, -1, 8}}, {0x75,0x80,0x01,0x0F,0x43,0xFA,0xFF,0xE9,0xFD,0xBF,0x29,0x00,0x28,0x03,0x80,0xF4,0x90,0x50,0xFF,0x7F,0xFE,0xBF,0x00,0x00,0x06,0x88,0xF4,0x48,0x08,0x00,0xE0,0xFF,0x1F,0x01,0x20,0x06,0x18,0xE9,0x21,0x21}},
    {140, 23, 0x0F, 3, 0, {-432, -627, -4193907}, {{49, -732, 4242}, {25, -367, 2120}, {51, -734, 4236}}, {{-2, -6, 4}, {-2, -8, 9}}, {0x8C,0x70,0x01,0x0F,0x43,0xF9,0xFF,0x8D,0xFD,0xBF,0x31,0x00,0x18,0x03,0x90,0xF4,0x92,0x90,0xFF,0xBF,0xFE,0x3F,0x01,0x40,0x06,0x88,0xF4,0x48,0xC8,0xFF,0x1F,0xFF,0x3F,0x01,0x60,0x06,0x10,0xE9,0x19,0x21}},
    {164, 24, 0x0F, 3, 0, {-552, -747, -4193835}, {{49, -736, 4240}, {25, -367, 2121}, {53, -733, 4237}}, {{-3, -5, 5}, {-5, -5, 3}}, {0xA4,0x80,0x01,0x0F,0x63,0xF7,0xFF,0x15,0xFD,0xBF,0x3A,0x00,0x18,0x03,0x80,0xF4,0x90,0x50,0xFF,0xFF,0xFE,0x7F,0x01,0x40,0x06,0x88,0xF4,0x49,0x68,0xFF,0x7F,0xFF,0x7F,0x00,0xA0,0x06,0x18,0xE9,0x1B,0x21}},
    {188, 24, 0x0F, 3, 0, {-664, -843, -4193795}, {{51, -733, 4237}, {25, -367, 2118}, {52, -735, 4237}}, {{-3, -8, 2}, {-6, -6, 0}}, {0xBC,0x80,0x01,0x0F,0xA3,0xF5,0xFF,0xB5,0xFC,0xBF,0x3F,0x00,0x38,0x03,0x8C,0xF4,0x8D,0x50,0xFF,0x3F,0xFE,0xBF,0x00,0x40,0x06,0x88,0xF4,0x46,0x48,0xFF,0x5F,0xFF,0x1F,0x00,0x80,0x06,0x08,0xE9,0x1B,0x21}},
    {212, 24, 0x0F, 3, 0, {-792, -951, -4193779}, {{51, -733, 4237}, {26, -367, 2120}, {53, -734, 4243}}, {{-4, -9, 5}, {-3, -10, 4}}, {0xD4,0x80,0x01,0x0F,0xA3,0xF3,0xFF,0x49,0xFC,0xBF,0x41,0x00,0x38,0x03,0x8C,0xF4,0x8D,0x10,0xFF,0xFF,0xFD,0x7F,0x01,0x80,0x06,0x88,0xF4,0x48,0xA8,0xFF,0xDF,0xFE,0x9F,0x00,0xA0,0x06,0x10,0xE9,0x27,0x21}},
    {236, 24, 0x0F, 3, 0, {-880, -1091, -4193659}, {{51, -734, 4240}, {24, -367, 2121}, {49, -733, 4240}}, {{-4, -10, 6}, {-2, -9, 2}}, {0xEC,0x80,0x01,0x0F,0x43,0xF2,0xFF,0xBD,0xFB,0xBF,0x50,0x00,0x38,0x03,0x88,0xF4,0x90,0x10,0xFF,0xBF,0xFD,0xBF,0x01,0x00,0x06,0x88,0xF4,0x49,0xC8,0xFF,0xFF,0xFE,0x5F,0x00,0x20,0x06,0x18,0xE9,0x21,0x21}},
    {260, 24, 0x0F, 3, 0, {-984, -1223, -4193603}, {{51, -733, 4242}, {26, -366, 2120}, {51, -734, 4237}}, {{-4, -10, 4}, {-1, -10, 9}}, {0x04,0x81,0x01,0x0F,0xA3,0xF0,0xFF,0x39,0xFB,0xBF,0x57,0x00,0x38,0x03,0x8C,0xF4,0x92,0x10,0xFF,0xBF,0xFD,0x3F,0x01,0x80,0x06,0x90,0xF4,0x48,0xE8,0xFF,0xDF,0xFE,0x3F,0x01,0x60,0x06,0x10,0xE9,0x1B,0x21}},
    {283, 23, 0x0F, 3, 0, {-1072, -1375, -4193503}, {{51, -735, 4240}, {24, -368, 2119}, {51, -732, 4240}}, {{-5, -8, 2}, {-4, -11, 5}}, {0x1B,0x71,0x01,0x0F,0x43,0xEF,0xFF,0xA1,0xFA,0x3F,0x64,0x00,0x38,0x03,0x84,0xF4,0x90,0xD0,0xFE,0x3F,0xFE,0xBF,0x00,0x00,0x06,0x80,0xF4,0x47,0x88,0xFF,0xBF,0xFE,0xBF,0x00,0x60,0x06,0x20,0xE9,0x21,0x21}},
    {307, 24, 0x0F, 3, 0, {-1152, -1523, -4193447}, {{50, -735, 4238}, {25, -367, 2121}, {48, -735, 4241}}, {{-4, -5, 8}, {-2, -9, 2}}, {0x33,0x81,0x01,0x0F,0x03,0xEE,0xFF,0x0D,0xFA,0x3F,0x6B,0x00,0x28,0x03,0x84,0xF4,0x8E,0x10,0xFF,0xFF,0xFE,0x3F,0x02,0x40,0x06,0x88,0xF4,0x49,0xC8,0xFF,0xFF,0xFE,0x5F,0x00,0x00,0x06,0x08,0xE9,0x23,0x21}},
    {333, 26, 0x0F, 3, 0, {-1272, -1639, -4193371}, {{49, -734, 4240}, {25, -366, 2119}, {46, -734, 4244}}, {{0, -9, 4}, {-1, -7, 1}}, {0x4D,0xA1,0x01,0x0F,0x23,0xEC,0xFF,0x99,0xF9,0xBF,0x74,0x00,0x18,0x03,0x88,0xF4,0x90,0x10,0x00,0xC0,0xFD,0x3F,0x01,0x40,0x06,0x90,0xF4,0x47,0xE8,0xFF,0x3F,0xFF,0x3F,0x00,0xC0,0x05,0x10,0xE9,0x29,0x21}},
    {355, 22, 0x0F, 3, 0, {-1296, -1775, -4193343}, {{49, -731, 4245}, {26, -365, 2122}, {49, -733, 4244}}, {{-3, -7, 5}, {1, -9, -1}}, {0x63,0x61,0x01,0x0F,0xC3,0xEB,0xFF,0x11,0xF9,0x3F,0x78,0x00,0x18,0x03,0x94,0xF4,0x95,0x50,0xFF,0x7F,0xFE,0x7F,0x01,0x80,0x06,0x98,0xF4,0x4A,0x28,0x00,0xE0,0xFE,0xFF,0xFF,0x3F,0x06,0x18,0xE9,0x29,0x21}},
    {379, 24, 0x0F, 3, 0, {-1296, -1899, -4193295}, {{45, -738, 4249}, {21, -372, 2119}, {50, -742, 4240}}, {{2, -8, 3}, {-1, -9, 4}}, {0x7B,0x81,0x01,0x0F,0xC3,0xEB,0xFF,0x95,0xF8,0x3F,0x7E,0x00,0xD8,0x02,0x78,0xF4,0x99,0x90,0x00,0x00,0xFE,0xFF,0x00,0x40,0x05,0x60,0xF4,0x47,0xE8,0xFF,0xFF,0xFE,0x9F,0x00,0x40,0x06,0xD0,0xE8,0x21,0x21}},
    {403, 24, 0x0F, 3, 0, {-1304, -2047, -4193235}, {{51, -738, 4245}, {23, -367, 2122}, {46, -735, 4243}}, {{3, -8, 5}, {3, -7, 8}}, {0x93,0x81,0x01,0x0F,0xA3,0xEB,0xFF,0x01,0xF8,0xBF,0x85,0x00,0x38,0x03,0x78,0xF4,0x95,0xD0,0x00,0x00,0xFE,0x7F,0x01,0xC0,0x05,0x88,0xF4,0x4A,0x68,0x00,0x20,0xFF,0x1F,0x01,0xC0,0x05,0x08,0xE9,0x27,0x21}},
    {426, 23, 0x0F, 3, 0, {-1200, -2183, -4193131}, {{49, -738, 4242}, {27, -367, 2120}, {56, -733, 4243}}, {{2, -9, 1}, {1, -6, 3}}, {0xAA,0x71,0x01,0x0F,0x43,0xED,0xFF,0x79,0xF7,0xBF,0x92,0x00,0x18,0x03,0x78,0xF4,0x92,0x90,0x00,0xC0,0xFD,0x7F,0x00,0xC0,0x06,0x88,0xF4,0x48,0x28,0x00,0x40,0xFF,0x7F,0x00,0x00,0x07,0x18,0xE9,0x27,0x21}},
    {450, 24, 0x0F, 3, 0, {-1168, -2295, -4193095}, {{54, -727, 4245}, {27, -363, 2120}, {54, -729, 4240}}, {{4, -8, 4}, {0, -11, -1}}, {0xC2,0x81,0x01,0x0F,0xC3,0xED,0xFF,0x09,0xF7,0x3F,0x97,0x00,0x68,0x03,0xA4,0xF4,0x95,0x10,0x01,0x00,0xFE,0x3F,0x01,0xC0,0x06,0xA8,0xF4,0x48,0x08,0x00,0xA0,0xFE,0xFF,0xFF,0xDF,0x06,0x38,0xE9,0x21,0x21}},
    {474, 24, 0x0F, 3, 0, {-1112, -2471, -4193059}, {{53, -733, 4246}, {24, -367, 2118}, {48, -738, 4243}}, {{-2, -7, 0}, {0, -8, 5}}, {0xDA,0x81,0x01,0x0F,0xA3,0xEE,0xFF,0x59,0xF6,0xBF,0x9B,0x00,0x58,0x03,0x8C,0xF4,0x96,0x90,0xFF,0x7F,0xFE,0x3F,0x00,0x00,0x06,0x88,0xF4,0x46,0x08,0x00,0x00,0xFF,0xBF,0x00,0x00,0x06,0xF0,0xE8,0x27,0x21}},
    {498, 24, 0x0F, 3, 0, {-1144, -2595, -4193043}, {{48, -738, 4241}, {25, -368, 2122}, {50, -731, 4244}}, {{-1, -6, 1}, {-1, -8, 3}}, {0xF2,0x81,0x01,0x0F,0x23,0xEE,0xFF,0xDD,0xF5,0xBF,0x9D,0x00,0x08,0x03,0x78,0xF4,0x91,0xD0,0xFF,0xBF,0xFE,0x7F,0x00,0x40,0x06,0x80,0xF4,0x4A,0xE8,0xFF,0x1F,0xFF,0x7F,0x00,0x40,0x06,0x28,0xE9,0x29,0x21}},
    {522, 24, 0x0F, 3, 0, {-1200, -2711, -4193023}, {{48, -730, 4244}, {24, -366, 2120}, {51, -730, 4240}}, {{0, -6, 3}, {0, -9, 5}}, {0x0A,0x82,0x01,0x0F,0x43,0xED,0xFF,0x69,0xF5,0x3F,0xA0,0x00,0x08,0x03,0x98,0xF4,0x94,0x10,0x00,0x80,0xFE,0xFF,0x00,0x00,0x06,0x90,0xF4,0x48,0x08,0x00,0xE0,0xFE,0xBF,0x00,0x60,0x06,0x30,0xE9,0x21,0x21}},
    {546, 24, 0x0F, 3, 0, {-1216, -2827, -4192947}, {{50, -731, 4240}, {24, -365, 2120}, {51, -731, 4240}}, {{-8, -9, 5}, {-3, -9, 2}}, {0x22,0x82,0x01,0x0F,0x03,0xED,0xFF,0xF5,0xF4,0xBF,0xA9,0x00,0x28,0x03,0x94,0xF4,0x90,0x10,0xFE,0xFF,0xFD,0x7F,0x01,0x00,0x06,0x98,0xF4,0x48,0xA8,0xFF,0xFF,0xFE,0x5F,0x00,0x60,0x06,0x28,0xE9,0x21,0x21}},
    {569, 23, 0x0F, 3, 0, {-1376, -2963, -4192899}, {{48, -735, 4238}, {25, -369, 2121}, {46, -737, 4243}}, {{-6, -10, 8}, {-2, -7, 1}}, {0x39,0x72,0x01,0x0F,0x83,0xEA,0xFF,0x6D,0xF4,0xBF,0xAF,0x00,0x08,0x03,0x84,0xF4,0x8E,0x90,0xFE,0xBF,0xFD,0x3F,0x02,0x40,0x06,0x78,0xF4,0x49,0xC8,0xFF,0x3F,0xFF,0x3F,0x00,0xC0,0x05,0xF8,0xE8,0x27,0x21}},
    {593, 24, 0x0F, 3, 0, {-1496, -3079, -4192851}, {{48, -739, 4242}, {26, -367, 2122}, {51, -732, 4239}}, {{-4, -12, 0}, {-1, -5, 3}}, {0x51,0x82,0x01,0x0F,0xA3,0xE8,0xFF,0xF9,0xF3,0xBF,0xB5,0x00,0x08,0x03,0x74,0xF4,0x92,0x10,0xFF,0x3F,0xFD,0x3F,0x00,0x80,0x06,0x88,0xF4,0x4A,0xE8,0xFF,0x7F,0xFF,0x7F,0x00,0x60,0x06,0x20,0xE9,0x1F,0x21}},
    {617, 24, 0x0F, 3, 0, {-1568, -3235, -4192803}, {{51, -731, 4243}, {26, -365, 2122}, {53, -729, 4239}}, {{-3, -6, 4}, {-1, -9, 4}}, {0x69,0x82,0x01,0x0F,0x83,0xE7,0xFF,0x5D,0xF3,0xBF,0xBB,0x00,0x38,0x03,0x94,0xF4,0x93,0x50,0xFF,0xBF,0xFE,0x3F,0x01,0x80,0x06,0x98,0xF4,0x4A,0xE8,0xFF,0xFF,0xFE,0x9F,0x00,0xA0,0x06,0x38,0xE9,0x1F,0x21}},
    {641, 24, 0x0F, 3, 0, {-1648, -3383, -4192735}, {{53, -729, 4244}, {25, -365, 2119}, {50, -733, 4242}}, {{-6, -7, 1}, {-2, -7, 2}}, {0x81,0x82,0x01,0x0F,0x43,0xE6,0xFF,0xC9,0xF2,0x3F,0xC4,0x00,0x58,0x03,0x9C,0xF4,0x94,0x90,0xFE,0x7F,0xFE,0x7F,0x00,0x40,0x06,0x98,0xF4,0x47,0xC8,0xFF,0x3F,0xFF,0x5F,0x00,0x40,0x06,0x18,0xE9,0x25,0x21}},
    {665, 24, 0x0F, 3, 0, {-1760, -3519, -4192695}, {{49, -733, 4241}, {25, -367, 2120}, {46, -732, 4242}}, {{-4, -9, 6}, {-3, -5, 6}}, {0x99,0x82,0x01,0x0F,0x83,0xE4,0xFF,0x41,0xF2,0x3F,0xC9,0x00,0x18,0x03,0x8C,0xF4,0x91,0x10,0xFF,0xFF,0xFD,0xBF,0x01,0x40,0x06,0x88,0xF4,0x48,0xA8,0xFF,0x7F,0xFF,0xDF,0x00,0xC0,0x05,0x20,0xE9,0x25,0x21}},
    {689, 24, 0x0F, 3, 0, {-1848, -3651, -4192623}, {{48, -735, 4239}, {25, -368, 2119}, {51, -737, 4236}}, {{-1, -6, 4}, {-3, -9, 1}}, {0xB1,0x82,0x01,0x0F,0x23,0xE3,0xFF,0xBD,0xF1,0x3F,0xD2,0x00,0x08,0x03,0x84,0xF4,0x8F,0xD0,0xFF,0xBF,0xFE,0x3F,0x01,0x40,0x06,0x80,0xF4,0x47,0xA8,0xFF,0xFF,0xFE,0x3F,0x00,0x60,0x06,0xF8,0xE8,0x19,0x21}},
    {712, 23, 0x0F, 3, 0, {-1904, -3739, -4192595}, {{49, -735, 4243}, {25, -365, 2119}, {51, -733, 4242}}, {{-4, -6, -3}, {-3, -8, -1}}, {0xC8,0x72,0x01,0x0F,0x43,0xE2,0xFF,0x65,0xF1,0xBF,0xD5,0x00,0x18,0x03,0x84,0xF4,0x93,0x10,0xFF,0xBF,0xFE,0x7F,0xFF,0x7F,0x06,0x98,0xF4,0x47,0xA8,0xFF,0x1F,0xFF,0xFF,0xFF,0x7F,0x06,0x18,0xE9,0x25,0x21}},
    {736, 24, 0x0F, 3, 0, {-2000, -3835, -4192603}, {{54, -733, 4240}, {27, -366, 2119}, {50, -733, 4241}}, {{-7, -7, 2}, {-2, -8, 6}}, {0xE0,0x82,0x01,0x0F,0xC3,0xE0,0xFF,0x05,0xF1,0xBF,0xD4,0x00,0x68,0x03,0x8C,0xF4,0x90,0x50,0xFE,0x7F,0xFE,0xBF,0x00,0xC0,0x06,0x90,0xF4,0x47,0xC8,0xFF,0x1F,0xFF,0xDF,0x00,0x40,0x06,0x18,0xE9,0x23,0x21}},
    {760, 24, 0x0F, 3, 0, {-2080, -3947, -4192551}, {{51, -735, 4241}, {25, -367, 2120}, {49, -732, 4243}}, {{0, -8, 5}, {-6, -6, 7}}, {0xF8,0x82,0x01,0x0F,0x83,0xDF,0xFF,0x95,0xF0,0x3F,0xDB,0x00,0x38,0x03,0x84,0xF4,0x91,0x10,0x00,0x00,0xFE,0x7F,0x01,0x40,0x06,0x88,0xF4,0x48,0x48,0xFF,0x5F,0xFF,0xFF,0x00,0x20,0x06,0x20,0xE9,0x27,0x21}},
    {784, 24, 0x0F, 3, 0, {-2176, -4051, -4192459}, {{48, -732, 4244}, {25, -367, 2121}, {50, -734, 4238}}, {{-5, -7, 5}, {-5, -10, 3}}, {0x10,0x83,0x01,0x0F,0x03,0xDE,0xFF,0x2D,0xF0,0xBF,0xE6,0x00,0x08,0x03,0x90,0xF4,0x94,0xD0,0xFE,0x7F,0xFE,0x7F,0x01,0x40,0x06,0x88,0xF4,0x49,0x68,0xFF,0xDF,0xFE,0x7F,0x00,0x40,0x06,0x10,0xE9,0x1D,0x21}},
    {808, 24, 0x0F, 3, 0, {-2296, -4179, -4192375}, {{51, -735, 4241}, {27, -366, 2121}, {55, -732, 4239}}, {{-2, -5, 4}, {-2, -7, 5}}, {0x28,0x83,0x01,0x0F,0x23,0xDC,0xFF,0xAD,0xEF,0x3F,0xF1,0x00,0x38,0x03,0x84,0xF4,0x91,0x90,0xFF,0xFF,0xFE,0x3F,0x01,0xC0,0x06,0x90,0xF4,0x49,0xC8,0xFF,0x3F,0xFF,0xBF,0x00,0xE0,0x06,0x20,0xE9,0x1F,0x21}},
    {831, 23, 0x0F, 3, 0, {-2384, -4279, -4192303}, {{53, -731, 4240}, {27, -366, 2122}, {51, -731, 4243}}, {{-8, -4, 1}, {-5, -5, 0}}, {0x3F,0x73,0x01,0x0F,0xC3,0xDA,0xFF,0x49,0xEF,0x3F,0xFA,0x00,0x58,0x03,0x94,0xF4,0x90,0x10,0xFE,0x3F,0xFF,0x7F,0x00,0xC0,0x06,0x90,0xF4,0x4A,0x68,0xFF,0x7F,0xFF,0x1F,0x00,0x60,0x06,0x28,0xE9,0x27,0x21}},
    {855, 24, 0x0F, 3, 0, {-2568, -4391, -4192291}, {{53, -732, 4242}, {26, -367, 2122}, {52, -734, 4243}}, {{-5, -10, 7}, {-4, -8, 5}}, {0x57,0x83,0x01,0x0F,0xE3,0xD7,0xFF,0xD9,0xEE,0xBF,0xFB,0x00,0x58,0x03,0x90,0xF4,0x92,0xD0,0xFE,0xBF,0xFD,0xFF,0x01,0x80,0x06,0x88,0xF4,0x4A,0x88,0xFF,0x1F,0xFF,0xBF,0x00,0x80,0x06,0x10,0xE9,0x27,0x21}},
    {879, 24, 0x0F, 3, 0, {-2712, -4531, -4192219}, {{50, -733, 4243}, {25, -366, 2122}, {52, -729, 4241}}, {{-2, -11, 1}, {-1, -7, 2}}, {0x6F,0x83,0x01,0x0F,0xA3,0xD5,0xFF,0x4D,0xEE,0xBF,0x04,0x01,0x28,0x03,0x8C,0xF4,0x93,0x90,0xFF,0x7F,0xFD,0x7F,0x00,0x40,0x06,0x90,0xF4,0x4A,0xE8,0xFF,0x3F,0xFF,0x5F,0x00,0x80,0x06,0x38,0xE9,0x23,0x21}},
    {903, 24, 0x0F, 3, 0, {-2808, -4667, -4192191}, {{52, -732, 4241}, {26, -367, 2117}, {52, -738, 4239}}, {{-5, -9, 8}, {-4, -8, 6}}, {0x87,0x83,0x01,0x0F,0x23,0xD4,0xFF,0xC5,0xED,0x3F,0x08,0x01,0x48,0x03,0x90,0xF4,0x91,0xD0,0xFE,0xFF,0xFD,0x3F,0x02,0x80,0x06,0x88,0xF4,0x45,0x88,0xFF,0x1F,0xFF,0xDF,0x00,0x80,0x06,0xF0,0xE8,0x1F,0x21}},
    {927, 24, 0x0F, 3, 0, {-2912, -4807, -4192115}, {{55, -735, 4240}, {26, -368, 2121}, {52, -731, 4234}}, {{-2, -5, 5}, {-2, -7, 4}}, {0x9F,0x83,0x01,0x0F,0x83,0xD2,0xFF,0x39,0xED,0xBF,0x11,0x01,0x78,0x03,0x84,0xF4,0x90,0x90,0xFF,0xFF,0xFE,0x7F,0x01,0x80,0x06,0x80,0xF4,0x49,0xC8,0xFF,0x3F,0xFF,0x9F,0x00,0x80,0x06,0x28,0xE9,0x15,0x21}},
    {951, 24, 0x0F, 3, 0, {-3048, -4923, -4192063}, {{52, -727, 4233}, {27, -367, 2130}, {46, -731, 4241}}, {{-4, -11, 0}, {0, -7, 7}}, {0xB7,0x83,0x01,0x0F,0x63,0xD0,0xFF,0xC5,0xEC,0x3F,0x18,0x01,0x48,0x03,0xA4,0xF4,0x89,0x10,0xFF,0x7F,0xFD,0x3F,0x00,0xC0,0x06,0x88,0xF4,0x52,0x08,0x00,0x20,0xFF,0xFF,0x00,0xC0,0x05,0x28,0xE9,0x23,0x21}},
    {974, 23, 0x0F, 3, 0, {-3168, -5055, -4192015}, {{44, -732, 4229}, {25, -370, 2124}, {47, -735, 4224}}, {{0, -8, 1}, {-6, -5, 2}}, {0xCE,0x73,0x01,0x0F,0x83,0xCE,0xFF,0x41,0xEC,0x3F,0x1E,0x01,0xC8,0x02,0x90,0xF4,0x85,0x10,0x00,0x00,0xFE,0x7F,0x00,0x40,0x06,0x70,0xF4,0x4C,0x48,0xFF,0x7F,0xFF,0x5F,0x00,0xE0,0x05,0x08,0xE9,0x01,0x21}},
    {1000, 26, 0x0F, 3, 0, {-3280, -5171, -4191959}, {{44, -736, 4245}, {24, -366, 2121}, {53, -734, 4247}}, {{-3, -6, 4}, {-3, -7, 3}}, {0xE8,0xA3,0x01,0x0F,0xC3,0xCC,0xFF,0xCD,0xEB,0x3F,0x25,0x01,0xC8,0x02,0x80,0xF4,0x95,0x50,0xFF,0xBF,0xFE,0x3F,0x01,0x00,0x06,0x90,0xF4,0x49,0xA8,0xFF,0x3F,0xFF,0x7F,0x00,0xA0,0x06,0x10,0xE9,0x2F,0x21}},
    {1022, 22, 0x0F, 3, 0, {-3368, -5295, -4191919}, {{56, -729, 4240}, {27, -366, 2116}, {52, -733, 4241}}, {{-4, -8, 0}, {-1, -3, 0}}, {0xFE,0x63,0x01,0x0F,0x63,0xCB,0xFF,0x51,0xEB,0x3F,0x2A,0x01,0x88,0x03,0x9C,0xF4,0x90,0x10,0xFF,0x3F,0xFE,0x3F,0x00,0xC0,0x06,0x90,0xF4,0x44,0xE8,0xFF,0xBF,0xFF,0x1F,0x00,0x80,0x06,0x18,0xE9,0x23,0x21}},
    {1046, 24, 0x0F, 3, 0, {-3504, -5375, -4191911}, {{50, -733, 4242}, {25, -366, 2121}, {51, -733, 4244}}, {{-4, -5, 1}, {-3, -3, 4}}, {0x16,0x84,0x01,0x0F,0x43,0xC9,0xFF,0x01,0xEB,0x3F,0x2B,0x01,0x28,0x03,0x8C,0xF4,0x92,0x10,0xFF,0xFF,0xFE,0x7F,0x00,0x40,0x06,0x90,0xF4,0x49,0xA8,0xFF,0xBF,0xFF,0x9F,0x00,0x60,0x06,0x18,0xE9,0x29,0x21}},
    {1070, 24, 0x0F, 3, 0, {-3600, -5451, -4191863}, {{51, -734, 4246}, {25, -369, 2120}, {52, -740, 4237}}, {{-1, -5, 5}, {-1, -10, 7}}, {0x2E,0x84,0x01,0x0F,0xC3,0xC7,0xFF,0xB5,0xEA,0x3F,0x31,0x01,0x38,0x03,0x88,0xF4,0x96,0xD0,0xFF,0xFF,0xFE,0x7F,0x01,0x40,0x06,0x78,0xF4,0x48,0xE8,0xFF,0xDF,0xFE,0xFF,0x00,0x80,0x06,0xE0,0xE8,0x1B,0x21}},
    {1094, 24, 0x0F, 3, 0, {-3688, -5591, -4191783}, {{51, -739, 4236}, {27, -367, 2120}, {56, -733, 4239}}, {{-2, -9, 1}, {-1, -7, 3}}, {0x46,0x84,0x01,0x0F,0x63,0xC6,0xFF,0x29,0xEA,0x3F,0x3B,0x01,0x38,0x03,0x74,0xF4,0x8C,0x90,0xFF,0xFF,0xFD,0x7F,0x00,0xC0,0x06,0x88,0xF4,0x48,0xE8,0xFF,0x3F,0xFF,0x7F,0x00,0x00,0x07,0x18,0xE9,0x1F,0x21}},
    {1117, 23, 0x0F, 3, 0, {-3736, -5727, -4191735}, {{56, -731, 4243}, {28, -365, 2121}, {54, -731, 4241}}, {{-4, -9, 5}, {-5, -12, 6}}, {0x5D,0x74,0x01,0x0F,0xA3,0xC5,0xFF,0xA1,0xE9,0x3F,0x41,0x01,0x88,0x03,0x94,0xF4,0x93,0x10,0xFF,0xFF,0xFD,0x7F,0x01,0x00,0x07,0x98,0xF4,0x49,0x68,0xFF,0x9F,0xFE,0xDF,0x00,0xC0,0x06,0x28,0xE9,0x23,0x21}},
    {1141, 24, 0x0F, 3, 0, {-3856, -5867, -4191663}, {{51, -732, 4241}, {25, -367, 2121}, {51, -733, 4241}}, {{0, -9, 5}, {-5, -9, 7}}, {0x75,0x84,0x01,0x0F,0xC3,0xC3,0xFF,0x15,0xE9,0x3F,0x4A,0x01,0x38,0x03,0x90,0xF4,0x91,0x10,0x00,0xC0,0xFD,0x7F,0x01,0x40,0x06,0x88,0xF4,0x49,0x68,0xFF,0xFF,0xFE,0xFF,0x00,0x60,0x06,0x18,0xE9,0x23,0x21}},
    {1165, 24, 0x0F, 3, 0, {-3928, -6015, -4191583}, {{49, -731, 4241}, {26, -366, 2122}, {52, -735, 4243}}, {{-7, -5, 2}, {-2, -9, 8}}, {0x8D,0x84,0x01,0x0F,0xA3,0xC2,0xFF,0x81,0xE8,0x3F,0x54,0x01,0x18,0x03,0x94,0xF4,0x91,0x50,0xFE,0xFF,0xFE,0xBF,0x00,0x80,0x06,0x90,0xF4,0x4A,0xC8,0xFF,0xFF,0xFE,0x1F,0x01,0x80,0x06,0x08,0xE9,0x27,0x21}},
    {1191, 26, 0x0F, 3, 0, {-4080, -6119, -4191495}, {{55, -735, 4241}, {27, -368, 2120}, {52, -734, 4242}}, {{-2, -6, 2}, {-1, -9, 4}}, {0xA7,0xA4,0x01,0x0F,0x43,0xC0,0xFF,0x19,0xE8,0x3F,0x5F,0x01,0x78,0x03,0x84,0xF4,0x91,0x90,0xFF,0xBF,0xFE,0xBF,0x00,0xC0,0x06,0x80,0xF4,0x48,0xE8,0xFF,0xFF,0xFE,0x9F,0x00,0x80,0x06,0x10,0xE9,0x25,0x21}},
    {1213, 22, 0x0F, 3, 0, {-4160, -6255, -4191455}, {{54, -735, 4245}, {27, -367, 2122}, {53, -731, 4246}}, {{-4, -10, 5}, {-4, -6, 4}}, {0xBD,0x64,0x01,0x0F,0x03,0xBF,0xFF,0x91,0xE7,0x3F,0x64,0x01,0x68,0x03,0x84,0xF4,0x95,0x10,0xFF,0xBF,0xFD,0x7F,0x01,0xC0,0x06,0x88,0xF4,0x4A,0x88,0xFF,0x5F,0xFF,0x9F,0x00,0xA0,0x06,0x28,0xE9,0x2D,0x21}},
    {1237, 24, 0x0F, 3, 0, {-4304, -6363, -4191387}, {{52, -733, 4243}, {25, -368, 2120}, {48, -734, 4241}}, {{-2, -7, 7}, {-4, -7, 5}}, {0xD5,0x84,0x01,0x0F,0xC3,0xBC,0xFF,0x25,0xE7,0xBF,0x6C,0x01,0x48,0x03,0x8C,0xF4,0x93,0x90,0xFF,0x7F,0xFE,0xFF,0x01,0x40,0x06,0x80,0xF4,0x48,0x88,0xFF,0x3F,0xFF,0xBF,0x00,0x00,0x06,0x10,0xE9,0x23,0x21}},
    {1260, 23, 0x0F, 3, 0, {-4392, -6491, -4191299}, {{50, -736, 4244}, {26, -367, 2121}, {52, -733, 4243}}, {{-4, -7, 3}, {-1, -8, 0}}, {0xEC,0x74,0x01,0x0F,0x63,0xBB,0xFF,0xA5,0xE6,0xBF,0x77,0x01,0x28,0x03,0x80,0xF4,0x94,0x10,0xFF,0x7F,0xFE,0xFF,0x00,0x80,0x06,0x88,0xF4,0x49,0xE8,0xFF,0x1F,0xFF,0x1F,0x00,0x80,0x06,0x18,0xE9,0x27,0x21}},
    {1284, 24, 0x0F, 3, 0, {-4488, -6595, -4191255}, {{52, -735, 4243}, {27, -367, 2122}, {52, -733, 4240}}, {{-2, -9, 2}, {-1, -8, 0}}, {0x04,0x85,0x01,0x0F,0xE3,0xB9,0xFF,0x3D,0xE6,0x3F,0x7D,0x01,0x48,0x03,0x84,0xF4,0x93,0x90,0xFF,0xFF,0xFD,0xBF,0x00,0xC0,0x06,0x88,0xF4,0x4A,0xE8,0xFF,0x1F,0xFF,0x1F,0x00,0x80,0x06,0x18,0xE9,0x21,0x21}},
    {1308, 24, 0x0F, 3, 0, {-4568, -6731, -4191219}, {{49, -732, 4243}, {25, -366, 2123}, {51, -730, 4245}}, {{-1, -6, 3}, {-3, -4, 1}}, {0x1C,0x85,0x01,0x0F,0xA3,0xB8,0xFF,0xB5,0xE5,0xBF,0x81,0x01,0x18,0x03,0x90,0xF4,0x93,0xD0,0xFF,0xBF,0xFE,0xFF,0x00,0x40,0x06,0x90,0xF4,0x4B,0xA8,0xFF,0x9F,0xFF,0x3F,0x00,0x60,0x06,0x30,0xE9,0x2B,0x21}},
    {1332, 24, 0x0F, 3, 0, {-4632, -6843, -4191171}, {{51, -731, 4241}, {26, -367, 2120}, {48, -732, 4238}}, {{-4, -6, 5}, {-1, -11, 2}}, {0x34,0x85,0x01,0x0F,0xA3,0xB7,0xFF,0x45,0xE5,0xBF,0x87,0x01,0x38,0x03,0x94,0xF4,0x91,0x10,0xFF,0xBF,0xFE,0x7F,0x01,0x80,0x06,0x88,0xF4,0x48,0xE8,0xFF,0xBF,0xFE,0x5F,0x00,0x00,0x06,0x20,0xE9,0x1D,0x21}},
    {1380, 48, 0x0F, 3, 0, {-4768, -7063, -4191043}, {{52, -733, 4240}, {25, -366, 2121}, {51, -730, 4244}}, {{-2, -9, 1}, {-1, -6, 1}}, {0x64,0x05,0x03,0x0F,0x83,0xB5,0xFF,0x69,0xE4,0xBF,0x97,0x01,0x48,0x03,0x8C,0xF4,0x90,0x90,0xFF,0xFF,0xFD,0x7F,0x00,0x40,0x06,0x90,0xF4,0x49,0xE8,0xFF,0x5F,0xFF,0x3F,0x00,0x60,0x06,0x30,0xE9,0x29,0x21}},
    {1403, 23, 0x0F, 3, 0, {-4864, -7195, -4191027}, {{51, -730, 4241}, {25, -366, 2122}, {51, -734, 4234}}, {{-6, -8, -1}, {-4, -7, 2}}, {0x7B,0x75,0x01,0x0F,0x03,0xB4,0xFF,0xE5,0xE3,0xBF,0x99,0x01,0x38,0x03,0x98,0xF4,0x91,0x90,0xFE,0x3F,0xFE,0xFF,0xFF,0x7F,0x06,0x90,0xF4,0x4A,0x88,0xFF,0x3F,0xFF,0x5F,0x00,0x60,0x06,0x10,0xE9,0x15,0x21}},
    {1427, 24, 0x0F, 3, 0, {-4960, -7339, -4190987}, {{51, -739, 4251}, {25, -368, 2119}, {51, -734, 4254}}, {{-4, -6, 4}, {-3, -8, 7}}, {0x93,0x85,0x01,0x0F,0x83,0xB2,0xFF,0x55,0xE3,0xBF,0x9E,0x01,0x38,0x03,0x74,0xF4,0x9B,0x10,0xFF,0xBF,0xFE,0x3F,0x01,0x40,0x06,0x80,0xF4,0x47,0xA8,0xFF,0x1F,0xFF,0xFF,0x00,0x60,0x06,0x10,0xE9,0x3D,0x21}},
    {1451, 24, 0x0F, 3, 0, {-5096, -7463, -4190895}, {{49, -734, 4246}, {26, -367, 2120}, {52, -734, 4245}}, {{-3, -9, -1}, {1, -8, -2}}, {0xAB,0x85,0x01,0x0F,0x63,0xB0,0xFF,0xD9,0xE2,0x3F,0xAA,0x01,0x18,0x03,0x88,0xF4,0x96,0x50,0xFF,0xFF,0xFD,0xFF,0xFF,0xBF,0x06,0x88,0xF4,0x48,0x28,0x00,0x00,0xFF,0xDF,0xFF,0x9F,0x06,0x10,0xE9,0x2B,0x21}},
    {1475, 24, 0x0F, 3, 0, {-5168, -7595, -4190895}, {{52, -728, 4240}, {27, -364, 2121}, {50, -726, 4239}}, {{0, -9, 6}, {-1, -9, 0}}, {0xC3,0x85,0x01,0x0F,0x43,0xAF,0xFF,0x55,0xE2,0x3F,0xAA,0x01,0x48,0x03,0xA0,0xF4,0x90,0x10,0x00,0xC0,0xFD,0xBF,0x01,0xC0,0x06,0xA0,0xF4,0x49,0xE8,0xFF,0xFF,0xFE,0x1F,0x00,0x40,0x06,0x50,0xE9,0x1F,0x21}},
    {1499, 24, 0x0F, 3, 0, {-5240, -7743, -4190847}, {{50, -729, 4243}, {25, -365, 2121}, {51, -734, 4247}}, {{-5, -8, 6}, {-5, -4, 6}}, {0xDB,0x85,0x01,0x0F,0x23,0xAE,0xFF,0xC1,0xE1,0x3F,0xB0,0x01,0x28,0x03,0x9C,0xF4,0x93,0xD0,0xFE,0x3F,0xFE,0xBF,0x01,0x40,0x06,0x98,0xF4,0x49,0x68,0xFF,0x9F,0xFF,0xDF,0x00,0x60,0x06,0x10,0xE9,0x2F,0x21}},
    {1523, 24, 0x0F, 3, 0, {-5384, -7855, -4190763}, {{51, -733, 4240}, {24, -368, 2123}, {51, -734, 4244}}, {{-3, -11, 6}, {-4, -10, 6}}, {0xF3,0x85,0x01,0x0F,0xE3,0xAB,0xFF,0x51,0xE1,0xBF,0xBA,0x01,0x38,0x03,0x8C,0xF4,0x90,0x50,0xFF,0x7F,0xFD,0xBF,0x01,0x00,0x06,0x80,0xF4,0x4B,0x88,0xFF,0xDF,0xFE,0xDF,0x00,0x60,0x06,0x10,0xE9,0x29,0x21}},
    {1546, 23, 0x0F, 3, 0, {-5528, -8023, -4190679}, {{49, -734, 4243}, {25, -366, 2124}, {53, -731, 4245}}, {{0, -9, 7}, {-7, -7, 5}}, {0x0A,0x76,0x01,0x0F,0xA3,0xA9,0xFF,0xA9,0xE0,0x3F,0xC5,0x01,0x18,0x03,0x88,0xF4,0x93,0x10,0x00,0xC0,0xFD,0xFF,0x01,0x40,0x06,0x90,0xF4,0x4C,0x28,0xFF,0x3F,0xFF,0xBF,0x00,0xA0,0x06,0x28,0xE9,0x2B,0x21}},
    {1570, 24, 0x0F, 3, 0, {-5600, -8159, -4190599}, {{52, -728, 4246}, {27, -364, 2122}, {51, -729, 4244}}, {{-1, -7, 2}, {-4, -7, 2}}, {0x22,0x86,0x01,0x0F,0x83,0xA8,0xFF,0x21,0xE0,0x3F,0xCF,0x01,0x48,0x03,0xA0,0xF4,0x96,0xD0,0xFF,0x7F,0xFE,0xBF,0x00,0xC0,0x06,0xA0,0xF4,0x4A,0x88,0xFF,0x3F,0xFF,0x5F,0x00,0x60,0x06,0x38,0xE9,0x29,0x21}},
    {1594, 24, 0x0F, 3, 0, {-5680, -8275, -4190531}, {{51, -731, 4243}, {26, -365, 2121}, {50, -731, 4241}}, {{-2, -7, 5}, {-1, -9, 6}}, {0x3A,0x86,0x01,0x0F,0x43,0xA7,0xFF,0xAD,0xDF,0xBF,0xD7,0x01,0x38,0x03,0x94,0xF4,0x93,0x90,0xFF,0x7F,0xFE,0x7F,0x01,0x80,0x06,0x98,0xF4,0x49,0xE8,0xFF,0xFF,0xFE,0xDF,0x00,0x40,0x06,0x28,0xE9,0x23,0x21}},
    {1618, 24, 0x0F, 3, 0, {-5744, -8391, -4190459}, {{51, -730, 4239}, {26, -367, 2122}, {50, -736, 4242}}, {{-1, -5, 1}, {-1, -6, 3}}, {0x52,0x86,0x01,0x0F,0x43,0xA6,0xFF,0x39,0xDF,0xBF,0xE0,0x01,0x38,0x03,0x98,0xF4,0x8F,0xD0,0xFF,0xFF,0xFE,0x7F,0x00,0x80,0x06,0x88,0xF4,0x4A,0xE8,0xFF,0x5F,0xFF,0x7F,0x00,0x40,0x06,0x00,0xE9,0x25,0x21}},
    {1642, 24, 0x0F, 3, 0, {-5792, -8475, -4190419}, {{50, -737, 4246}, {25, -367, 2118}, {52, -734, 4249}}, {{1, -4, 3}, {0, -10, 6}}, {0x6A,0x86,0x01,0x0F,0x83,0xA5,0xFF,0xE5,0xDE,0xBF,0xE5,0x01,0x28,0x03,0x7C,0xF4,0x96,0x50,0x00,0x00,0xFF,0xFF,0x00,0x40,0x06,0x88,0xF4,0x46,0x08,0x00,0xC0,0xFE,0xDF,0x00,0x80,0x06,0x10,0xE9,0x33,0x21}},
    {1666, 24, 0x0F, 3, 0, {-5816, -8579, -4190339}, {{49, -732, 4237}, {25, -367, 2122}, {50, -735, 4245}}, {{-2, -10, 4}, {0, -6, 7}}, {0x82,0x86,0x01,0x0F,0x23,0xA5,0xFF,0x7D,0xDE,0xBF,0xEF,0x01,0x18,0x03,0x90,0xF4,0x8D,0x90,0xFF,0xBF,0xFD,0x3F,0x01,0x40,0x06,0x88,0xF4,0x4A,0x08,0x00,0x40,0xFF,0xFF,0x00,0x40,0x06,0x08,0xE9,0x2B,0x21}},
    {1689, 23, 0x0F, 3, 0, {-5864, -8699, -4190263}, {{53, -732, 4242}, {26, -367, 2123}, {53, -730, 4246}}, {{-4, -9, 5}, {-3, -8, 6}}, {0x99,0x76,0x01,0x0F,0x63,0xA4,0xFF,0x05,0xDE,0x3F,0xF9,0x01,0x58,0x03,0x90,0xF4,0x92,0x10,0xFF,0xFF,0xFD,0x7F,0x01,0x80,0x06,0x88,0xF4,0x4B,0xA8,0xFF,0x1F,0xFF,0xDF,0x00,0xA0,0x06,0x30,0xE9,0x2D,0x21}},
    {1713, 24, 0x0F, 3, 0, {-5936, -8831, -4190167}, {{51, -732, 4245}, {26, -366, 2120}, {51, -735, 4242}}, {{-3, -6, 1}, {-3, -9, 6}}, {0xB1,0x86,0x01,0x0F,0x43,0xA3,0xFF,0x81,0xDD,0x3F,0x05,0x02,0x38,0x03,0x90,0xF4,0x95,0x50,0xFF,0xBF,0xFE,0x7F,0x00,0x80,0x06,0x90,0xF4,0x48,0xA8,0xFF,0xFF,0xFE,0xDF,0x00,0x60,0x06,0x08,0xE9,0x25,0x21}},
    {1737, 24, 0x0F, 3, 0, {-6016, -8963, -4190099}, {{52, -736, 4241}, {25, -368, 2120}, {51, -737, 4245}}, {{0, -10, 0}, {-6, -6, 1}}, {0xC9,0x86,0x01,0x0F,0x03,0xA2,0xFF,0xFD,0xDC,0xBF,0x0D,0x02,0x48,0x03,0x80,0xF4,0x91,0x10,0x00,0x80,0xFD,0x3F,0x00,0x40,0x06,0x80,0xF4,0x48,0x48,0xFF,0x5F,0xFF,0x3F,0x00,0x60,0x06,0xF8,0xE8,0x2B,0x21}},
    {1761, 24, 0x0F, 3, 0, {-6096, -9075, -4190071}, {{53, -735, 4244}, {26, -366, 2122}, {55, -732, 4243}}, {{-1, -3, 8}, {-3, -13, 0}}, {0xE1,0x86,0x01,0x0F,0xC3,0xA0,0xFF,0x8D,0xDC,0x3F,0x11,0x02,0x58,0x03,0x84,0xF4,0x94,0xD0,0xFF,0x7F,0xFF,0x3F,0x02,0x80,0x06,0x90,0xF4,0x4A,0xA8,0xFF,0x7F,0xFE,0x1F,0x00,0xE0,0x06,0x20,0xE9,0x27,0x21}},
    {1785, 24, 0x0F, 3, 0, {-6216, -9195, -4190007}, {{51, -731, 4240}, {26, -367, 2122}, {51, -732, 4243}}, {{-4, -10, 6}, {-5, -10, 1}}, {0xF9,0x86,0x01,0x0F,0xE3,0x9E,0xFF,0x15,0xDC,0x3F,0x19,0x02,0x38,0x03,0x94,0xF4,0x90,0x10,0xFF,0xBF,0xFD,0xBF,0x01,0x80,0x06,0x88,0xF4,0x4A,0x68,0xFF,0xDF,0xFE,0x3F,0x00,0x60,0x06,0x20,0xE9,0x27,0x21}},
    {1808, 23, 0x0F, 3, 0, {-6328, -9367, -4189927}, {{51, -733, 4241}, {26, -367, 2121}, {52, -734, 4244}}, {{-4, -6, 4}, {-5, -10, 0}}, {0x10,0x77,0x01,0x0F,0x23,0x9D,0xFF,0x69,0xDB,0x3F,0x23,0x02,0x38,0x03,0x8C,0xF4,0x91,0x10,0xFF,0xBF,0xFE,0x3F,0x01,0x80,0x06,0x88,0xF4,0x49,0x68,0xFF,0xDF,0xFE,0x1F,0x00,0x80,0x06,0x10,0xE9,0x29,0x21}},
    {1832, 24, 0x0F, 3, 0, {-6480, -9507, -4189871}, {{51, -736, 4244}, {25, -369, 2122}, {50, -735, 4246}}, {{0, -5, 6}, {-5, -5, 3}}, {0x28,0x87,0x01,0x0F,0xC3,0x9A,0xFF,0xDD,0xDA,0x3F,0x2A,0x02,0x38,0x03,0x80,0xF4,0x94,0x10,0x00,0xC0,0xFE,0xBF,0x01,0x40,0x06,0x78,0xF4,0x4A,0x68,0xFF,0x7F,0xFF,0x7F,0x00,0x40,0x06,0x08,0xE9,0x2D,0x21}},
    {1856, 24, 0x0F, 3, 0, {-6584, -9595, -4189811}, {{50, -737, 4242}, {25, -367, 2121}, {54, -729, 4243}}, {{2, -8, -1}, {-3, -7, 2}}, {0x40,0x87,0x01,0x0F,0x23,0x99,0xFF,0x85,0xDA,0xBF,0x31,0x02,0x28,0x03,0x7C,0xF4,0x92,0x90,0x00,0x00,0xFE,0xFF,0xFF,0x7F,0x06,0x88,0xF4,0x49,0xA8,0xFF,0x3F,0xFF,0x5F,0x00,0xC0,0x06,0x38,0xE9,0x27,0x21}},
    {1880, 24, 0x0F, 3, 0, {-6624, -9727, -4189775}, {{52, -729, 4245}, {27, -365, 2123}, {52, -731, 4239}}, {{-3, -10, 3}, {-5, -12, 6}}, {0x58,0x87,0x01,0x0F,0x83,0x98,0xFF,0x01,0xDA,0x3F,0x36,0x02,0x48,0x03,0x9C,0xF4,0x95,0x50,0xFF,0xBF,0xFD,0xFF,0x00,0xC0,0x06,0x98,0xF4,0x4B,0x68,0xFF,0x9F,0xFE,0xDF,0x00,0x80,0x06,0x28,0xE9,0x1F,0x21}},
    {1904, 24, 0x0F, 3, 0, {-6744, -9911, -4189695}, {{53, -732, 4240}, {25, -367, 2121}, {49, -735, 4239}}, {{-4, -9, 2}, {-1, -4, 7}}, {0x70,0x87,0x01,0x0F,0xA3,0x96,0xFF,0x49,0xD9,0x3F,0x40,0x02,0x58,0x03,0x90,0xF4,0x90,0x10,0xFF,0xFF,0xFD,0xBF,0x00,0x40,0x06,0x88,0xF4,0x49,0xE8,0xFF,0x9F,0xFF,0xFF,0x00,0x20,0x06,0x08,0xE9,0x1F,0x21}},
    {1928, 24, 0x0F, 3, 0, {-6872, -10023, -4189639}, {{51, -739, 4242}, {26, -368, 2119}, {52, -736, 4244}}, {{-7, -8, 2}, {-4, -13, 5}}, {0x88,0x87,0x01,0x0F,0xA3,0x94,0xFF,0xD9,0xD8,0x3F,0x47,0x02,0x38,0x03,0x74,0xF4,0x92,0x50,0xFE,0x3F,0xFE,0xBF,0x00,0x80,0x06,0x80,0xF4,0x47,0x88,0xFF,0x7F,0xFE,0xBF,0x00,0x80,0x06,0x00,0xE9,0x29,0x21}},
    {1951, 23, 0x0F, 3, 0, {-7016, -10175, -4189583}, {{51, -736, 4243}, {25, -367, 2121}, {50, -737, 4248}}, {{0, -7, 0}, {-2, -6, 4}}, {0x9F,0x77,0x01,0x0F,0x63,0x92,0xFF,0x41,0xD8,0x3F,0x4E,0x02,0x38,0x03,0x80,0xF4,0x93,0x10,0x00,0x40,0xFE,0x3F,0x00,0x40,0x06,0x88,0xF4,0x49,0xC8,0xFF,0x5F,0xFF,0x9F,0x00,0x40,0x06,0xF8,0xE8,0x31,0x21}},
    {1975, 24, 0x0F, 3, 0, {-7072, -10283, -4189547}, {{51, -733, 4245}, {25, -365, 2123}, {51, -729, 4247}}, {{-2, -7, 1}, {-1, -9, 2}}, {0xB7,0x87,0x01,0x0F,0x83,0x91,0xFF,0xD5,0xD7,0xBF,0x52,0x02,0x38,0x03,0x8C,0xF4,0x95,0x90,0xFF,0x7F,0xFE,0x7F,0x00,0x40,0x06,0x98,0xF4,0x4B,0xE8,0xFF,0xFF,0xFE,0x5F,0x00,0x60,0x06,0x38,0xE9,0x2F,0x21}},
    {1999, 24, 0x0F, 3, 0, {-7104, -10383, -4189491}, {{52, -731, 4244}, {25, -367, 2123}, {49, -735, 4241}}, {{-5, -5, 4}, {-4, -5, 10}}, {0xCF,0x87,0x01,0x0F,0x03,0x91,0xFF,0x71,0xD7,0xBF,0x59,0x02,0x48,0x03,0x94,0xF4,0x94,0xD0,0xFE,0xFF,0xFE,0x3F,0x01,0x40,0x06,0x88,0xF4,0x4B,0x88,0xFF,0x7F,0xFF,0x5F,0x01,0x20,0x06,0x08,0xE9,0x23,0x21}},
    {2023, 24, 0x0F, 3, 0, {-7248, -10475, -4189407}, {{47, -737, 4242}, {24, -368, 2121}, {47, -734, 4241}}, {{-4, -4, 2}, {-3, -6, 2}}, {0xE7,0x87,0x01,0x0F,0xC3,0x8E,0xFF,0x15,0xD7,0x3F,0x64,0x02,0xF8,0x02,0x7C,0xF4,0x92,0x10,0xFF,0x3F,0xFF,0xBF,0x00,0x00,0x06,0x80,0xF4,0x49,0xA8,0xFF,0x5F,0xFF,0x5F,0x00,0xE0,0x05,0x10,0xE9,0x23,0x21}},
    {2047, 24, 0x0F, 3, 0, {-7360, -10559, -4189383}, {{50, -735, 4240}, {27, -366, 2123}, {52, -731, 4239}}, {{-2, -8, 2}, {-4, -10, -1}}, {0xFF,0x87,0x01,0x0F,0x03,0x8D,0xFF,0xC1,0xD6,0x3F,0x67,0x02,0x28,0x03,0x84,0xF4,0x90,0x90,0xFF,0x3F,0xFE,0xBF,0x00,0xC0,0x06,0x90,0xF4,0x4B,0x88,0xFF,0xDF,0xFE,0xFF,0xFF,0x9F,0x06,0x28,0xE9,0x1F,0x21}},
    {2071, 24, 0x0F, 3, 0, {-7456, -10715, -4189359}, {{53, -732, 4240}, {27, -367, 2122}, {52, -730, 4238}}, {{-3, -10, 7}, {-2, -8, 4}}, {0x17,0x88,0x01,0x0F,0x83,0x8B,0xFF,0x25,0xD6,0x3F,0x6A,0x02,0x58,0x03,0x90,0xF4,0x90,0x50,0xFF,0xBF,0xFD,0xFF,0x01,0xC0,0x06,0x88,0xF4,0x4A,0xC8,0xFF,0x1F,0xFF,0x9F,0x00,0x80,0x06,0x30,0xE9,0x1D,0x21}},
    {2094, 23, 0x0F, 3, 0, {-7544, -10855, -4189279}, {{49, -732, 4252}, {25, -367, 2120}, {54, -736, 4245}}, {{-5, -7, 4}, {-3, -8, 1}}, {0x2E,0x78,0x01,0x0F,0x23,0x8A,0xFF,0x99,0xD5,0x3F,0x74,0x02,0x18,0x03,0x90,0xF4,0x9C,0xD0,0xFE,0x7F,0xFE,0x3F,0x01,0x40,0x06,0x88,0xF4,0x48,0xA8,0xFF,0x1F,0xFF,0x3F,0x00,0xC0,0x06,0x00,0xE9,0x2B,0x21}},
    {2118, 24, 0x0F, 3, 0, {-7648, -10963, -4189215}, {{53, -737, 4239}, {27, -370, 2121}, {53, -740, 4244}}, {{-2, -8, 3}, {0, -5, 2}}, {0x46,0x88,0x01,0x0F,0x83,0x88,0xFF,0x2D,0xD5,0x3F,0x7C,0x02,0x58,0x03,0x7C,0xF4,0x8F,0x90,0xFF,0x3F,0xFE,0xFF,0x00,0xC0,0x06,0x70,0xF4,0x49,0x08,0x00,0x60,0xFF,0x5F,0x00,0xA0,0x06,0xE0,0xE8,0x29,0x21}},
    {2142, 24, 0x0F, 3, 0, {-7696, -11067, -4189179}, {{51, -734, 4239}, {24, -366, 2122}, {52, -728, 4243}}, {{-2, -7, 2}, {-2, -9, 5}}, {0x5E,0x88,0x01,0x0F,0xC3,0x87,0xFF,0xC5,0xD4,0xBF,0x80,0x02,0x38,0x03,0x88,0xF4,0x8F,0x90,0xFF,0x7F,0xFE,0xBF,0x00,0x00,0x06,0x90,0xF4,0x4A,0xC8,0xFF,0xFF,0xFE,0xBF,0x00,0x80,0x06,0x40,0xE9,0x27,0x21}},
    {2166, 24, 0x0F, 3, 0, {-7768, -11195, -4189095}, {{54, -727, 4240}, {27, -366, 2121}, {52, -735, 4239}}, {{0, -7, 9}, {-5, -7, 4}}, {0x76,0x88,0x01,0x0F,0xA3,0x86,0xFF,0x45,0xD4,0x3F,0x8B,0x02,0x68,0x03,0xA4,0xF4,0x90,0x10,0x00,0x40,0xFE,0x7F,0x02,0xC0,0x06,0x90,0xF4,0x49,0x68,0xFF,0x3F,0xFF,0x9F,0x00,0x80,0x06,0x08,0xE9,0x1F,0x21}},
    {2190, 24, 0x0F, 3, 0, {-7896, -11315, -4189019}, {{54, -732, 4244}, {27, -366, 2125}, {55, -731, 4246}}, {{0, -6, 2}, {-3, -10, 5}}, {0x8E,0x88,0x01,0x0F,0xA3,0x84,0xFF,0xCD,0xD3,0xBF,0x94,0x02,0x68,0x03,0x90,0xF4,0x94,0x10,0x00,0x80,0xFE,0xBF,0x00,0xC0,0x06,0x90,0xF4,0x4D,0xA8,0xFF,0xDF,0xFE,0xBF,0x00,0xE0,0x06,0x28,0xE9,0x2D,0x21}},
    {2214, 24, 0x0F, 3, 0, {-7936, -11447, -4188943}, {{49, -735, 4245}, {25, -367, 2121}, {51, -735, 4244}}, {{-3, -6, 2}, {-3, -8, 2}}, {0xA6,0x88,0x01,0x0F,0x03,0x84,0xFF,0x49,0xD3,0x3F,0x9E,0x02,0x18,0x03,0x84,0xF4,0x95,0x50,0xFF,0xBF,0xFE,0xBF,0x00,0x40,0x06,0x88,0xF4,0x49,0xA8,0xFF,0x1F,0xFF,0x5F,0x00,0x60,0x06,0x08,0xE9,0x29,0x21}},
    {2237, 23, 0x0F, 3, 0, {-8040, -11559, -4188931}, {{51, -735, 4246}, {27, -366, 2121}, {54, -733, 4241}}, {{-6, -7, 2}, {-3, -6, 5}}, {0xBD,0x78,0x01,0x0F,0x63,0x82,0xFF,0xD9,0xD2,0xBF,0x9F,0x02,0x38,0x03,0x84,0xF4,0x96,0x90,0xFE,0x7F,0xFE,0xBF,0x00,0xC0,0x06,0x90,0xF4,0x49,0xA8,0xFF,0x5F,0xFF,0xBF,0x00,0xC0,0x06,0x18,0xE9,0x23,0x21}},
    {2261, 24, 0x0F, 3, 0, {-8152, -11647, -4188883}, {{56, -731, 4241}, {27, -366, 2121}, {53, -735, 4242}}, {{-3, -8, 3}, {-1, -5, 5}}, {0xD5,0x88,0x01,0x0F,0xA3,0x80,0xFF,0x81,0xD2,0xBF,0xA5,0x02,0x88,0x03,0x94,0xF4,0x91,0x50,0xFF,0x3F,0xFE,0xFF,0x00,0xC0,0x06,0x90,0xF4,0x49,0xE8,0xFF,0x7F,0xFF,0xBF,0x00,0xA0,0x06,0x08,0xE9,0x25,0x21}},
    {2285, 24, 0x0F, 3, 0, {-8224, -11751, -4188799}, {{52, -733, 4241}, {25, -367, 2120}, {53, -733, 4242}}, {{-3, -10, 5}, {1, -7, 6}}, {0xED,0x88,0x01,0x0F,0x83,0x7F,0xFF,0x19,0xD2,0x3F,0xB0,0x02,0x48,0x03,0x8C,0xF4,0x91,0x50,0xFF,0xBF,0xFD,0x7F,0x01,0x40,0x06,0x88,0xF4,0x48,0x28,0x00,0x20,0xFF,0xDF,0x00,0xA0,0x06,0x18,0xE9,0x25,0x21}},
    {2309, 24, 0x0F, 3, 0, {-8288, -11879, -4188699}, {{50, -731, 4244}, {25, -365, 2120}, {48, -731, 4240}}, {{2, -6, 3}, {1, -5, 1}}, {0x05,0x89,0x01,0x0F,0x83,0x7E,0xFF,0x99,0xD1,0xBF,0xBC,0x02,0x28,0x03,0x94,0xF4,0x94,0x90,0x00,0x80,0xFE,0xFF,0x00,0x40,0x06,0x98,0xF4,0x48,0x28,0x00,0x60,0xFF,0x3F,0x00,0x00,0x06,0x28,0xE9,0x21,0x21}},
    {2333, 24, 0x0F, 3, 0, {-8264, -11971, -4188655}, {{50, -733, 4239}, {25, -367, 2121}, {53, -735, 4241}}, {{-2, -7, 4}, {0, -5, 7}}, {0x1D,0x89,0x01,0x0F,0xE3,0x7E,0xFF,0x3D,0xD1,0x3F,0xC2,0x02,0x28,0x03,0x8C,0xF4,0x8F,0x90,0xFF,0x7F,0xFE,0x3F,0x01,0x40,0x06,0x88,0xF4,0x49,0x08,0x00,0x60,0xFF,0xFF,0x00,0xA0,0x06,0x08,0xE9,0x23,0x21}},
    {2357, 24, 0x0F, 3, 0, {-8288, -12079, -4188575}, {{53, -732, 4243}, {27, -365, 2124}, {51, -731, 4245}}, {{1, -7, 4}, {0, -4, 6}}, {0x35,0x89,0x01,0x0F,0x83,0x7E,0xFF,0xD1,0xD0,0x3F,0xCC,0x02,0x58,0x03,0x90,0xF4,0x93,0x50,0x00,0x40,0xFE,0x3F,0x01,0xC0,0x06,0x98,0xF4,0x4C,0x08,0x00,0x80,0xFF,0xDF,0x00,0x60,0x06,0x28,0xE9,0x2B,0x21}},
    {2380, 23, 0x0F, 3, 0, {-8288, -12163, -4188515}, {{51, -733, 4243}, {25, -367, 2122}, {48, -732, 4241}}, {{-4, -6, 8}, {-4, -4, 8}}, {0x4C,0x79,0x01,0x0F,0x83,0x7E,0xFF,0x7D,0xD0,0xBF,0xD3,0x02,0x38,0x03,0x8C,0xF4,0x93,0x10,0xFF,0xBF,0xFE,0x3F,0x02,0x40,0x06,0x88,0xF4,0x4A,0x88,0xFF,0x9F,0xFF,0x1F,0x01,0x00,0x06,0x20,0xE9,0x23,0x21}},
    {2404, 24, 0x0F, 3, 0, {-8384, -12263, -4188375}, {{51, -735, 4243}, {27, -367, 2121}, {52, -732, 4244}}, {{0, -5, 6}, {-3, -7, 8}}, {0x64,0x89,0x01,0x0F,0x03,0x7D,0xFF,0x19,0xD0,0x3F,0xE5,0x02,0x38,0x03,0x84,0xF4,0x93,0x10,0x00,0xC0,0xFE,0xBF,0x01,0xC0,0x06,0x88,0xF4,0x49,0xA8,0xFF,0x3F,0xFF,0x1F,0x01,0x80,0x06,0x20,0xE9,0x29,0x21}},
    {2428, 24, 0x0F, 3, 0, {-8472, -12375, -4188275}, {{54, -729, 4241}, {25, -364, 2121}, {51, -730, 4243}}, {{-4, -8, 4}, {-5, -7, 5}}, {0x7C,0x89,0x01,0x0F,0xA3,0x7B,0xFF,0xA9,0xCF,0xBF,0xF1,0x02,0x68,0x03,0x9C,0xF4,0x91,0x10,0xFF,0x3F,0xFE,0x3F,0x01,0x40,0x06,0xA0,0xF4,0x49,0x68,0xFF,0x3F,0xFF,0xBF,0x00,0x60,0x06,0x30,0xE9,0x27,0x21}},
    {2452, 24, 0x0F, 3, 0, {-8592, -12507, -4188203}, {{50, -731, 4249}, {25, -365, 2122}, {51, -731, 4241}}, {{-1, -7, 3}, {-3, -4, 4}}, {0x94,0x89,0x01,0x0F,0xC3,0x79,0xFF,0x25,0xCF,0xBF,0xFA,0x02,0x28,0x03,0x94,0xF4,0x99,0xD0,0xFF,0x7F,0xFE,0xFF,0x00,0x40,0x06,0x98,0xF4,0x4A,0xA8,0xFF,0x9F,0xFF,0x9F,0x00,0x60,0x06,0x28,0xE9,0x23,0x21}},
    {2476, 24, 0x0F, 3, 0, {-8640, -12587, -4188127}, {{51, -732, 4243}, {25, -368, 2120}, {50, -731, 4241}}, {{-1, -8, 4}, {-1, -4, 5}}, {0xAC,0x89,0x01,0x0F,0x03,0x79,0xFF,0xD5,0xCE,0x3F,0x04,0x03,0x38,0x03,0x90,0xF4,0x93,0xD0,0xFF,0x3F,0xFE,0x3F,0x01,0x40,0x06,0x80,0xF4,0x48,0xE8,0xFF,0x9F,0xFF,0xBF,0x00,0x40,0x06,0x28,0xE9,0x23,0x21}},
    {2500, 24, 0x0F, 3, 0, {-8712, -12687, -4188083}, {{51, -731, 4240}, {26, -365, 2121}, {54, -733, 4243}}, {{-2, -7, 1}, {-4, -8, 6}}, {0xC4,0x89,0x01,0x0F,0xE3,0x77,0xFF,0x71,0xCE,0xBF,0x09,0x03,0x38,0x03,0x94,0xF4,0x90,0x90,0xFF,0x7F,0xFE,0x7F,0x00,0x80,0x06,0x98,0xF4,0x49,0x88,0xFF,0x1F,0xFF,0xDF,0x00,0xC0,0x06,0x18,0xE9,0x27,0x21}},
    {2523, 23, 0x0F, 3, 0, {-8808, -12819, -4188015}, {{52, -731, 4236}, {25, -365, 2120}, {51, -731, 4239}}, {{-1, -9, 9}, {-2, -5, 2}}, {0xDB,0x79,0x01,0x0F,0x63,0x76,0xFF,0xED,0xCD,0x3F,0x12,0x03,0x48,0x03,0x94,0xF4,0x8C,0xD0,0xFF,0xFF,0xFD,0x7F,0x02,0x40,0x06,0x98,0xF4,0x48,0xC8,0xFF,0x7F,0xFF,0x5F,0x00,0x60,0x06,0x28,0xE9,0x1F,0x21}},
    {2547, 24, 0x0F, 3, 0, {-8864, -12935, -4187963}, {{51, -731, 4238}, {26, -366, 2121}, {51, -732, 4243}}, {{-2, -6, 9}, {1, -7, 7}}, {0xF3,0x89,0x01,0x0F,0x83,0x75,0xFF,0x79,0xCD,0xBF,0x18,0x03,0x38,0x03,0x94,0xF4,0x8E,0x90,0xFF,0xBF,0xFE,0x7F,0x02,0x80,0x06,0x90,0xF4,0x49,0x28,0x00,0x20,0xFF,0xFF,0x00,0x60,0x06,0x20,0xE9,0x27,0x21}},
    {2571, 24, 0x0F, 3, 0, {-8880, -13067, -4187859}, {{50, -736, 4240}, {25, -368, 2120}, {49, -733, 4245}}, {{-3, -8, 4}, {-3, -7, 0}}, {0x0B,0x8A,0x01,0x0F,0x43,0x75,0xFF,0xF5,0xCC,0xBF,0x25,0x03,0x28,0x03,0x80,0xF4,0x90,0x50,0xFF,0x3F,0xFE,0x3F,0x01,0x40,0x06,0x80,0xF4,0x48,0xA8,0xFF,0x3F,0xFF,0x1F,0x00,0x20,0x06,0x18,0xE9,0x2B,0x21}},
    {2595, 24, 0x0F, 3, 0, {-8976, -13167, -4187851}, {{48, -734, 4244}, {26, -366, 2121}, {55, -730, 4245}}, {{-6, -4, 4}, {-5, -7, 6}}, {0x23,0x8A,0x01,0x0F,0xC3,0x73,0xFF,0x91,0xCC,0xBF,0x26,0x03,0x08,0x03,0x88,0xF4,0x94,0x90,0xFE,0x3F,0xFF,0x3F,0x01,0x80,0x06,0x90,0xF4,0x49,0x68,0xFF,0x3F,0xFF,0xDF,0x00,0xE0,0x06,0x30,0xE9,0x2B,0x21}},
    {2619, 24, 0x0F, 3, 0, {-9168, -13279, -4187763}, {{51, -731, 4246}, {27, -367, 2123}, {54, -732, 4246}}, {{-6, -8, 1}, {-3, -4, 6}}, {0x3B,0x8A,0x01,0x0F,0xC3,0x70,0xFF,0x21,0xCC,0xBF,0x31,0x03,0x38,0x03,0x94,0xF4,0x96,0x90,0xFE,0x3F,0xFE,0x7F,0x00,0xC0,0x06,0x88,0xF4,0x4B,0xA8,0xFF,0x9F,0xFF,0xDF,0x00,0xC0,0x06,0x20,0xE9,0x2D,0x21}},
    {2642, 23, 0x0F, 3, 0, {-9304, -13371, -4187699}, {{56, -732, 4246}, {26, -367, 2121}, {50, -736, 4241}}, {{-2, -6, 3}, {-4, -7, 2}}, {0x52,0x7A,0x01,0x0F,0xA3,0x6E,0xFF,0xC5,0xCB,0xBF,0x39,0x03,0x88,0x03,0x90,0xF4,0x96,0x90,0xFF,0xBF,0xFE,0xFF,0x00,0x80,0x06,0x88,0xF4,0x49,0x88,0xFF,0x3F,0xFF,0x5F,0x00,0x40,0x06,0x00,0xE9,0x23,0x21}},
    {2666, 24, 0x0F, 3, 0, {-9416, -13471, -4187651}, {{51, -732, 4242}, {27, -366, 2122}, {54, -733, 4243}}, {{1, -5, 4}, {-1, -8, 4}}, {0x6A,0x8A,0x01,0x0F,0xE3,0x6C,0xFF,0x61,0xCB,0xBF,0x3F,0x03,0x38,0x03,0x90,0xF4,0x92,0x50,0x00,0xC0,0xFE,0x3F,0x01,0xC0,0x06,0x90,0xF4,0x4A,0xE8,0xFF,0x1F,0xFF,0x9F,0x00,0xC0,0x06,0x18,0xE9,0x27,0x21}},
    {2690, 24, 0x0F, 3, 0, {-9488, -13591, -4187595}, {{53, -731, 4242}, {26, -367, 2122}, {51, -733, 4242}}, {{-2, -9, 3}, {0, -9, -2}}, {0x82,0x8A,0x01,0x0F,0xC3,0x6B,0xFF,0xE9,0xCA,0xBF,0x46,0x03,0x58,0x03,0x94,0xF4,0x92,0x90,0xFF,0xFF,0xFD,0xFF,0x00,0x80,0x06,0x88,0xF4,0x4A,0x08,0x00,0xE0,0xFE,0xDF,0xFF,0x7F,0x06,0x18,0xE9,0x25,0x21}},
    {2714, 24, 0x0F, 3, 0, {-9536, -13731, -4187595}, {{53, -734, 4245}, {26, -367, 2123}, {52, -731, 4245}}, {{-1, -8, 7}, {-4, -8, 1}}, {0x9A,0x8A,0x01,0x0F,0x03,0x6B,0xFF,0x5D,0xCA,0xBF,0x46,0x03,0x58,0x03,0x88,0xF4,0x95,0xD0,0xFF,0x3F,0xFE,0xFF,0x01,0x80,0x06,0x88,0xF4,0x4B,0x88,0xFF,0x1F,0xFF,0x3F,0x00,0x80,0x06,0x28,0xE9,0x2B,0x21}},
    {2738, 24, 0x0F, 3, 0, {-9632, -13859, -4187539}, {{50, -735, 4244}, {25, -366, 2122}, {52, -733, 4244}}, {{-2, -5, 2}, {-1, -6, 2}}, {0xB2,0x8A,0x01,0x0F,0x83,0x69,0xFF,0xDD,0xC9,0xBF,0x4D,0x03,0x28,0x03,0x84,0xF4,0x94,0x90,0xFF,0xFF,0xFE,0xBF,0x00,0x40,0x06,0x90,0xF4,0x4A,0xE8,0xFF,0x5F,0xFF,0x5F,0x00,0x80,0x06,0x18,0xE9,0x29,0x21}},
    {2762, 24, 0x0F, 3, 0, {-9704, -13955, -4187483}, {{53, -731, 4244}, {26, -367, 2121}, {53, -732, 4241}}, {{-2, -5, 5}, {-1, -5, 6}}, {0xCA,0x8A,0x01,0x0F,0x63,0x68,0xFF,0x7D,0xC9,0xBF,0x54,0x03,0x58,0x03,0x94,0xF4,0x94,0x90,0xFF,0xFF,0xFE,0x7F,0x01,0x80,0x06,0x88,0xF4,0x49,0xE8,0xFF,0x7F,0xFF,0xDF,0x00,0xA0,0x06,0x20,0xE9,0x23,0x21}},
    {2785, 23, 0x0F, 3, 0, {-9832, -14027, -4187411}, {{50, -732, 4240}, {25, -367, 2122}, {51, -732, 4245}}, {{-5, -6, 3}, {-3, -3, 1}}, {0xE1,0x7A,0x01,0x0F,0x63,0x66,0xFF,0x35,0xC9,0xBF,0x5D,0x03,0x28,0x03,0x90,0xF4,0x90,0xD0,0xFE,0xBF,0xFE,0xFF,0x00,0x40,0x06,0x88,0xF4,0x4A,0xA8,0xFF,0xBF,0xFF,0x3F,0x00,0x60,0x06,0x20,0xE9,0x2B,0x21}},
    {2809, 24, 0x0F, 3, 0, {-9904, -14127, -4187343}, {{54, -731, 4242}, {28, -365, 2122}, {53, -735, 4242}}, {{-1, -6, 4}, {-1, -8, 2}}, {0xF9,0x8A,0x01,0x0F,0x43,0x65,0xFF,0xD1,0xC8,0x3F,0x66,0x03,0x68,0x03,0x94,0xF4,0x92,0xD0,0xFF,0xBF,0xFE,0x3F,0x01,0x00,0x07,0x98,0xF4,0x4A,0xE8,0xFF,0x1F,0xFF,0x5F,0x00,0xA0,0x06,0x08,0xE9,0x25,0x21}},
    {2833, 24, 0x0F, 3, 0, {-9976, -14251, -4187291}, {{54, -733, 4244}, {25, -366, 2121}, {53, -734, 4243}}, {{-4, -8, 3}, {-3, -7, 6}}, {0x11,0x8B,0x01,0x0F,0x23,0x64,0xFF,0x55,0xC8,0xBF,0x6C,0x03,0x68,0x03,0x8C,0xF4,0x94,0x10,0xFF,0x3F,0xFE,0xFF,0x00,0x40,0x06,0x90,0xF4,0x49,0xA8,0xFF,0x3F,0xFF,0xDF,0x00,0xA0,0x06,0x10,0xE9,0x27,0x21}},
    {2857, 24, 0x0F, 3, 0, {-10080, -14359, -4187215}, {{52, -733, 4245}, {27, -367, 2122}, {53, -733, 4247}}, {{-6, -9, 6}, {-4, -6, 1}}, {0x29,0x8B,0x01,0x0F,0x83,0x62,0xFF,0xE9,0xC7,0x3F,0x76,0x03,0x48,0x03,0x8C,0xF4,0x95,0x90,0xFE,0xFF,0xFD,0xBF,0x01,0xC0,0x06,0x88,0xF4,0x4A,0x88,0xFF,0x5F,0xFF,0x3F,0x00,0xA0,0x06,0x18,0xE9,0x2F,0x21}},
    {2881, 24, 0x0F, 3, 0, {-10256, -14483, -4187183}, {{50, -733, 4244}, {26, -367, 2121}, {54, -734, 4241}}, {{-2, -5, 5}, {-2, -12, 8}}, {0x41,0x8B,0x01,0x0F,0xC3,0x5F,0xFF,0x6D,0xC7,0x3F,0x7A,0x03,0x28,0x03,0x8C,0xF4,0x94,0x90,0xFF,0xFF,0xFE,0x7F,0x01,0x80,0x06,0x88,0xF4,0x49,0xC8,0xFF,0x9F,0xFE,0x1F,0x01,0xC0,0x06,0x10,0xE9,0x23,0x21}},
    {2905, 24, 0x0F, 3, 0, {-10336, -14611, -4187099}, {{53, -733, 4246}, {25, -366, 2121}, {54, -732, 4240}}, {{-4, -6, 4}, {-4, -8, 6}}, {0x59,0x8B,0x01,0x0F,0x83,0x5E,0xFF,0xED,0xC6,0xBF,0x84,0x03,0x58,0x03,0x8C,0xF4,0x96,0x10,0xFF,0xBF,0xFE,0x3F,0x01,0x40,0x06,0x90,0xF4,0x49,0x88,0xFF,0x1F,0xFF,0xDF,0x00,0xC0,0x06,0x20,0xE9,0x21,0x21}},
    {2930, 25, 0x0F, 3, 0, {-10472, -14743, -4187023}, {{53, -732, 4243}, {27, -367, 2122}, {53, -731, 4250}}, {{0, -8, 3}, {-6, -7, 5}}, {0x72,0x9B,0x01,0x0F,0x63,0x5C,0xFF,0x69,0xC6,0x3F,0x8E,0x03,0x58,0x03,0x90,0xF4,0x93,0x10,0x00,0x00,0xFE,0xFF,0x00,0xC0,0x06,0x88,0xF4,0x4A,0x48,0xFF,0x3F,0xFF,0xBF,0x00,0xA0,0x06,0x28,0xE9,0x35,0x21}},
    {2952, 22, 0x0F, 3, 0, {-10544, -14883, -4186983}, {{49, -732, 4248}, {24, -364, 2121}, {50, -732, 4246}}, {{-5, -7, 4}, {-4, -6, 2}}, {0x88,0x6B,0x01,0x0F,0x43,0x5B,0xFF,0xDD,0xC5,0x3F,0x93,0x03,0x18,0x03,0x90,0xF4,0x98,0xD0,0xFE,0x7F,0xFE,0x3F,0x01,0x00,0x06,0xA0,0xF4,0x49,0x88,0xFF,0x5F,0xFF,0x5F,0x00,0x40,0x06,0x20,0xE9,0x2D,0x21}},
    {2976, 24, 0x0F, 3, 0, {-10704, -14975, -4186911}, {{51, -733, 4242}, {25, -366, 2120}, {52, -734, 4241}}, {{-3, -3, 4}, {-3, -4, 3}}, {0xA0,0x8B,0x01,0x0F,0xC3,0x58,0xFF,0x81,0xC5,0x3F,0x9C,0x03,0x38,0x03,0x8C,0xF4,0x92,0x50,0xFF,0x7F,0xFF,0x3F,0x01,0x40,0x06,0x90,0xF4,0x48,0xA8,0xFF,0x9F,0xFF,0x7F,0x00,0x80,0x06,0x10,0xE9,0x23,0x21}},
    {3000, 24, 0x0F, 3, 0, {-10784, -15039, -4186847}, {{54, -734, 4240}, {26, -365, 2120}, {49, -730, 4238}}, {{-2, -8, 2}, {-6, -6, 4}}, {0xB8,0x8B,0x01,0x0F,0x83,0x57,0xFF,0x41,0xC5,0x3F,0xA4,0x03,0x68,0x03,0x88,0xF4,0x90,0x90,0xFF,0x3F,0xFE,0xBF,0x00,0x80,0x06,0x98,0xF4,0x48,0x48,0xFF,0x5F,0xFF,0x9F,0x00,0x20,0x06,0x30,0xE9,0x1D,0x21}},
    {3024, 24, 0x0F, 3, 0, {-10888, -15147, -4186767}, {{49, -730, 4238}, {25, -364, 2120}, {48, -733, 4241}}, {{-2, -8, 5}, {0, -10, 8}}, {0xD0,0x8B,0x01,0x0F,0xE3,0x55,0xFF,0xD5,0xC4,0x3F,0xAE,0x03,0x18,0x03,0x98,0xF4,0x8E,0x90,0xFF,0x3F,0xFE,0x7F,0x01,0x40,0x06,0xA0,0xF4,0x48,0x08,0x00,0xC0,0xFE,0x1F,0x01,0x00,0x06,0x18,0xE9,0x23,0x21}},
    {3048, 24, 0x0F, 3, 0, {-10960, -15271, -4186643}, {{50, -736, 4246}, {25, -368, 2123}, {53, -736, 4247}}, {{-3, -6, 6}, {-6, -10, 2}}, {0xE8,0x8B,0x01,0x0F,0xC3,0x54,0xFF,0x59,0xC4,0xBF,0xBD,0x03,0x28,0x03,0x80,0xF4,0x96,0x50,0xFF,0xBF,0xFE,0xBF,0x01,0x40,0x06,0x80,0xF4,0x4B,0x48,0xFF,0xDF,0xFE,0x5F,0x00,0xA0,0x06,0x00,0xE9,0x2F,0x21}},
    {3071, 23, 0x0F, 3, 0, {-11112, -15391, -4186583}, {{54, -732, 4243}, {26, -367, 2121}, {50, -734, 4242}}, {{-4, -7, -1}, {-6, -8, 1}}, {0xFF,0x7B,0x01,0x0F,0x63,0x52,0xFF,0xE1,0xC3,0x3F,0xC5,0x03,0x68,0x03,0x90,0xF4,0x93,0x10,0xFF,0x7F,0xFE,0xFF,0xFF,0xBF,0x06,0x88,0xF4,0x49,0x48,0xFF,0x1F,0xFF,0x3F,0x00,0x40,0x06,0x10,0xE9,0x25,0x21}},
    {3095, 24, 0x0F, 3, 0, {-11232, -15511, -4186563}, {{51, -734, 4240}, {27, -367, 2120}, {50, -736, 4244}}, {{0, -9, 4}, {-3, -5, 4}}, {0x17,0x8C,0x01,0x0F,0x83,0x50,0xFF,0x69,0xC3,0xBF,0xC7,0x03,0x38,0x03,0x88,0xF4,0x90,0x10,0x00,0xC0,0xFD,0x3F,0x01,0xC0,0x06,0x88,0xF4,0x48,0xA8,0xFF,0x7F,0xFF,0x9F,0x00,0x40,0x06,0x00,0xE9,0x29,0x21}},
    {3119, 24, 0x0F, 3, 0, {-11264, -15615, -4186499}, {{51, -732, 4243}, {26, -366, 2123}, {49, -731, 4248}}, {{-3, -6, 6}, {-3, -12, 6}}, {0x2F,0x8C,0x01,0x0F,0x03,0x50,0xFF,0x01,0xC3,0xBF,0xCF,0x03,0x38,0x03,0x90,0xF4,0x93,0x50,0xFF,0xBF,0xFE,0xBF,0x01,0x80,0x06,0x90,0xF4,0x4B,0xA8,0xFF,0x9F,0xFE,0xDF,0x00,0x20,0x06,0x28,0xE9,0x31,0x21}},
    {3143, 24, 0x0F, 3, 0, {-11344, -15763, -4186415}, {{50, -732, 4248}, {25, -367, 2124}, {47, -733, 4244}}, {{-2, -8, 11}, {-4, -5, 2}}, {0x47,0x8C,0x01,0x0F,0xC3,0x4E,0xFF,0x6D,0xC2,0x3F,0xDA,0x03,0x28,0x03,0x90,0xF4,0x98,0x90,0xFF,0x3F,0xFE,0xFF,0x02,0x40,0x06,0x88,0xF4,0x4C,0x88,0xFF,0x7F,0xFF,0x5F,0x00,0xE0,0x05,0x18,0xE9,0x29,0x21}},
    {3167, 24, 0x0F, 3, 0, {-11464, -15875, -4186319}, {{51, -733, 4245}, {25, -367, 2121}, {50, -732, 4241}}, {{-3, -7, 6}, {0, -13, 6}}, {0x5F,0x8C,0x01,0x0F,0xE3,0x4C,0xFF,0xFD,0xC1,0x3F,0xE6,0x03,0x38,0x03,0x8C,0xF4,0x95,0x50,0xFF,0x7F,0xFE,0xBF,0x01,0x40,0x06,0x88,0xF4,0x49,0x08,0x00,0x60,0xFE,0xDF,0x00,0x40,0x06,0x20,0xE9,0x23,0x21}},
    {3191, 24, 0x0F, 3, 0, {-11488, -16027, -4186223}, {{53, -732, 4241}, {28, -366, 2120}, {54, -732, 4241}}, {{-5, -10, 6}, {-1, -11, 2}}, {0x77,0x8C,0x01,0x0F,0x83,0x4C,0xFF,0x65,0xC1,0x3F,0xF2,0x03,0x58,0x03,0x90,0xF4,0x91,0xD0,0xFE,0xBF,0xFD,0xBF,0x01,0x00,0x07,0x90,0xF4,0x48,0xE8,0xFF,0xBF,0xFE,0x5F,0x00,0xC0,0x06,0x20,0xE9,0x23,0x21}},
    {3214, 23, 0x0F, 3, 0, {-11576, -16203, -4186171}, {{54, -733, 4241}, {26, -366, 2119}, {51, -736, 4240}}, {{-3, -4, 6}, {-1, -5, 7}}, {0x8E,0x7C,0x01,0x0F,0x23,0x4B,0xFF,0xB5,0xC0,0xBF,0xF8,0x03,0x68,0x03,0x8C,0xF4,0x91,0x50,0xFF,0x3F,0xFF,0xBF,0x01,0x80,0x06,0x90,0xF4,0x47,0xE8,0xFF,0x7F,0xFF,0xFF,0x00,0x60,0x06,0x00,0xE9,0x21,0x21}},
    {3238, 24, 0x0F, 3, 0, {-11648, -16303, -4186059}, {{54, -733, 4240}, {26, -367, 2121}, {52, -732, 4246}}, {{-3, -9, 6}, {-5, -8, 3}}, {0xA6,0x8C,0x01,0x0F,0x03,0x4A,0xFF,0x51,0xC0,0xBF,0x06,0x04,0x68,0x03,0x8C,0xF4,0x90,0x50,0xFF,0xFF,0xFD,0xBF,0x01,0x80,0x06,0x88,0xF4,0x49,0x68,0xFF,0x1F,0xFF,0x7F,0x00,0x80,0x06,0x20,0xE9,0x2D,0x21}},
    {3262, 24, 0x0F, 3, 0, {-11768, -16443, -4185971}, {{51, -733, 4247}, {26, -366, 2122}, {52, -733, 4246}}, {{-2, -12, 8}, {-3, -9, 8}}, {0xBE,0x8C,0x01,0x0F,0x23,0x48,0xFF,0xC5,0xBF,0xBF,0x11,0x04,0x38,0x03,0x8C,0xF4,0x97,0x90,0xFF,0x3F,0xFD,0x3F,0x02,0x80,0x06,0x90,0xF4,0x4A,0xA8,0xFF,0xFF,0xFE,0x1F,0x01,0x80,0x06,0x18,0xE9,0x2D,0x21}},
    {3286, 24, 0x0F, 3, 0, {-11848, -16615, -4185847}, {{53, -730, 4243}, {25, -365, 2121}, {49, -733, 4241}}, {{-3, -8, 7}, {-5, -6, 3}}, {0xD6,0x8C,0x01,0x0F,0xE3,0x46,0xFF,0x19,0xBF,0x3F,0x21,0x04,0x58,0x03,0x98,0xF4,0x93,0x50,0xFF,0x3F,0xFE,0xFF,0x01,0x40,0x06,0x98,0xF4,0x49,0x68,0xFF,0x5F,0xFF,0x7F,0x00,0x20,0x06,0x18,0xE9,0x23,0x21}},
    {3310, 24, 0x0F, 3, 0, {-11968, -16727, -4185771}, {{52, -731, 4241}, {26, -366, 2118}, {52, -730, 4237}}, {{0, -5, 5}, {0, -9, 6}}, {0xEE,0x8C,0x01,0x0F,0x03,0x45,0xFF,0xA9,0xBE,0xBF,0x2A,0x04,0x48,0x03,0x94,0xF4,0x91,0x10,0x00,0xC0,0xFE,0x7F,0x01,0x80,0x06,0x90,0xF4,0x46,0x08,0x00,0xE0,0xFE,0xDF,0x00,0x80,0x06,0x30,0xE9,0x1B,0x21}},
    {3334, 24, 0x0F, 3, 0, {-12024, -16855, -4185671}, {{52, -732, 4241}, {25, -367, 2121}, {53, -736, 4243}}, {{-5, -6, 6}, {-3, -9, 5}}, {0x06,0x8D,0x01,0x0F,0x23,0x44,0xFF,0x29,0xBE,0x3F,0x37,0x04,0x48,0x03,0x90,0xF4,0x91,0xD0,0xFE,0xBF,0xFE,0xBF,0x01,0x40,0x06,0x88,0xF4,0x49,0xA8,0xFF,0xFF,0xFE,0xBF,0x00,0xA0,0x06,0x00,0xE9,0x27,0x21}},
    {3357, 23, 0x0F, 3, 0, {-12136, -16975, -4185603}, {{51, -735, 4242}, {26, -368, 2122}, {52, -732, 4242}}, {{-4, -7, 1}, {1, -8, 5}}, {0x1D,0x7D,0x01,0x0F,0x63,0x42,0xFF,0xB1,0xBD,0xBF,0x3F,0x04,0x38,0x03,0x84,0xF4,0x92,0x10,0xFF,0x7F,0xFE,0x7F,0x00,0x80,0x06,0x80,0xF4,0x4A,0x28,0x00,0x00,0xFF,0xBF,0x00,0x80,0x06,0x20,0xE9,0x25,0x21}},
    {3383, 26, 0x0F, 3, 0, {-12200, -17107, -4185555}, {{51, -733, 4243}, {26, -366, 2121}, {51, -730, 4247}}, {{-4, -6, 5}, {-5, -4, 4}}, {0x37,0xAD,0x01,0x0F,0x63,0x41,0xFF,0x2D,0xBD,0xBF,0x45,0x04,0x38,0x03,0x8C,0xF4,0x93,0x10,0xFF,0xBF,0xFE,0x7F,0x01,0x80,0x06,0x90,0xF4,0x49,0x68,0xFF,0x9F,0xFF,0x9F,0x00,0x60,0x06,0x30,0xE9,0x2F,0x21}},
    {3405, 22, 0x0F, 3, 0, {-12304, -17215, -4185479}, {{50, -731, 4244}, {25, -367, 2120}, {49, -733, 4241}}, {{-2, -5, 2}, {-3, -7, 4}}, {0x4D,0x6D,0x01,0x0F,0xC3,0x3F,0xFF,0xC1,0xBC,0x3F,0x4F,0x04,0x28,0x03,0x94,0xF4,0x94,0x90,0xFF,0xFF,0xFE,0xBF,0x00,0x40,0x06,0x88,0xF4,0x48,0xA8,0xFF,0x3F,0xFF,0x9F,0x00,0x20,0x06,0x18,0xE9,0x23,0x21}},
    {3429, 24, 0x0F, 3, 0, {-12440, -17299, -4185427}, {{49, -733, 4240}, {25, -366, 2122}, {52, -733, 4245}}, {{-6, -5, 9}, {-3, -9, 0}}, {0x65,0x8D,0x01,0x0F,0xA3,0x3D,0xFF,0x6D,0xBC,0xBF,0x55,0x04,0x18,0x03,0x8C,0xF4,0x90,0x90,0xFE,0xFF,0xFE,0x7F,0x02,0x40,0x06,0x90,0xF4,0x4A,0xA8,0xFF,0xFF,0xFE,0x1F,0x00,0x80,0x06,0x18,0xE9,0x2B,0x21}},
    {3453, 24, 0x0F, 3, 0, {-12560, -17415, -4185347}, {{51, -733, 4247}, {26, -367, 2122}, {51, -732, 4242}}, {{-3, -9, 3}, {-3, -5, 4}}, {0x7D,0x8D,0x01,0x0F,0xC3,0x3B,0xFF,0xF9,0xBB,0xBF,0x5F,0x04,0x38,0x03,0x8C,0xF4,0x97,0x50,0xFF,0xFF,0xFD,0xFF,0x00,0x80,0x06,0x88,0xF4,0x4A,0xA8,0xFF,0x7F,0xFF,0x9F,0x00,0x60,0x06,0x20,0xE9,0x25,0x21}},
    {3476, 23, 0x0F, 3, 0, {-12648, -17527, -4185299}, {{50, -734, 4243}, {26, -366, 2119}, {50, -734, 4245}}, {{-3, -6, -1}, {-3, -6, 2}}, {0x94,0x7D,0x01,0x0F,0x63,0x3A,0xFF,0x89,0xBB,0xBF,0x65,0x04,0x28,0x03,0x88,0xF4,0x93,0x50,0xFF,0xBF,0xFE,0xFF,0xFF,0xBF,0x06,0x90,0xF4,0x47,0xA8,0xFF,0x5F,0xFF,0x5F,0x00,0x40,0x06,0x10,0xE9,0x2B,0x21}},
    {3500, 24, 0x0F, 3, 0, {-12720, -17623, -4185283}, {{50, -734, 4243}, {25, -366, 2120}, {49, -733, 4243}}, {{-4, -7, 0}, {-4, -5, 5}}, {0xAC,0x8D,0x01,0x0F,0x43,0x39,0xFF,0x29,0xBB,0xBF,0x67,0x04,0x28,0x03,0x88,0xF4,0x93,0x10,0xFF,0x7F,0xFE,0x3F,0x00,0x40,0x06,0x90,0xF4,0x48,0x88,0xFF,0x7F,0xFF,0xBF,0x00,0x20,0x06,0x18,0xE9,0x27,0x21}},
    {3524, 24, 0x0F, 3, 0, {-12856, -17739, -4185243}, {{51, -733, 4243}, {27, -365, 2123}, {50, -732, 4241}}, {{-3, -7, 3}, {-6, -6, 5}}, {0xC4,0x8D,0x01,0x0F,0x23,0x37,0xFF,0xB5,0xBA,0xBF,0x6C,0x04,0x38,0x03,0x8C,0xF4,0x93,0x50,0xFF,0x7F,0xFE,0xFF,0x00,0xC0,0x06,0x98,0xF4,0x4B,0x48,0xFF,0x5F,0xFF,0xBF,0x00,0x40,0x06,0x20,0xE9,0x23,0x21}},
    {3548, 24, 0x0F, 3, 0, {-12976, -17851, -4185199}, {{52, -731, 4240}, {25, -366, 2119}, {53, -733, 4236}}, {{-3, -7, 1}, {-3, -9, 2}}, {0xDC,0x8D,0x01,0x0F,0x43,0x35,0xFF,0x45,0xBA,0x3F,0x72,0x04,0x48,0x03,0x94,0xF4,0x90,0x50,0xFF,0x7F,0xFE,0x7F,0x00,0x40,0x06,0x90,0xF4,0x47,0xA8,0xFF,0xFF,0xFE,0x5F,0x00,0xA0,0x06,0x18,0xE9,0x19,0x21}},
    {3572, 24, 0x0F, 3, 0, {-13072, -17995, -4185147}, {{53, -732, 4236}, {26, -366, 2118}, {50, -733, 4239}}, {{-2, -3, 2}, {1, -6, 3}}, {0xF4,0x8D,0x01,0x0F,0xC3,0x33,0xFF,0xB5,0xB9,0xBF,0x78,0x04,0x58,0x03,0x90,0xF4,0x8C,0x90,0xFF,0x7F,0xFF,0xBF,0x00,0x80,0x06,0x90,0xF4,0x46,0x28,0x00,0x40,0xFF,0x7F,0x00,0x40,0x06,0x18,0xE9,0x1F,0x21}},
    {3596, 24, 0x0F, 3, 0, {-13160, -18087, -4185095}, {{51, -732, 4243}, {27, -366, 2121}, {54, -731, 4247}}, {{-4, -7, 2}, {-5, -8, 5}}, {0x0C,0x8E,0x01,0x0F,0x63,0x32,0xFF,0x59,0xB9,0x3F,0x7F,0x04,0x38,0x03,0x90,0xF4,0x93,0x10,0xFF,0x7F,0xFE,0xBF,0x00,0xC0,0x06,0x90,0xF4,0x49,0x68,0xFF,0x1F,0xFF,0xBF,0x00,0xC0,0x06,0x28,0xE9,0x2F,0x21}},
    {3619, 23, 0x0F, 3, 0, {-13296, -18203, -4185051}, {{53, -734, 4244}, {26, -367, 2122}, {52, -731, 4245}}, {{-6, -6, 4}, {-3, -8, 7}}, {0x23,0x7E,0x01,0x0F,0x43,0x30,0xFF,0xE5,0xB8,0xBF,0x84,0x04,0x58,0x03,0x88,0xF4,0x94,0x90,0xFE,0xBF,0xFE,0x3F,0x01,0x80,0x06,0x88,0xF4,0x4A,0xA8,0xFF,0x1F,0xFF,0xFF,0x00,0x80,0x06,0x28,0xE9,0x2B,0x21}},
    {3643, 24, 0x0F, 3, 0, {-13432, -18311, -4184971}, {{51, -733, 4247}, {26, -366, 2123}, {55, -730, 4243}}, {{-1, -4, 6}, {-2, -5, 4}}, {0x3B,0x8E,0x01,0x0F,0x23,0x2E,0xFF,0x79,0xB8,0xBF,0x8E,0x04,0x38,0x03,0x8C,0xF4,0x97,0xD0,0xFF,0x3F,0xFF,0xBF,0x01,0x80,0x06,0x90,0xF4,0x4B,0xC8,0xFF,0x7F,0xFF,0x9F,0x00,0xE0,0x06,0x30,0xE9,0x27,0x21}},
    {3667, 24, 0x0F, 3, 0, {-13472, -18399, -4184915}, {{51, -732, 4246}, {26, -365, 2123}, {50, -732, 4245}}, {{-5, -9, 1}, {-3, -9, 1}}, {0x53,0x8E,0x01,0x0F,0x83,0x2D,0xFF,0x21,0xB8,0xBF,0x95,0x04,0x38,0x03,0x90,0xF4,0x96,0xD0,0xFE,0xFF,0xFD,0x7F,0x00,0x80,0x06,0x98,0xF4,0x4B,0xA8,0xFF,0xFF,0xFE,0x3F,0x00,0x40,0x06,0x20,0xE9,0x2B,0x21}},
    {3691, 24, 0x0F, 3, 0, {-13648, -18547, -4184875}, {{49, -731, 4245}, {25, -366, 2122}, {52, -732, 4244}}, {{-5, -4, 7}, {-2, -4, 9}}, {0x6B,0x8E,0x01,0x0F,0xC3,0x2A,0xFF,0x8D,0xB7,0xBF,0x9A,0x04,0x18,0x03,0x94,0xF4,0x95,0xD0,0xFE,0x3F,0xFF,0xFF,0x01,0x40,0x06,0x90,0xF4,0x4A,0xC8,0xFF,0x9F,0xFF,0x3F,0x01,0x80,0x06,0x20,0xE9,0x29,0x21}},
    {3715, 24, 0x0F, 3, 0, {-13736, -18631, -4184751}, {{51, -732, 4244}, {26, -365, 2122}, {55, -731, 4246}}, {{-3, -6, 3}, {-3, -9, 8}}, {0x83,0x8E,0x01,0x0F,0x63,0x29,0xFF,0x39,0xB7,0x3F,0xAA,0x04,0x38,0x03,0x90,0xF4,0x94,0x50,0xFF,0xBF,0xFE,0xFF,0x00,0x80,0x06,0x98,0xF4,0x4A,0xA8,0xFF,0xFF,0xFE,0x1F,0x01,0xE0,0x06,0x28,0xE9,0x2D,0x21}},
    {3739, 24, 0x0F, 3, 0, {-13864, -18739, -4184659}, {{54, -733, 4244}, {27, -367, 2121}, {52, -731, 4243}}, {{-3, -9, 4}, {-5, -7, 1}}, {0x9B,0x8E,0x01,0x0F,0x63,0x27,0xFF,0xCD,0xB6,0xBF,0xB5,0x04,0x68,0x03,0x8C,0xF4,0x94,0x50,0xFF,0xFF,0xFD,0x3F,0x01,0xC0,0x06,0x88,0xF4,0x49,0x68,0xFF,0x3F,0xFF,0x3F,0x00,0x80,0x06,0x28,0xE9,0x27,0x21}},
    {3762, 23, 0x0F, 3, 0, {-13976, -18883, -4184631}, {{52, -729, 4247}, {25, -366, 2122}, {53, -736, 4246}}, {{-1, -7, 5}, {0, -8, 1}}, {0xB2,0x7E,0x01,0x0F,0xA3,0x25,0xFF,0x3D,0xB6,0x3F,0xB9,0x04,0x48,0x03,0x9C,0xF4,0x97,0xD0,0xFF,0x7F,0xFE,0x7F,0x01,0x40,0x06,0x90,0xF4,0x4A,0x08,0x00,0x00,0xFF,0x3F,0x00,0xA0,0x06,0x00,0xE9,0x2D,0x21}},
    {3786, 24, 0x0F, 3, 0, {-13992, -19007, -4184575}, {{53, -735, 4241}, {25, -367, 2121}, {51, -735, 4239}}, {{-3, -9, 2}, {-3, -8, 4}}, {0xCA,0x8E,0x01,0x0F,0x63,0x25,0xFF,0xC1,0xB5,0x3F,0xC0,0x04,0x58,0x03,0x84,0xF4,0x91,0x50,0xFF,0xFF,0xFD,0xBF,0x00,0x40,0x06,0x88,0xF4,0x49,0xA8,0xFF,0x1F,0xFF,0x9F,0x00,0x60,0x06,0x08,0xE9,0x1F,0x21}},
    {3810, 24, 0x0F, 3, 0, {-14080, -19127, -4184539}, {{50, -736, 4243}, {25, -367, 2122}, {52, -732, 4239}}, {{-5, -8, 2}, {-2, -6, 3}}, {0xE2,0x8E,0x01,0x0F,0x03,0x24,0xFF,0x49,0xB5,0xBF,0xC4,0x04,0x28,0x03,0x80,0xF4,0x93,0xD0,0xFE,0x3F,0xFE,0xBF,0x00,0x40,0x06,0x88,0xF4,0x4A,0xC8,0xFF,0x5F,0xFF,0x7F,0x00,0x80,0x06,0x20,0xE9,0x1F,0x21}},
    {3834, 24, 0x0F, 3, 0, {-14176, -19251, -4184491}, {{52, -732, 4245}, {25, -366, 2123}, {52, -735, 4246}}, {{0, -8, 0}, {0, -7, 4}}, {0xFA,0x8E,0x01,0x0F,0x83,0x22,0xFF,0xCD,0xB4,0xBF,0xCA,0x04,0x48,0x03,0x90,0xF4,0x95,0x10,0x00,0x00,0xFE,0x3F,0x00,0x40,0x06,0x90,0xF4,0x4B,0x08,0x00,0x20,0xFF,0x9F,0x00,0x80,0x06,0x08,0xE9,0x2D,0x21}},
    {3858, 24, 0x0F, 3, 0, {-14192, -19379, -4184471}, {{53, -732, 4248}, {27, -366, 2123}, {51, -734, 4243}}, {{-4, -7, 3}, {-1, -7, 6}}, {0x12,0x8F,0x01,0x0F,0x43,0x22,0xFF,0x4D,0xB4,0x3F,0xCD,0x04,0x58,0x03,0x90,0xF4,0x98,0x10,0xFF,0x7F,0xFE,0xFF,0x00,0xC0,0x06,0x90,0xF4,0x4B,0xE8,0xFF,0x3F,0xFF,0xDF,0x00,0x60,0x06,0x10,0xE9,0x27,0x21}},
    {3882, 24, 0x0F, 3, 0, {-14288, -19483, -4184387}, {{52, -733, 4241}, {26, -365, 2122}, {53, -730, 4242}}, {{-3, -5, 3}, {-2, -7, 6}}, {0x2A,0x8F,0x01,0x0F,0xC3,0x20,0xFF,0xE5,0xB3,0xBF,0xD7,0x04,0x48,0x03,0x8C,0xF4,0x91,0x50,0xFF,0xFF,0xFE,0xFF,0x00,0x80,0x06,0x98,0xF4,0x4A,0xC8,0xFF,0x3F,0xFF,0xDF,0x00,0xA0,0x06,0x30,0xE9,0x25,0x21}},
    {3905, 23, 0x0F, 3, 0, {-14360, -19587, -4184295}, {{52, -732, 4242}, {26, -367, 2121}, {53, -732, 4242}}, {{-3, -9, 1}, {-3, -9, -1}}, {0x41,0x7F,0x01,0x0F,0xA3,0x1F,0xFF,0x7D,0xB3,0x3F,0xE3,0x04,0x48,0x03,0x90,0xF4,0x92,0x50,0xFF,0xFF,0xFD,0x7F,0x00,0x80,0x06,0x88,0xF4,0x49,0xA8,0xFF,0xFF,0xFE,0xFF,0xFF,0xBF,0x06,0x20,0xE9,0x25,0x21}},
    {3929, 24, 0x0F, 3, 0, {-14472, -19723, -4184279}, {{53, -734, 4246}, {26, -366, 2122}, {51, -733, 4246}}, {{-3, -7, 0}, {2, -8, 6}}, {0x59,0x8F,0x01,0x0F,0xE3,0x1D,0xFF,0xF5,0xB2,0x3F,0xE5,0x04,0x58,0x03,0x88,0xF4,0x96,0x50,0xFF,0x7F,0xFE,0x3F,0x00,0x80,0x06,0x90,0xF4,0x4A,0x48,0x00,0x00,0xFF,0xDF,0x00,0x60,0x06,0x18,0xE9,0x2D,0x21}},
    {3955, 26, 0x0F, 3, 0, {-14480, -19831, -4184227}, {{53, -732, 4243}, {26, -365, 2121}, {54, -736, 4244}}, {{-4, -6, 6}, {-5, -4, 4}}, {0x73,0xAF,0x01,0x0F,0xC3,0x1D,0xFF,0x89,0xB2,0xBF,0xEB,0x04,0x58,0x03,0x90,0xF4,0x93,0x10,0xFF,0xBF,0xFE,0xBF,0x01,0x80,0x06,0x98,0xF4,0x49,0x68,0xFF,0x9F,0xFF,0x9F,0x00,0xC0,0x06,0x00,0xE9,0x29,0x21}},
    {3977, 22, 0x0F, 3, 0, {-14616, -19951, -4184159}, {{54, -737, 4244}, {27, -369, 2122}, {52, -735, 4243}}, {{-2, -7, 4}, {-4, -7, 3}}, {0x89,0x6F,0x01,0x0F,0xA3,0x1B,0xFF,0x11,0xB2,0x3F,0xF4,0x04,0x68,0x03,0x7C,0xF4,0x94,0x90,0xFF,0x7F,0xFE,0x3F,0x01,0xC0,0x06,0x78,0xF4,0x4A,0x88,0xFF,0x3F,0xFF,0x7F,0x00,0x80,0x06,0x08,0xE9,0x27,0x21}},
    {4001, 24, 0x0F, 3, 0, {-14712, -20067, -4184099}, {{53, -735, 4243}, {26, -367, 2122}, {55, -733, 4242}}, {{-3, -9, 3}, {-4, -8, 1}}, {0xA1,0x8F,0x01,0x0F,0x23,0x1A,0xFF,0x9D,0xB1,0xBF,0xFB,0x04,0x58,0x03,0x84,0xF4,0x93,0x50,0xFF,0xFF,0xFD,0xFF,0x00,0x80,0x06,0x88,0xF4,0x4A,0x88,0xFF,0x1F,0xFF,0x3F,0x00,0xE0,0x06,0x18,0xE9,0x25,0x21}},
    {4048, 47, 0x0F, 3, 0, {-14880, -20255, -4183975}, {{52, -731, 4242}, {24, -367, 2122}, {50, -733, 4247}}, {{-2, -7, 2}, {-5, -5, 2}}, {0xD0,0xFF,0x02,0x0F,0x83,0x17,0xFF,0xE1,0xB0,0x3F,0x0B,0x05,0x48,0x03,0x94,0xF4,0x92,0x90,0xFF,0x7F,0xFE,0xBF,0x00,0x00,0x06,0x88,0xF4,0x4A,0x68,0xFF,0x7F,0xFF,0x5F,0x00,0x40,0x06,0x18,0xE9,0x2F,0x21}},
    {4072, 24, 0x0F, 3, 0, {-15024, -20387, -4183907}, {{53, -734, 4243}, {26, -367, 2121}, {55, -734, 4242}}, {{-5, -11, 3}, {-3, -6, 7}}, {0xE8,0x8F,0x01,0x0F,0x43,0x15,0xFF,0x5D,0xB0,0xBF,0x13,0x05,0x58,0x03,0x88,0xF4,0x93,0xD0,0xFE,0x7F,0xFD,0xFF,0x00,0x80,0x06,0x88,0xF4,0x49,0xA8,0xFF,0x5F,0xFF,0xFF,0x00,0xE0,0x06,0x10,0xE9,0x25,0x21}},
    {0, 24, 0x0F, 3, 0, {-15144, -20507, -4183823}, {{52, -734, 4237}, {26, -367, 2120}, {51, -733, 4246}}, {{-2, -8, 4}, {-3, -4, 5}}, {0x00,0x80,0x01,0x0F,0x63,0x13,0xFF,0xE5,0xAF,0x3F,0x1E,0x05,0x48,0x03,0x88,0xF4,0x8D,0x90,0xFF,0x3F,0xFE,0x3F,0x01,0x80,0x06,0x88,0xF4,0x48,0xA8,0xFF,0x9F,0xFF,0xBF,0x00,0x60,0x06,0x18,0xE9,0x2D,0x21}},
    {24, 24, 0x0F, 3, 0, {-15240, -20619, -4183751}, {{52, -732, 4244}, {26, -366, 2120}, {53, -735, 4246}}, {{-6, -9, 6}, {-1, -6, 3}}, {0x18,0x80,0x01,0x0F,0xE3,0x11,0xFF,0x75,0xAF,0x3F,0x27,0x05,0x48,0x03,0x90,0xF4,0x94,0x90,0xFE,0xFF,0xFD,0xBF,0x01,0x80,0x06,0x90,0xF4,0x48,0xE8,0xFF,0x5F,0xFF,0x7F,0x00,0xA0,0x06,0x08,0xE9,0x2D,0x21}},
    {48, 24, 0x0F, 3, 0, {-15344, -20747, -4183699}, {{51, -735, 4247}, {26, -367, 2121}, {52, -733, 4244}}, {{0, -7, 3}, {-6, -4, 4}}, {0x30,0x80,0x01,0x0F,0x43,0x10,0xFF,0xF5,0xAE,0xBF,0x2D,0x05,0x38,0x03,0x84,0xF4,0x97,0x10,0x00,0x40,0xFE,0xFF,0x00,0x80,0x06,0x88,0xF4,0x49,0x48,0xFF,0x9F,0xFF,0x9F,0x00,0x80,0x06,0x18,0xE9,0x29,0x21}},
    {72, 24, 0x0F, 3, 0, {-15456, -20847, -4183619}, {{48, -733, 4243}, {24, -367, 2121}, {49, -734, 4241}}, {{-3, -6, 0}, {-4, -9, 2}}, {0x48,0x80,0x01,0x0F,0x83,0x0E,0xFF,0x91,0xAE,0xBF,0x37,0x05,0x08,0x03,0x8C,0xF4,0x93,0x50,0xFF,0xBF,0xFE,0x3F,0x00,0x00,0x06,0x88,0xF4,0x49,0x88,0xFF,0xFF,0xFE,0x5F,0x00,0x20,0x06,0x10,0xE9,0x23,0x21}},
    {95, 23, 0x0F, 3, 0, {-15608, -20979, -4183571}, {{49, -735, 4241}, {25, -367, 2121}, {52, -731, 4242}}, {{-2, -8, 2}, {-4, -10, 3}}, {0x5F,0x70,0x01,0x0F,0x23,0x0C,0xFF,0x0D,0xAE,0xBF,0x3D,0x05,0x18,0x03,0x84,0xF4,0x91,0x90,0xFF,0x3F,0xFE,0xBF,0x00,0x40,0x06,0x88,0xF4,0x49,0x88,0xFF,0xDF,0xFE,0x7F,0x00,0x80,0x06,0x28,0xE9,0x25,0x21}},
    {119, 24, 0x0F, 3, 0, {-15656, -21135, -4183531}, {{51, -732, 4241}, {25, -366, 2120}, {49, -732, 4246}}, {{-4, -8, 4}, {-3, -8, 4}}, {0x77,0x80,0x01,0x0F,0x63,0x0B,0xFF,0x71,0xAD,0xBF,0x42,0x05,0x38,0x03,0x90,0xF4,0x91,0x10,0xFF,0x3F,0xFE,0x3F,0x01,0x40,0x06,0x90,0xF4,0x48,0xA8,0xFF,0x1F,0xFF,0x9F,0x00,0x20,0x06,0x20,0xE9,0x2D,0x21}},
    {143, 24, 0x0F, 3, 0, {-15736, -21279, -4183431}, {{50, -732, 4246}, {26, -366, 2121}, {55, -732, 4243}}, {{-5, -6, 5}, {-5, -8, 3}}, {0x8F,0x80,0x01,0x0F,0x23,0x0A,0xFF,0xE1,0xAC,0x3F,0x4F,0x05,0x28,0x03,0x90,0xF4,0x96,0xD0,0xFE,0xBF,0xFE,0x7F,0x01,0x80,0x06,0x90,0xF4,0x49,0x68,0xFF,0x1F,0xFF,0x7F,0x00,0xE0,0x06,0x20,0xE9,0x27,0x21}},
    {167, 24, 0x0F, 3, 0, {-15864, -21427, -4183359}, {{54, -732, 4238}, {27, -367, 2121}, {54, -733, 4246}}, {{0, -5, 4}, {-3, -6, 5}}, {0xA7,0x80,0x01,0x0F,0x23,0x08,0xFF,0x4D,0xAC,0x3F,0x58,0x05,0x68,0x03,0x90,0xF4,0x8E,0x10,0x00,0xC0,0xFE,0x3F,0x01,0xC0,0x06,0x88,0xF4,0x49,0xA8,0xFF,0x5F,0xFF,0xBF,0x00,0xC0,0x06,0x18,0xE9,0x2D,0x21}},
    {191, 24, 0x0F, 3, 0, {-15912, -21507, -4183275}, {{53, -732, 4246}, {27, -365, 2121}, {51, -732, 4243}}, {{-4, -5, 5}, {-2, -9, 2}}, {0xBF,0x80,0x01,0x0F,0x63,0x07,0xFF,0xFD,0xAB,0xBF,0x62,0x05,0x58,0x03,0x90,0xF4,0x96,0x10,0xFF,0xFF,0xFE,0x7F,0x01,0xC0,0x06,0x98,0xF4,0x49,0xC8,0xFF,0xFF,0xFE,0x5F,0x00,0x60,0x06,0x20,0xE9,0x27,0x21}},
    {214, 23, 0x0F, 3, 0, {-15968, -21615, -4183219}, {{49, -733, 4241}, {26, -367, 2120}, {52, -732, 4237}}, {{-4, -5, 2}, {-3, -8, 4}}, {0xD6,0x70,0x01,0x0F,0x83,0x06,0xFF,0x91,0xAB,0xBF,0x69,0x05,0x18,0x03,0x8C,0xF4,0x91,0x10,0xFF,0xFF,0xFE,0xBF,0x00,0x80,0x06,0x88,0xF4,0x48,0xA8,0xFF,0x1F,0xFF,0x9F,0x00,0x80,0x06,0x20,0xE9,0x1B,0x21}},
    {238, 24, 0x0F, 3, 0, {-16088, -21715, -4183159}, {{52, -732, 4240}, {25, -366, 2120}, {53, -731, 4240}}, {{-7, -7, 5}, {-2, -6, 5}}, {0xEE,0x80,0x01,0x0F,0xA3,0x04,0xFF,0x2D,0xAB,0x3F,0x71,0x05,0x48,0x03,0x90,0xF4,0x90,0x50,0xFE,0x7F,0xFE,0x7F,0x01,0x40,0x06,0x90,0xF4,0x48,0xC8,0xFF,0x5F,0xFF,0xBF,0x00,0xA0,0x06,0x28,0xE9,0x21,0x21}},
    {264, 26, 0x0F, 3, 0, {-16208, -21855, -4183079}, {{50, -731, 4245}, {25, -366, 2120}, {51, -733, 4240}}, {{-5, -6, 0}, {-3, -2, 2}}, {0x08,0xA1,0x01,0x0F,0xC3,0x02,0xFF,0xA1,0xAA,0x3F,0x7B,0x05,0x28,0x03,0x94,0xF4,0x95,0xD0,0xFE,0xBF,0xFE,0x3F,0x00,0x40,0x06,0x90,0xF4,0x48,0xA8,0xFF,0xDF,0xFF,0x5F,0x00,0x60,0x06,0x18,0xE9,0x21,0x21}},
    {286, 22, 0x0F, 3, 0, {-16344, -21935, -4183051}, {{51, -736, 4242}, {25, -368, 2123}, {46, -736, 4244}}, {{-4, -8, 4}, {-5, -3, 3}}, {0x1E,0x61,0x01,0x0F,0xA3,0x00,0xFF,0x51,0xAA,0xBF,0x7E,0x05,0x38,0x03,0x80,0xF4,0x92,0x10,0xFF,0x3F,0xFE,0x3F,0x01,0x40,0x06,0x80,0xF4,0x4B,0x68,0xFF,0xBF,0xFF,0x7F,0x00,0xC0,0x05,0x00,0xE9,0x29,0x21}},
    {310, 24, 0x0F, 3, 0, {-16456, -22027, -4182979}, {{50, -733, 4243}, {26, -367, 2122}, {53, -733, 4242}}, {{0, -7, 2}, {-1, -7, 6}}, {0x36,0x81,0x01,0x0F,0xE3,0xFE,0xFE,0xF5,0xA9,0xBF,0x87,0x05,0x28,0x03,0x8C,0xF4,0x93,0x10,0x00,0x40,0xFE,0xBF,0x00,0x80,0x06,0x88,0xF4,0x4A,0xE8,0xFF,0x3F,0xFF,0xDF,0x00,0xA0,0x06,0x18,0xE9,0x25,0x21}},
    {334, 24, 0x0F, 3, 0, {-16504, -22159, -4182907}, {{52, -735, 4238}, {26, -367, 2120}, {49, -733, 4238}}, {{0, -8, 1}, {0, -8, 4}}, {0x4E,0x81,0x01,0x0F,0x23,0xFE,0xFE,0x71,0xA9,0xBF,0x90,0x05,0x48,0x03,0x84,0xF4,0x8E,0x10,0x00,0x00,0xFE,0x7F,0x00,0x80,0x06,0x88,0xF4,0x48,0x08,0x00,0x00,0xFF,0x9F,0x00,0x20,0x06,0x18,0xE9,0x1D,0x21}},
    {357, 23, 0x0F, 3, 0, {-16528, -22259, -4182891}, {{51, -731, 4242}, {26, -366, 2122}, {49, -733, 4239}}, {{-6, -9, 1}, {0, -3, 7}}, {0x65,0x71,0x01,0x0F,0xC3,0xFD,0xFE,0x0D,0xA9,0xBF,0x92,0x05,0x38,0x03,0x94,0xF4,0x92,0x90,0xFE,0xFF,0xFD,0x7F,0x00,0x80,0x06,0x90,0xF4,0x4A,0x08,0x00,0xA0,0xFF,0xFF,0x00,0x20,0x06,0x18,0xE9,0x1F,0x21}},
    {381, 24, 0x0F, 3, 0, {-16576, -22355, -4182823}, {{49, -734, 4239}, {25, -368, 2120}, {52, -733, 4244}}, {{-4, -9, 3}, {-2, -10, 6}}, {0x7D,0x81,0x01,0x0F,0x03,0xFD,0xFE,0xAD,0xA8,0x3F,0x9B,0x05,0x18,0x03,0x88,0xF4,0x8F,0x10,0xFF,0xFF,0xFD,0xFF,0x00,0x40,0x06,0x80,0xF4,0x48,0xC8,0xFF,0xDF,0xFE,0xDF,0x00,0x80,0x06,0x18,0xE9,0x29,0x21}},
    {405, 24, 0x0F, 3, 0, {-16712, -22499, -4182731}, {{52, -732, 4244}, {27, -365, 2122}, {51, -731, 4242}}, {{-4, -6, 4}, {-2, -6, 4}}, {0x95,0x81,0x01,0x0F,0xE3,0xFA,0xFE,0x1D,0xA8,0xBF,0xA6,0x05,0x48,0x03,0x90,0xF4,0x94,0x10,0xFF,0xBF,0xFE,0x3F,0x01,0xC0,0x06,0x98,0xF4,0x4A,0xC8,0xFF,0x5F,0xFF,0x9F,0x00,0x60,0x06,0x28,0xE9,0x25,0x21}},
    {429, 24, 0x0F, 3, 0, {-16792, -22611, -4182675}, {{54, -732, 4239}, {27, -367, 2122}, {53, -731, 4248}}, {{-3, -9, 4}, {-2, -4, 4}}, {0xAD,0x81,0x01,0x0F,0xA3,0xF9,0xFE,0xAD,0xA7,0xBF,0xAD,0x05,0x68,0x03,0x90,0xF4,0x8F,0x50,0xFF,0xFF,0xFD,0x3F,0x01,0xC0,0x06,0x88,0xF4,0x4A,0xC8,0xFF,0x9F,0xFF,0x9F,0x00,0xA0,0x06,0x28,0xE9,0x31,0x21}},
    {453, 24, 0x0F, 3, 0, {-16872, -22727, -4182607}, {{55, -731, 4249}, {27, -367, 2122}, {52, -730, 4240}}, {{-3, -8, 5}, {-4, -11, 4}}, {0xC5,0x81,0x01,0x0F,0x63,0xF8,0xFE,0x39,0xA7,0x3F,0xB6,0x05,0x78,0x03,0x94,0xF4,0x99,0x50,0xFF,0x3F,0xFE,0x7F,0x01,0xC0,0x06,0x88,0xF4,0x4A,0x88,0xFF,0xBF,0xFE,0x9F,0x00,0x80,0x06,0x30,0xE9,0x21,0x21}},
    {477, 24, 0x0F, 3, 0, {-16968, -22887, -4182511}, {{50, -733, 4242}, {26, -367, 2120}, {56, -735, 4243}}, {{0, -4, 3}, {-4, -5, 7}}, {0xDD,0x81,0x01,0x0F,0xE3,0xF6,0xFE,0x99,0xA6,0x3F,0xC2,0x05,0x28,0x03,0x8C,0xF4,0x92,0x10,0x00,0x00,0xFF,0xFF,0x00,0x80,0x06,0x88,0xF4,0x48,0x88,0xFF,0x7F,0xFF,0xFF,0x00,0x00,0x07,0x08,0xE9,0x27,0x21}},
    {500, 23, 0x0F, 3, 0, {-17064, -22983, -4182427}, {{51, -733, 4240}, {26, -368, 2119}, {54, -735, 4242}}, {{-2, -9, 3}, {-1, -1, 0}}, {0xF4,0x71,0x01,0x0F,0x63,0xF5,0xFE,0x39,0xA6,0xBF,0xCC,0x05,0x38,0x03,0x8C,0xF4,0x90,0x90,0xFF,0xFF,0xFD,0xFF,0x00,0x80,0x06,0x80,0xF4,0x47,0xE8,0xFF,0xFF,0xFF,0x1F,0x00,0xC0,0x06,0x08,0xE9,0x25,0x21}},
    {524, 24, 0x0F, 3, 0, {-17136, -23055, -4182371}, {{53, -735, 4244}, {27, -366, 2121}, {52, -731, 4240}}, {{-2, -7, 6}, {-1, -6, 2}}, {0x0C,0x82,0x01,0x0F,0x43,0xF4,0xFE,0xF1,0xA5,0xBF,0xD3,0x05,0x58,0x03,0x84,0xF4,0x94,0x90,0xFF,0x7F,0xFE,0xBF,0x01,0xC0,0x06,0x90,0xF4,0x49,0xE8,0xFF,0x5F,0xFF,0x5F,0x00,0x80,0x06,0x28,0xE9,0x21,0x21}},
    {550, 26, 0x0F, 3, 0, {-17216, -23183, -4182315}, {{52, -733, 4244}, {26, -365, 2122}, {50, -731, 4245}}, {{-1, -8, 6}, {-5, -10, 4}}, {0x26,0xA2,0x01,0x0F,0x03,0xF3,0xFE,0x71,0xA5,0xBF,0xDA,0x05,0x48,0x03,0x8C,0xF4,0x94,0xD0,0xFF,0x3F,0xFE,0xBF,0x01,0x80,0x06,0x98,0xF4,0x4A,0x68,0xFF,0xDF,0xFE,0x9F,0x00,0x40,0x06,0x28,0xE9,0x2B,0x21}},
    {572, 22, 0x0F, 3, 0, {-17320, -23335, -4182231}, {{51, -730, 4242}, {25, -366, 2120}, {50, -731, 4240}}, {{-4, -9, 5}, {-3, -4, 5}}, {0x3C,0x62,0x01,0x0F,0x63,0xF1,0xFE,0xD9,0xA4,0x3F,0xE5,0x05,0x38,0x03,0x98,0xF4,0x92,0x10,0xFF,0xFF,0xFD,0x7F,0x01,0x40,0x06,0x90,0xF4,0x48,0xA8,0xFF,0x9F,0xFF,0xBF,0x00,0x40,0x06,0x28,0xE9,0x21,0x21}},
    {596, 24, 0x0F, 3, 0, {-17464, -23447, -4182151}, {{51, -732, 4239}, {24, -367, 2120}, {50, -733, 4240}}, {{0, -4, -1}, {-3, -8, 0}}, {0x54,0x82,0x01,0x0F,0x23,0xEF,0xFE,0x69,0xA4,0x3F,0xEF,0x05,0x38,0x03,0x90,0xF4,0x8F,0x10,0x00,0x00,0xFF,0xFF,0xFF,0x3F,0x06,0x88,0xF4,0x48,0xA8,0xFF,0x1F,0xFF,0x1F,0x00,0x40,0x06,0x18,0xE9,0x21,0x21}},
    {620, 24, 0x0F, 3, 0, {-17536, -23551, -4182155}, {{50, -732, 4243}, {25, -366, 2120}, {48, -730, 4245}}, {{-3, -7, 1}, {-2, -8, 6}}, {0x6C,0x82,0x01,0x0F,0x03,0xEE,0xFE,0x01,0xA4,0xBF,0xEE,0x05,0x28,0x03,0x90,0xF4,0x93,0x50,0xFF,0x7F,0xFE,0x7F,0x00,0x40,0x06,0x90,0xF4,0x48,0xC8,0xFF,0x1F,0xFF,0xDF,0x00,0x00,0x06,0x30,0xE9,0x2B,0x21}},
    {643, 23, 0x0F, 3, 0, {-17624, -23687, -4182095}, {{51, -734, 4240}, {26, -367, 2119}, {52, -731, 4238}}, {{0, -10, 0}, {-3, -1, 6}}, {0x83,0x72,0x01,0x0F,0xA3,0xEC,0xFE,0x79,0xA3,0x3F,0xF6,0x05,0x38,0x03,0x88,0xF4,0x90,0x10,0x00,0x80,0xFD,0x3F,0x00,0x80,0x06,0x88,0xF4,0x47,0xA8,0xFF,0xFF,0xFF,0xDF,0x00,0x80,0x06,0x28,0xE9,0x1D,0x21}},
    {667, 24, 0x0F, 3, 0, {-17688, -23799, -4182063}, {{53, -732, 4239}, {27, -366, 2122}, {55, -732, 4240}}, {{-7, -6, 5}, {-1, -7, 1}}, {0x9B,0x82,0x01,0x0F,0xA3,0xEB,0xFE,0x09,0xA3,0x3F,0xFA,0x05,0x58,0x03,0x90,0xF4,0x8F,0x50,0xFE,0xBF,0xFE,0x7F,0x01,0xC0,0x06,0x90,0xF4,0x4A,0xE8,0xFF,0x3F,0xFF,0x3F,0x00,0xE0,0x06,0x20,0xE9,0x21,0x21}},
    {691, 24, 0x0F, 3, 0, {-17808, -23903, -4181987}, {{55, -732, 4236}, {28, -366, 2121}, {55, -732, 4248}}, {{-3, -10, 2}, {-1, -9, 1}}, {0xB3,0x82,0x01,0x0F,0xC3,0xE9,0xFE,0xA1,0xA2,0xBF,0x03,0x06,0x78,0x03,0x90,0xF4,0x8C,0x50,0xFF,0xBF,0xFD,0xBF,0x00,0x00,0x07,0x90,0xF4,0x49,0xE8,0xFF,0xFF,0xFE,0x3F,0x00,0xE0,0x06,0x20,0xE9,0x31,0x21}},
    {715, 24, 0x0F, 3, 0, {-17904, -24031, -4181951}, {{54, -733, 4246}, {25, -368, 2122}, {52, -737, 4240}}, {{-7, -8, -1}, {-5, -4, -2}}, {0xCB,0x82,0x01,0x0F,0x43,0xE8,0xFE,0x21,0xA2,0x3F,0x08,0x06,0x68,0x03,0x8C,0xF4,0x96,0x50,0xFE,0x3F,0xFE,0xFF,0xFF,0x7F,0x06,0x80,0xF4,0x4A,0x68,0xFF,0x9F,0xFF,0xDF,0xFF,0x9F,0x06,0xF8,0xE8,0x21,0x21}},
    {739, 24, 0x0F, 3, 0, {-18032, -24143, -4181947}, {{51, -736, 4242}, {27, -366, 2122}, {51, -732, 4243}}, {{-6, -5, 7}, {-3, -2, 6}}, {0xE3,0x82,0x01,0x0F,0x43,0xE6,0xFE,0xB1,0xA1,0xBF,0x08,0x06,0x38,0x03,0x80,0xF4,0x92,0x90,0xFE,0xFF,0xFE,0xFF,0x01,0xC0,0x06,0x90,0xF4,0x4A,0xA8,0xFF,0xDF,0xFF,0xDF,0x00,0x60,0x06,0x20,0xE9,0x27,0x21}},
    {763, 24, 0x0F, 3, 0, {-18152, -24219, -4181839}, {{53, -733, 4243}, {26, -367, 2121}, {53, -735, 4240}}, {{0, -5, 4}, {-5, -8, 1}}, {0xFB,0x82,0x01,0x0F,0x63,0xE4,0xFE,0x65,0xA1,0x3F,0x16,0x06,0x58,0x03,0x8C,0xF4,0x93,0x10,0x00,0xC0,0xFE,0x3F,0x01,0x80,0x06,0x88,0xF4,0x49,0x68,0xFF,0x1F,0xFF,0x3F,0x00,0xA0,0x06,0x08,0xE9,0x21,0x21}},
    {786, 23, 0x0F, 3, 0, {-18232, -24323, -4181779}, {{52, -734, 4241}, {25, -367, 2119}, {49, -735, 4240}}, {{-3, -9, 2}, {-2, -5, 4}}, {0x12,0x73,0x01,0x0F,0x23,0xE3,0xFE,0xFD,0xA0,0xBF,0x1D,0x06,0x48,0x03,0x88,0xF4,0x91,0x50,0xFF,0xFF,0xFD,0xBF,0x00,0x40,0x06,0x88,0xF4,0x47,0xC8,0xFF,0x7F,0xFF,0x9F,0x00,0x20,0x06,0x08,0xE9,0x21,0x21}},
    {3328, 24, 0x0F, 3, 0, {-613792, -774235, -3660075}, {{51, -733, 4239}, {26, -367, 2120}, {52, -733, 4244}}, {{-1, -6, 8}, {-4, -7, 1}}, {0x00,0x8D,0x01,0x0F,0x83,0x89,0xDA,0xA5,0x2F,0xB4,0xDA,0x04,0x39,0x03,0x8C,0xF4,0x8F,0xD0,0xFF,0xBF,0xFE,0x3F,0x02,0x80,0x06,0x88,0xF4,0x48,0x88,0xFF,0x3F,0xFF,0x3F,0x00,0x80,0x06,0x18,0xE9,0x29,0x21}},
    {3352, 24, 0x0F, 3, 0, {-613864, -774351, -3660003}, {{51, -732, 4244}, {25, -366, 2120}, {52, -731, 4242}}, {{-1, -9, 5}, {-4, -5, 4}}, {0x18,0x8D,0x01,0x0F,0x63,0x88,0xDA,0x31,0x2F,0xB4,0xE3,0x04,0x39,0x03,0x90,0xF4,0x94,0xD0,0xFF,0xFF,0xFD,0x7F,0x01,0x40,0x06,0x90,0xF4,0x48,0x88,0xFF,0x7F,0xFF,0x9F,0x00,0x80,0x06,0x28,0xE9,0x25,0x21}},
    {3376, 24, 0x0F, 3, 0, {-613936, -774479, -3659955}, {{49, -730, 4244}, {24, -364, 2121}, {51, -734, 4247}}, {{-1, -9, 0}, {-2, -7, 3}}, {0x30,0x8D,0x01,0x0F,0x43,0x87,0xDA,0xB1,0x2E,0xB4,0xE9,0x04,0x19,0x03,0x98,0xF4,0x94,0xD0,0xFF,0xFF,0xFD,0x3F,0x00,0x00,0x06,0xA0,0xF4,0x49,0xC8,0xFF,0x3F,0xFF,0x7F,0x00,0x60,0x06,0x10,0xE9,0x2F,0x21}},
    {3399, 23, 0x0F, 3, 0, {-613992, -774619, -3659927}, {{53, -735, 4246}, {27, -367, 2122}, {52, -734, 4246}}, {{-4, -8, 7}, {-5, -1, 8}}, {0x47,0x7D,0x01,0x0F,0x63,0x86,0xDA,0x25,0x2E,0x34,0xED,0x04,0x59,0x03,0x84,0xF4,0x96,0x10,0xFF,0x3F,0xFE,0xFF,0x01,0xC0,0x06,0x88,0xF4,0x4A,0x68,0xFF,0xFF,0xFF,0x1F,0x01,0x80,0x06,0x10,0xE9,0x2D,0x21}},
    {3423, 24, 0x0F, 3, 0, {-614136, -774711, -3659815}, {{52, -733, 4240}, {26, -366, 2120}, {52, -732, 4236}}, {{-4, -8, 8}, {0, -8, 6}}, {0x5F,0x8D,0x01,0x0F,0x23,0x84,0xDA,0xC9,0x2D,0x34,0xFB,0x04,0x49,0x03,0x8C,0xF4,0x90,0x10,0xFF,0x3F,0xFE,0x3F,0x02,0x80,0x06,0x90,0xF4,0x48,0x08,0x00,0x00,0xFF,0xDF,0x00,0x80,0x06,0x20,0xE9,0x19,0x21}},
    {3447, 24, 0x0F, 3, 0, {-614232, -774851, -3659715}, {{53, -732, 4239}, {26, -366, 2122}, {51, -732, 4248}}, {{-5, -7, 4}, {-3, -4, 4}}, {0x77,0x8D,0x01,0x0F,0xA3,0x82,0xDA,0x3D,0x2D,0xB4,0x07,0x05,0x59,0x03,0x90,0xF4,0x8F,0xD0,0xFE,0x7F,0xFE,0x3F,0x01,0x80,0x06,0x90,0xF4,0x4A,0xA8,0xFF,0x9F,0xFF,0x9F,0x00,0x60,0x06,0x20,0xE9,0x31,0x21}},
    {3471, 24, 0x0F, 3, 0, {-614360, -774943, -3659611}, {{53, -730, 4249}, {26, -366, 2123}, {52, -733, 4244}}, {{-5, -11, 7}, {-4, -6, 4}}, {0x8F,0x8D,0x01,0x0F,0xA3,0x80,0xDA,0xE1,0x2C,0xB4,0x14,0x05,0x59,0x03,0x98,0xF4,0x99,0xD0,0xFE,0x7F,0xFD,0xFF,0x01,0x80,0x06,0x90,0xF4,0x4B,0x88,0xFF,0x5F,0xFF,0x9F,0x00,0x80,0x06,0x18,0xE9,0x29,0x21}},
    {3495, 24, 0x0F, 3, 0, {-614488, -775083, -3659515}, {{52, -733, 4240}, {25, -369, 2120}, {51, -735, 4242}}, {{-2, -6, 1}, {-4, -7, 9}}, {0xA7,0x8D,0x01,0x0F,0xA3,0x7E,0xDA,0x55,0x2C,0xB4,0x20,0x05,0x49,0x03,0x8C,0xF4,0x90,0x90,0xFF,0xBF,0xFE,0x7F,0x00,0x40,0x06,0x78,0xF4,0x48,0x88,0xFF,0x3F,0xFF,0x3F,0x01,0x60,0x06,0x08,0xE9,0x25,0x21}},
    {3518, 23, 0x0F, 3, 0, {-614616, -775207, -3659415}, {{52, -733, 4243}, {28, -366, 2121}, {55, -732, 4241}}, {{-2, -4, 11}, {-3, -3, 6}}, {0xBE,0x7D,0x01,0x0F,0xA3,0x7C,0xDA,0xD9,0x2B,0x34,0x2D,0x05,0x49,0x03,0x8C,0xF4,0x93,0x90,0xFF,0x3F,0xFF,0xFF,0x02,0x00,0x07,0x90,0xF4,0x49,0xA8,0xFF,0xBF,0xFF,0xDF,0x00,0xE0,0x06,0x20,0xE9,0x23,0x21}},
    {3542, 24, 0x0F, 3, 0, {-614688, -775283, -3659319}, {{54, -734, 4244}, {26, -367, 2121}, {53, -735, 4243}}, {{-3, -9, 1}, {-3, -8, 7}}, {0xD6,0x8D,0x01,0x0F,0x83,0x7B,0xDA,0x8D,0x2B,0x34,0x39,0x05,0x69,0x03,0x88,0xF4,0x94,0x50,0xFF,0xFF,0xFD,0x7F,0x00,0x80,0x06,0x88,0xF4,0x49,0xA8,0xFF,0x1F,0xFF,0xFF,0x00,0xA0,0x06,0x08,0xE9,0x27,0x21}},
    {3566, 24, 0x0F, 3, 0, {-614776, -775423, -3659243}, {{53, -733, 4244}, {27, -367, 2121}, {52, -734, 4243}}, {{-4, -2, 8}, {-3, -7, 6}}, {0xEE,0x8D,0x01,0x0F,0x23,0x7A,0xDA,0x01,0x2B,0xB4,0x42,0x05,0x59,0x03,0x8C,0xF4,0x94,0x10,0xFF,0xBF,0xFF,0x3F,0x02,0xC0,0x06,0x88,0xF4,0x49,0xA8,0xFF,0x3F,0xFF,0xDF,0x00,0x80,0x06,0x10,0xE9,0x27,0x21}},
    {3590, 24, 0x0F, 3, 0, {-614880, -775491, -3659171}, {{54, -735, 4240}, {27, -367, 2122}, {54, -732, 4248}}, {{-7, -7, 3}, {-4, 0, 7}}, {0x06,0x8E,0x01,0x0F,0x83,0x78,0xDA,0xBD,0x2A,0xB4,0x4B,0x05,0x69,0x03,0x84,0xF4,0x90,0x50,0xFE,0x7F,0xFE,0xFF,0x00,0xC0,0x06,0x88,0xF4,0x4A,0x88,0xFF,0x1F,0x00,0xE0,0x00,0xC0,0x06,0x20,0xE9,0x31,0x21}},
    {3614, 24, 0x0F, 3, 0, {-615048, -775579, -3659091}, {{56, -731, 4246}, {28, -366, 2122}, {51, -731, 4242}}, {{-2, -7, 10}, {-2, -4, 8}}, {0x1E,0x8E,0x01,0x0F,0xE3,0x75,0xDA,0x65,0x2A,0xB4,0x55,0x05,0x89,0x03,0x94,0xF4,0x96,0x90,0xFF,0x7F,0xFE,0xBF,0x02,0x00,0x07,0x90,0xF4,0x4A,0xC8,0xFF,0x9F,0xFF,0x1F,0x01,0x60,0x06,0x28,0xE9,0x25,0x21}},
    {3638, 24, 0x0F, 3, 0, {-615104, -775675, -3658975}, {{51, -731, 4244}, {27, -366, 2122}, {57, -732, 4243}}, {{-1, -6, 5}, {-4, -8, 2}}, {0x36,0x8E,0x01,0x0F,0x03,0x75,0xDA,0x05,0x2A,0x34,0x64,0x05,0x39,0x03,0x94,0xF4,0x94,0xD0,0xFF,0xBF,0xFE,0x7F,0x01,0xC0,0x06,0x90,0xF4,0x4A,0x88,0xFF,0x1F,0xFF,0x5F,0x00,0x20,0x07,0x20,0xE9,0x27,0x21}},
    {3661, 23, 0x0F, 3, 0, {-615176, -775795, -3658907}, {{57, -732, 4245}, {26, -365, 2122}, {54, -730, 4237}}, {{-3, -7, 1}, {0, -5, 9}}, {0x4D,0x7E,0x01,0x0F,0xE3,0x73,0xDA,0x8D,0x29,0xB4,0x6C,0x05,0x99,0x03,0x90,0xF4,0x95,0x50,0xFF,0x7F,0xFE,0x7F,0x00,0x80,0x06,0x98,0xF4,0x4A,0x08,0x00,0x60,0xFF,0x3F,0x01,0xC0,0x06,0x30,0xE9,0x1B,0x21}},
    {3685, 24, 0x0F, 3, 0, {-615256, -775899, -3658827}, {{55, -731, 4237}, {28, -366, 2122}, {53, -731, 4239}}, {{-6, -8, 5}, {-1, -9, 4}}, {0x65,0x8E,0x01,0x0F,0xA3,0x72,0xDA,0x25,0x29,0xB4,0x76,0x05,0x79,0x03,0x94,0xF4,0x8D,0x90,0xFE,0x3F,0xFE,0x7F,0x01,0x00,0x07,0x90,0xF4,0x4A,0xE8,0xFF,0xFF,0xFE,0x9F,0x00,0xA0,0x06,0x28,0xE9,0x1F,0x21}},
    {3709, 24, 0x0F, 3, 0, {-615360, -776043, -3658731}, {{52, -733, 4243}, {26, -367, 2121}, {51, -733, 4246}}, {{0, -7, 5}, {-2, -6, 6}}, {0x7D,0x8E,0x01,0x0F,0x03,0x71,0xDA,0x95,0x28,0xB4,0x82,0x05,0x49,0x03,0x8C,0xF4,0x93,0x10,0x00,0x40,0xFE,0x7F,0x01,0x80,0x06,0x88,0xF4,0x49,0xC8,0xFF,0x5F,0xFF,0xDF,0x00,0x60,0x06,0x18,0xE9,0x2D,0x21}},
    {3733, 24, 0x0F, 3, 0, {-615424, -776167, -3658635}, {{52, -731, 4249}, {26, -366, 2122}, {56, -731, 4244}}, {{-6, -8, 2}, {-5, -6, 4}}, {0x95,0x8E,0x01,0x0F,0x03,0x70,0xDA,0x19,0x28,0xB4,0x8E,0x05,0x49,0x03,0x94,0xF4,0x99,0x90,0xFE,0x3F,0xFE,0xBF,0x00,0x80,0x06,0x90,0xF4,0x4A,0x68,0xFF,0x5F,0xFF,0x9F,0x00,0x00,0x07,0x28,0xE9,0x29,0x21}},
    {3757, 24, 0x0F, 3, 0, {-615576, -776295, -3658579}, {{53, -733, 4242}, {26, -366, 2122}, {54, -731, 4245}}, {{-3, -7, 7}, {-6, -6, 11}}, {0xAD,0x8E,0x01,0x0F,0xA3,0x6D,0xDA,0x99,0x27,0xB4,0x95,0x05,0x59,0x03,0x8C,0xF4,0x92,0x50,0xFF,0x7F,0xFE,0xFF,0x01,0x80,0x06,0x90,0xF4,0x4A,0x48,0xFF,0x5F,0xFF,0x7F,0x01,0xC0,0x06,0x28,0xE9,0x2B,0x21}},
    {3781, 24, 0x0F, 3, 0, {-615760, -776415, -3658447}, {{54, -732, 4243}, {27, -367, 2121}, {50, -730, 4242}}, {{-1, -4, 0}, {-3, -8, 2}}, {0xC5,0x8E,0x01,0x0F,0xC3,0x6A,0xDA,0x21,0x27,0x34,0xA6,0x05,0x69,0x03,0x90,0xF4,0x93,0xD0,0xFF,0x3F,0xFF,0x3F,0x00,0xC0,0x06,0x88,0xF4,0x49,0xA8,0xFF,0x1F,0xFF,0x5F,0x00,0x40,0x06,0x30,0xE9,0x25,0x21}},
    {3804, 23, 0x0F, 3, 0, {-615824, -776531, -3658411}, {{52, -731, 4242}, {27, -366, 2121}, {55, -731, 4243}}, {{-2, -7, 6}, {1, -7, 0}}, {0xDC,0x7E,0x01,0x0F,0xC3,0x69,0xDA,0xAD,0x26,0xB4,0xAA,0x05,0x49,0x03,0x94,0xF4,0x92,0x90,0xFF,0x7F,0xFE,0xBF,0x01,0xC0,0x06,0x90,0xF4,0x49,0x28,0x00,0x20,0xFF,0x1F,0x00,0xE0,0x06,0x28,0xE9,0x27,0x21}},
    {3828, 24, 0x0F, 3, 0, {-615856, -776647, -3658335}, {{54, -733, 4243}, {27, -367, 2120}, {52, -735, 4240}}, {{-3, -8, 5}, {0, -7, 9}}, {0xF4,0x8E,0x01,0x0F,0x43,0x69,0xDA,0x39,0x26,0x34,0xB4,0x05,0x69,0x03,0x8C,0xF4,0x93,0x50,0xFF,0x3F,0xFE,0x7F,0x01,0xC0,0x06,0x88,0xF4,0x48,0x08,0x00,0x20,0xFF,0x3F,0x01,0x80,0x06,0x08,0xE9,0x21,0x21}},
    {3852, 24, 0x0F, 3, 0, {-615928, -776767, -3658243}, {{52, -731, 4237}, {28, -365, 2120}, {55, -732, 4243}}, {{-3, -7, 7}, {0, -6, 0}}, {0x0C,0x8F,0x01,0x0F,0x23,0x68,0xDA,0xC1,0x25,0xB4,0xBF,0x05,0x49,0x03,0x94,0xF4,0x8D,0x50,0xFF,0x7F,0xFE,0xFF,0x01,0x00,0x07,0x98,0xF4,0x48,0x08,0x00,0x40,0xFF,0x1F,0x00,0xE0,0x06,0x20,0xE9,0x27,0x21}},
    {3876, 24, 0x0F, 3, 0, {-616000, -776859, -3658199}, {{54, -732, 4244}, {27, -366, 2122}, {52, -735, 4240}}, {{-3, -8, 4}, {-2, -9, 2}}, {0x24,0x8F,0x01,0x0F,0x03,0x67,0xDA,0x65,0x25,0x34,0xC5,0x05,0x69,0x03,0x90,0xF4,0x94,0x50,0xFF,0x3F,0xFE,0x3F,0x01,0xC0,0x06,0x90,0xF4,0x4A,0xC8,0xFF,0xFF,0xFE,0x5F,0x00,0x80,0x06,0x08,0xE9,0x21,0x21}},
    {3900, 24, 0x0F, 3, 0, {-616104, -776995, -3658107}, {{53, -734, 4241}, {27, -367, 2122}, {55, -734, 4241}}, {{-1, -4, 0}, {0, -7, -1}}, {0x3C,0x8F,0x01,0x0F,0x63,0x65,0xDA,0xDD,0x24,0xB4,0xD0,0x05,0x59,0x03,0x88,0xF4,0x91,0xD0,0xFF,0x3F,0xFF,0x3F,0x00,0xC0,0x06,0x88,0xF4,0x4A,0x08,0x00,0x20,0xFF,0xFF,0xFF,0xFF,0x06,0x10,0xE9,0x23,0x21}},
    {3924, 24, 0x0F, 3, 0, {-616136, -777107, -3658087}, {{51, -734, 4240}, {25, -367, 2121}, {50, -733, 4242}}, {{-3, -8, 6}, {0, -6, 3}}, {0x54,0x8F,0x01,0x0F,0xE3,0x64,0xDA,0x6D,0x24,0x34,0xD3,0x05,0x39,0x03,0x88,0xF4,0x90,0x50,0xFF,0x3F,0xFE,0xBF,0x01,0x40,0x06,0x88,0xF4,0x49,0x08,0x00,0x40,0xFF,0x7F,0x00,0x40,0x06,0x18,0xE9,0x25,0x21}},
    {3947, 23, 0x0F, 3, 0, {-616216, -777227, -3658003}, {{51, -729, 4242}, {26, -365, 2120}, {54, -734, 4242}}, {{-7, -9, 4}, {-5, -8, 9}}, {0x6B,0x7F,0x01,0x0F,0xA3,0x63,0xDA,0xF5,0x23,0xB4,0xDD,0x05,0x39,0x03,0x9C,0xF4,0x92,0x50,0xFE,0xFF,0xFD,0x3F,0x01,0x80,0x06,0x98,0xF4,0x48,0x68,0xFF,0x1F,0xFF,0x3F,0x01,0xC0,0x06,0x10,0xE9,0x25,0x21}},
    {3971, 24, 0x0F, 3, 0, {-616400, -777375, -3657915}, {{55, -735, 4244}, {26, -368, 2122}, {53, -733, 4243}}, {{-4, -6, 7}, {-4, -5, 5}}, {0x83,0x8F,0x01,0x0F,0xC3,0x60,0xDA,0x61,0x23,0xB4,0xE8,0x05,0x79,0x03,0x84,0xF4,0x94,0x10,0xFF,0xBF,0xFE,0xFF,0x01,0x80,0x06,0x80,0xF4,0x4A,0x88,0xFF,0x7F,0xFF,0xBF,0x00,0xA0,0x06,0x18,0xE9,0x27,0x21}},
    {3995, 24, 0x0F, 3, 0, {-616544, -777483, -3657803}, {{52, -734, 4243}, {26, -366, 2120}, {50, -734, 4241}}, {{-3, -9, 5}, {-7, -6, 3}}, {0x9B,0x8F,0x01,0x0F,0x83,0x5E,0xDA,0xF5,0x22,0xB4,0xF6,0x05,0x49,0x03,0x88,0xF4,0x93,0x50,0xFF,0xFF,0xFD,0x7F,0x01,0x80,0x06,0x90,0xF4,0x48,0x28,0xFF,0x5F,0xFF,0x7F,0x00,0x40,0x06,0x10,0xE9,0x23,0x21}},
    {4019, 24, 0x0F, 3, 0, {-616672, -777619, -3657703}, {{51, -734, 4241}, {27, -366, 2121}, {53, -730, 4242}}, {{-1, -8, 5}, {-2, -3, -1}}, {0xB3,0x8F,0x01,0x0F,0x83,0x5C,0xDA,0x6D,0x22,0x34,0x03,0x06,0x39,0x03,0x88,0xF4,0x91,0xD0,0xFF,0x3F,0xFE,0x7F,0x01,0xC0,0x06,0x90,0xF4,0x49,0xC8,0xFF,0xBF,0xFF,0xFF,0xFF,0xBF,0x06,0x30,0xE9,0x25,0x21}},
    {4043, 24, 0x0F, 3, 0, {-616744, -777731, -3657659}, {{51, -731, 4241}, {25, -367, 2119}, {51, -734, 4244}}, {{0, -5, 7}, {-2, -9, 6}}, {0xCB,0x8F,0x01,0x0F,0x63,0x5B,0xDA,0xFD,0x21,0xB4,0x08,0x06,0x39,0x03,0x94,0xF4,0x91,0x10,0x00,0xC0,0xFE,0xFF,0x01,0x40,0x06,0x88,0xF4,0x47,0xC8,0xFF,0xFF,0xFE,0xDF,0x00,0x60,0x06,0x10,0xE9,0x29,0x21}},
    {4067, 24, 0x0F, 3, 0, {-616816, -777839, -3657519}, {{53, -733, 4244}, {27, -365, 2123}, {52, -732, 4242}}, {{-3, -8, 5}, {-5, -8, 6}}, {0xE3,0x8F,0x01,0x0F,0x43,0x5A,0xDA,0x91,0x21,0x34,0x1A,0x06,0x59,0x03,0x8C,0xF4,0x94,0x50,0xFF,0x3F,0xFE,0x7F,0x01,0xC0,0x06,0x98,0xF4,0x4B,0x68,0xFF,0x1F,0xFF,0xDF,0x00,0x80,0x06,0x20,0xE9,0x25,0x21}},
    {4090, 23, 0x0F, 3, 0, {-616960, -777975, -3657443}, {{50, -734, 4245}, {25, -366, 2121}, {51, -735, 4243}}, {{-6, -7, 4}, {-2, -8, 5}}, {0xFA,0x7F,0x01,0x0F,0x03,0x58,0xDA,0x09,0x21,0xB4,0x23,0x06,0x29,0x03,0x88,0xF4,0x95,0x90,0xFE,0x7F,0xFE,0x3F,0x01,0x40,0x06,0x90,0xF4,0x49,0xC8,0xFF,0x1F,0xFF,0xBF,0x00,0x60,0x06,0x08,0xE9,0x27,0x21}},
    {18, 24, 0x0F, 3, 0, {-617056, -778099, -3657371}, {{51, -733, 4243}, {26, -366, 2122}, {52, -732, 4245}}, {{-2, -3, 1}, {1, -8, 5}}, {0x12,0x80,0x01,0x0F,0x83,0x56,0xDA,0x8D,0x20,0xB4,0x2C,0x06,0x39,0x03,0x8C,0xF4,0x93,0x90,0xFF,0x7F,0xFF,0x7F,0x00,0x80,0x06,0x90,0xF4,0x4A,0x28,0x00,0x00,0xFF,0xBF,0x00,0x80,0x06,0x20,0xE9,0x2B,0x21}},
    {42, 24, 0x0F, 3, 0, {-617112, -778211, -3657303}, {{52, -732, 4246}, {27, -367, 2122}, {52, -731, 4244}}, {{-4, -9, 6}, {-3, -6, 4}}, {0x2A,0x80,0x01,0x0F,0xA3,0x55,0xDA,0x1D,0x20,0x34,0x35,0x06,0x49,0x03,0x90,0xF4,0x96,0x10,0xFF,0xFF,0xFD,0xBF,0x01,0xC0,0x06,0x88,0xF4,0x4A,0xA8,0xFF,0x5F,0xFF,0x9F,0x00,0x80,0x06,0x28,0xE9,0x29,0x21}},
    {66, 24, 0x0F, 3, 0, {-617216, -778343, -3657219}, {{53, -731, 4246}, {26, -366, 2122}, {53, -735, 4245}}, {{-1, -7, 2}, {0, -7, 5}}, {0x42,0x80,0x01,0x0F,0x03,0x54,0xDA,0x99,0x1F,0xB4,0x3F,0x06,0x59,0x03,0x94,0xF4,0x96,0xD0,0xFF,0x7F,0xFE,0xBF,0x00,0x80,0x06,0x90,0xF4,0x4A,0x08,0x00,0x20,0xFF,0xBF,0x00,0xA0,0x06,0x08,0xE9,0x2B,0x21}},
    {90, 24, 0x0F, 3, 0, {-617232, -778467, -3657139}, {{54, -733, 4246}, {27, -367, 2122}, {54, -735, 4243}}, {{-3, -7, 6}, {-2, -5, 7}}, {0x5A,0x80,0x01,0x0F,0xC3,0x53,0xDA,0x1D,0x1F,0xB4,0x49,0x06,0x69,0x03,0x8C,0xF4,0x96,0x50,0xFF,0x7F,0xFE,0xBF,0x01,0xC0,0x06,0x88,0xF4,0x4A,0xC8,0xFF,0x7F,0xFF,0xFF,0x00,0xC0,0x06,0x08,0xE9,0x27,0x21}},
    {114, 24, 0x0F, 3, 0, {-617336, -778587, -3657031}, {{53, -734, 4241}, {27, -366, 2122}, {54, -731, 4243}}, {{-4, -8, 4}, {-3, -6, 7}}, {0x72,0x80,0x01,0x0F,0x23,0x52,0xDA,0xA5,0x1E,0x34,0x57,0x06,0x59,0x03,0x88,0xF4,0x91,0x10,0xFF,0x3F,0xFE,0x3F,0x01,0xC0,0x06,0x90,0xF4,0x4A,0xA8,0xFF,0x5F,0xFF,0xFF,0x00,0xC0,0x06,0x28,0xE9,0x27,0x21}},
    {137, 23, 0x0F, 3, 0, {-617408, -778727, -3656935}, {{55, -730, 4243}, {28, -365, 2122}, {53, -731, 4244}}, {{-3, -10, 6}, {-4, -6, 3}}, {0x89,0x70,0x01,0x0F,0x03,0x51,0xDA,0x19,0x1E,0x34,0x63,0x06,0x79,0x03,0x98,0xF4,0x93,0x50,0xFF,0xBF,0xFD,0xBF,0x01,0x00,0x07,0x98,0xF4,0x4A,0x88,0xFF,0x5F,0xFF,0x7F,0x00,0xA0,0x06,0x28,0xE9,0x29,0x21}},
    {161, 24, 0x0F, 3, 0, {-617552, -778867, -3656827}, {{50, -734, 4244}, {25, -368, 2123}, {52, -734, 4243}}, {{-3, -7, 6}, {-2, -7, 2}}, {0xA1,0x80,0x01,0x0F,0xC3,0x4E,0xDA,0x8D,0x1D,0xB4,0x70,0x06,0x29,0x03,0x88,0xF4,0x94,0x50,0xFF,0x7F,0xFE,0xBF,0x01,0x40,0x06,0x80,0xF4,0x4B,0xC8,0xFF,0x3F,0xFF,0x5F,0x00,0x80,0x06,0x10,0xE9,0x27,0x21}},
    {185, 24, 0x0F, 3, 0, {-617640, -778983, -3656767}, {{54, -732, 4244}, {27, -366, 2122}, {54, -729, 4245}}, {{-5, -12, 6}, {-1, -5, 2}}, {0xB9,0x80,0x01,0x0F,0x63,0x4D,0xDA,0x19,0x1D,0x34,0x78,0x06,0x69,0x03,0x90,0xF4,0x94,0xD0,0xFE,0x3F,0xFD,0xBF,0x01,0xC0,0x06,0x90,0xF4,0x4A,0xE8,0xFF,0x7F,0xFF,0x5F,0x00,0xC0,0x06,0x38,0xE9,0x2B,0x21}},
    {209, 24, 0x0F, 3, 0, {-617720, -779127, -3656703}, {{52, -731, 4242}, {25, -366, 2121}, {51, -731, 4241}}, {{-4, -9, 6}, {-6, -10, 1}}, {0xD1,0x80,0x01,0x0F,0x23,0x4C,0xDA,0x89,0x1C,0x34,0x80,0x06,0x49,0x03,0x94,0xF4,0x92,0x10,0xFF,0xFF,0xFD,0xBF,0x01,0x40,0x06,0x90,0xF4,0x49,0x48,0xFF,0xDF,0xFE,0x3F,0x00,0x60,0x06,0x28,0xE9,0x23,0x21}},
    {233, 24, 0x0F, 3, 0, {-617904, -779283, -3656647}, {{54, -731, 4244}, {28, -365, 2120}, {52, -734, 4241}}, {{-7, -8, 5}, {-5, -8, 1}}, {0xE9,0x80,0x01,0x0F,0x43,0x49,0xDA,0xED,0x1B,0x34,0x87,0x06,0x69,0x03,0x94,0xF4,0x94,0x50,0xFE,0x3F,0xFE,0x7F,0x01,0x00,0x07,0x98,0xF4,0x48,0x68,0xFF,0x1F,0xFF,0x3F,0x00,0x80,0x06,0x10,0xE9,0x23,0x21}},
    {256, 23, 0x0F, 3, 0, {-618064, -779427, -3656619}, {{52, -733, 4241}, {26, -367, 2120}, {56, -733, 4244}}, {{-2, -8, 6}, {-3, -8, 7}}, {0x00,0x71,0x01,0x0F,0xC3,0x46,0xDA,0x5D,0x1B,0xB4,0x8A,0x06,0x49,0x03,0x8C,0xF4,0x91,0x90,0xFF,0x3F,0xFE,0xBF,0x01,0x80,0x06,0x88,0xF4,0x48,0xA8,0xFF,0x1F,0xFF,0xFF,0x00,0x00,0x07,0x18,0xE9,0x29,0x21}},
    {280, 24, 0x0F, 3, 0, {-618136, -779555, -3656531}, {{55, -733, 4244}, {27, -366, 2121}, {53, -733, 4242}}, {{-2, -6, 2}, {-3, -8, 5}}, {0x18,0x81,0x01,0x0F,0xA3,0x45,0xDA,0xDD,0x1A,0xB4,0x95,0x06,0x79,0x03,0x8C,0xF4,0x94,0x90,0xFF,0xBF,0xFE,0xBF,0x00,0xC0,0x06,0x90,0xF4,0x49,0xA8,0xFF,0x1F,0xFF,0xBF,0x00,0xA0,0x06,0x18,0xE9,0x25,0x21}},
    {304, 24, 0x0F, 3, 0, {-618248, -779679, -3656455}, {{53, -732, 4238}, {28, -367, 2121}, {54, -734, 4241}}, {{-4, -9, 1}, {1, -5, 5}}, {0x30,0x81,0x01,0x0F,0xE3,0x43,0xDA,0x61,0x1A,0x34,0x9F,0x06,0x59,0x03,0x90,0xF4,0x8E,0x10,0xFF,0xFF,0xFD,0x7F,0x00,0x00,0x07,0x88,0xF4,0x49,0x28,0x00,0x60,0xFF,0xBF,0x00,0xC0,0x06,0x10,0xE9,0x23,0x21}},
    {328, 24, 0x0F, 3, 0, {-618288, -779795, -3656403}, {{55, -733, 4244}, {27, -367, 2123}, {55, -734, 4240}}, {{0, -8, 4}, {-3, -7, 9}}, {0x48,0x81,0x01,0x0F,0x43,0x43,0xDA,0xED,0x19,0xB4,0xA5,0x06,0x79,0x03,0x8C,0xF4,0x94,0x10,0x00,0x00,0xFE,0x3F,0x01,0xC0,0x06,0x88,0xF4,0x4B,0xA8,0xFF,0x3F,0xFF,0x3F,0x01,0xE0,0x06,0x10,0xE9,0x21,0x21}},
    {352, 24, 0x0F, 3, 0, {-618392, -779939, -3656295}, {{54, -732, 4243}, {26, -365, 2121}, {53, -731, 4247}}, {{-3, -8, 9}, {-2, -8, 2}}, {0x60,0x81,0x01,0x0F,0xA3,0x41,0xDA,0x5D,0x19,0x34,0xB3,0x06,0x69,0x03,0x90,0xF4,0x93,0x50,0xFF,0x3F,0xFE,0x7F,0x02,0x80,0x06,0x98,0xF4,0x49,0xC8,0xFF,0x1F,0xFF,0x5F,0x00,0xA0,0x06,0x28,0xE9,0x2F,0x21}},
    {376, 24, 0x0F, 3, 0, {-618512, -780071, -3656191}, {{52, -732, 4244}, {27, -367, 2120}, {54, -731, 4247}}, {{-2, -6, 1}, {-3, -5, 2}}, {0x78,0x81,0x01,0x0F,0xC3,0x3F,0xDA,0xD9,0x18,0x34,0xC0,0x06,0x49,0x03,0x90,0xF4,0x94,0x90,0xFF,0xBF,0xFE,0x7F,0x00,0xC0,0x06,0x88,0xF4,0x48,0xA8,0xFF,0x7F,0xFF,0x5F,0x00,0xC0,0x06,0x28,0xE9,0x2F,0x21}},
    {399, 23, 0x0F, 3, 0, {-618600, -780167, -3656155}, {{53, -733, 4244}, {27, -365, 2121}, {54, -732, 4244}}, {{-2, -5, 6}, {-3, -8, 2}}, {0x8F,0x71,0x01,0x0F,0x63,0x3E,0xDA,0x79,0x18,0xB4,0xC4,0x06,0x59,0x03,0x8C,0xF4,0x94,0x90,0xFF,0xFF,0xFE,0xBF,0x01,0xC0,0x06,0x98,0xF4,0x49,0xA8,0xFF,0x1F,0xFF,0x5F,0x00,0xC0,0x06,0x20,0xE9,0x29,0x21}},
    {423, 24, 0x0F, 3, 0, {-618696, -780287, -3656075}, {{53, -732, 4246}, {26, -364, 2121}, {53, -733, 4242}}, {{-3, -5, 6}, {-6, -6, 1}}, {0xA7,0x81,0x01,0x0F,0xE3,0x3C,0xDA,0x01,0x18,0xB4,0xCE,0x06,0x59,0x03,0x90,0xF4,0x96,0x50,0xFF,0xFF,0xFE,0xBF,0x01,0x80,0x06,0xA0,0xF4,0x49,0x48,0xFF,0x5F,0xFF,0x3F,0x00,0xA0,0x06,0x18,0xE9,0x25,0x21}},
    {447, 24, 0x0F, 3, 0, {-618840, -780411, -3656023}, {{53, -733, 4243}, {26, -366, 2120}, {53, -732, 4238}}, {{-5, -8, 4}, {-5, -8, 8}}, {0xBF,0x81,0x01,0x0F,0xA3,0x3A,0xDA,0x85,0x17,0x34,0xD5,0x06,0x59,0x03,0x8C,0xF4,0x93,0xD0,0xFE,0x3F,0xFE,0x3F,0x01,0x80,0x06,0x90,0xF4,0x48,0x68,0xFF,0x1F,0xFF,0x1F,0x01,0xA0,0x06,0x20,0xE9,0x1D,0x21}},
    {471, 24, 0x0F, 3, 0, {-618992, -780543, -3655915}, {{51, -730, 4247}, {27, -366, 2123}, {55, -730, 4245}}, {{-3, -8, 5}, {-4, -6, 7}}, {0xD7,0x81,0x01,0x0F,0x43,0x38,0xDA,0x01,0x17,0xB4,0xE2,0x06,0x39,0x03,0x98,0xF4,0x97,0x50,0xFF,0x3F,0xFE,0x7F,0x01,0xC0,0x06,0x90,0xF4,0x4B,0x88,0xFF,0x5F,0xFF,0xFF,0x00,0xE0,0x06,0x30,0xE9,0x2B,0x21}},
    {495, 24, 0x0F, 3, 0, {-619104, -780671, -3655819}, {{55, -731, 4244}, {26, -366, 2121}, {53, -734, 4244}}, {{-1, -8, 4}, {-5, -6, 6}}, {0xEF,0x81,0x01,0x0F,0x83,0x36,0xDA,0x81,0x16,0xB4,0xEE,0x06,0x79,0x03,0x94,0xF4,0x94,0xD0,0xFF,0x3F,0xFE,0x3F,0x01,0x80,0x06,0x90,0xF4,0x49,0x68,0xFF,0x5F,0xFF,0xDF,0x00,0xA0,0x06,0x10,0xE9,0x29,0x21}},
    {519, 24, 0x0F, 3, 0, {-619208, -780803, -3655751}, {{54, -732, 4242}, {26, -366, 2120}, {51, -732, 4238}}, {{-4, -7, 5}, {-2, -5, 5}}, {0x07,0x82,0x01,0x0F,0xE3,0x34,0xDA,0xFD,0x15,0x34,0xF7,0x06,0x69,0x03,0x90,0xF4,0x92,0x10,0xFF,0x7F,0xFE,0x7F,0x01,0x80,0x06,0x90,0xF4,0x48,0xC8,0xFF,0x7F,0xFF,0xBF,0x00,0x60,0x06,0x20,0xE9,0x1D,0x21}},
    {542, 23, 0x0F, 3, 0, {-619368, -780927, -3655627}, {{51, -734, 4240}, {24, -366, 2120}, {51, -732, 4242}}, {{-5, -8, 9}, {-2, -4, 6}}, {0x1E,0x72,0x01,0x0F,0x63,0x32,0xDA,0x81,0x15,0xB4,0x06,0x07,0x39,0x03,0x88,0xF4,0x90,0xD0,0xFE,0x3F,0xFE,0x7F,0x02,0x00,0x06,0x90,0xF4,0x48,0xC8,0xFF,0x9F,0xFF,0xDF,0x00,0x60,0x06,0x20,0xE9,0x25,0x21}},
    {566, 24, 0x0F, 3, 0, {-619464, -781035, -3655523}, {{53, -732, 4240}, {27, -367, 2121}, {50, -734, 4245}}, {{-3, -9, 2}, {-5, -8, 5}}, {0x36,0x82,0x01,0x0F,0xE3,0x30,0xDA,0x15,0x15,0xB4,0x13,0x07,0x59,0x03,0x90,0xF4,0x90,0x50,0xFF,0xFF,0xFD,0xBF,0x00,0xC0,0x06,0x88,0xF4,0x49,0x68,0xFF,0x1F,0xFF,0xBF,0x00,0x40,0x06,0x10,0xE9,0x2B,0x21}},
    {590, 24, 0x0F, 3, 0, {-619600, -781171, -3655455}, {{51, -734, 4244}, {26, -367, 2121}, {53, -733, 4241}}, {{-4, -7, 3}, {-3, -7, 5}}, {0x4E,0x82,0x01,0x0F,0xC3,0x2E,0xDA,0x8D,0x14,0x34,0x1C,0x07,0x39,0x03,0x88,0xF4,0x94,0x10,0xFF,0x7F,0xFE,0xFF,0x00,0x80,0x06,0x88,0xF4,0x49,0xA8,0xFF,0x3F,0xFF,0xBF,0x00,0xA0,0x06,0x18,0xE9,0x23,0x21}},
    {614, 24, 0x0F, 3, 0, {-619752, -781287, -3655363}, {{56, -731, 4242}, {28, -366, 2120}, {55, -736, 4245}}, {{-2, -7, 5}, {-3, -11, 8}}, {0x66,0x82,0x01,0x0F,0x63,0x2C,0xDA,0x19,0x14,0xB4,0x27,0x07,0x89,0x03,0x94,0xF4,0x92,0x90,0xFF,0x7F,0xFE,0x7F,0x01,0x00,0x07,0x90,0xF4,0x48,0xA8,0xFF,0xBF,0xFE,0x1F,0x01,0xE0,0x06,0x00,0xE9,0x2B,0x21}},
    {638, 24, 0x0F, 3, 0, {-619864, -781423, -3655263}, {{54, -734, 4243}, {26, -366, 2122}, {51, -732, 4246}}, {{-2, -9, 4}, {0, -13, 6}}, {0x7E,0x82,0x01,0x0F,0xA3,0x2A,0xDA,0x91,0x13,0x34,0x34,0x07,0x69,0x03,0x88,0xF4,0x93,0x90,0xFF,0xFF,0xFD,0x3F,0x01,0x80,0x06,0x90,0xF4,0x4A,0x08,0x00,0x60,0xFE,0xDF,0x00,0x60,0x06,0x20,0xE9,0x2D,0x21}},
    {662, 24, 0x0F, 3, 0, {-619928, -781579, -3655163}, {{53, -732, 4243}, {27, -366, 2121}, {49, -734, 4240}}, {{-4, -7, 6}, {-2, -7, 3}}, {0x96,0x82,0x01,0x0F,0xA3,0x29,0xDA,0xF5,0x12,0xB4,0x40,0x07,0x59,0x03,0x90,0xF4,0x93,0x10,0xFF,0x7F,0xFE,0xBF,0x01,0xC0,0x06,0x90,0xF4,0x49,0xC8,0xFF,0x3F,0xFF,0x7F,0x00,0x20,0x06,0x10,0xE9,0x21,0x21}},
    {685, 23, 0x0F, 3, 0, {-620040, -781695, -3655083}, {{53, -734, 4247}, {28, -366, 2122}, {54, -734, 4244}}, {{-4, -8, 6}, {-1, -6, 6}}, {0xAD,0x72,0x01,0x0F,0xE3,0x27,0xDA,0x81,0x12,0xB4,0x4A,0x07,0x59,0x03,0x88,0xF4,0x97,0x10,0xFF,0x3F,0xFE,0xBF,0x01,0x00,0x07,0x90,0xF4,0x4A,0xE8,0xFF,0x5F,0xFF,0xDF,0x00,0xC0,0x06,0x10,0xE9,0x29,0x21}},
    {709, 24, 0x0F, 3, 0, {-620176, -781815, -3654975}, {{52, -734, 4246}, {27, -367, 2123}, {52, -732, 4244}}, {{-3, -3, 2}, {-3, -10, 4}}, {0xC5,0x82,0x01,0x0F,0xC3,0x25,0xDA,0x09,0x12,0x34,0x58,0x07,0x49,0x03,0x88,0xF4,0x96,0x50,0xFF,0x7F,0xFF,0xBF,0x00,0xC0,0x06,0x88,0xF4,0x4B,0xA8,0xFF,0xDF,0xFE,0x9F,0x00,0x80,0x06,0x20,0xE9,0x29,0x21}},
    {733, 24, 0x0F, 3, 0, {-620288, -781943, -3654899}, {{53, -731, 4245}, {28, -367, 2122}, {56, -733, 4243}}, {{1, -8, 5}, {-4, -7, 10}}, {0xDD,0x82,0x01,0x0F,0x03,0x24,0xDA,0x89,0x11,0xB4,0x61,0x07,0x59,0x03,0x94,0xF4,0x95,0x50,0x00,0x00,0xFE,0x7F,0x01,0x00,0x07,0x88,0xF4,0x4A,0x88,0xFF,0x3F,0xFF,0x5F,0x01,0x00,0x07,0x18,0xE9,0x27,0x21}},
    {757, 24, 0x0F, 3, 0, {-620336, -782067, -3654795}, {{56, -733, 4243}, {26, -366, 2121}, {52, -733, 4244}}, {{1, -8, 6}, {-5, -6, 4}}, {0xF5,0x82,0x01,0x0F,0x43,0x23,0xDA,0x0D,0x11,0xB4,0x6E,0x07,0x89,0x03,0x8C,0xF4,0x93,0x50,0x00,0x00,0xFE,0xBF,0x01,0x80,0x06,0x90,0xF4,0x49,0x68,0xFF,0x5F,0xFF,0x9F,0x00,0x80,0x06,0x18,0xE9,0x29,0x21}},
    {781, 24, 0x0F, 3, 0, {-620456, -782187, -3654715}, {{55, -734, 4244}, {27, -367, 2121}, {53, -734, 4245}}, {{0, -8, 11}, {-4, -6, 10}}, {0x0D,0x83,0x01,0x0F,0x63,0x21,0xDA,0x95,0x10,0xB4,0x78,0x07,0x79,0x03,0x88,0xF4,0x94,0x10,0x00,0x00,0xFE,0xFF,0x02,0xC0,0x06,0x88,0xF4,0x49,0x88,0xFF,0x5F,0xFF,0x5F,0x01,0xA0,0x06,0x10,0xE9,0x2B,0x21}},
    {805, 24, 0x0F, 3, 0, {-620520, -782299, -3654559}, {{49, -732, 4244}, {27, -368, 2122}, {51, -733, 4247}}, {{-4, -8, 3}, {-3, -5, 2}}, {0x25,0x83,0x01,0x0F,0x63,0x20,0xDA,0x25,0x10,0x34,0x8C,0x07,0x19,0x03,0x90,0xF4,0x94,0x10,0xFF,0x3F,0xFE,0xFF,0x00,0xC0,0x06,0x80,0xF4,0x4A,0xA8,0xFF,0x7F,0xFF,0x5F,0x00,0x60,0x06,0x18,0xE9,0x2F,0x21}},
    {828, 23, 0x0F, 3, 0, {-620656, -782431, -3654503}, {{50, -733, 4244}, {26, -367, 2120}, {52, -733, 4244}}, {{-3, -6, 6}, {-3, -9, 5}}, {0x3C,0x73,0x01,0x0F,0x43,0x1E,0xDA,0xA1,0x0F,0x34,0x93,0x07,0x29,0x03,0x8C,0xF4,0x94,0x50,0xFF,0xBF,0xFE,0xBF,0x01,0x80,0x06,0x88,0xF4,0x48,0xA8,0xFF,0xFF,0xFE,0xBF,0x00,0x80,0x06,0x18,0xE9,0x29,0x21}},
    {852, 24, 0x0F, 3, 0, {-620776, -782559, -3654375}, {{54, -735, 4243}, {27, -368, 2122}, {54, -734, 4245}}, {{-5, -6, 1}, {0, -9, 5}}, {0x54,0x83,0x01,0x0F,0x63,0x1C,0xDA,0x21,0x0F,0x34,0xA3,0x07,0x69,0x03,0x84,0xF4,0x93,0xD0,0xFE,0xBF,0xFE,0x7F,0x00,0xC0,0x06,0x80,0xF4,0x4A,0x08,0x00,0xE0,0xFE,0xBF,0x00,0xC0,0x06,0x10,0xE9,0x2B,0x21}},
    {876, 24, 0x0F, 3, 0, {-620864, -782699, -3654275}, {{54, -734, 4244}, {25, -367, 2122}, {50, -732, 4246}}, {{-5, -7, -1}, {-5, -8, 7}}, {0x6C,0x83,0x01,0x0F,0x03,0x1B,0xDA,0x95,0x0E,0xB4,0xAF,0x07,0x69,0x03,0x88,0xF4,0x94,0xD0,0xFE,0x7F,0xFE,0xFF,0xFF,0x7F,0x06,0x88,0xF4,0x4A,0x68,0xFF,0x1F,0xFF,0xFF,0x00,0x40,0x06,0x20,0xE9,0x2D,0x21}},
    {900, 24, 0x0F, 3, 0, {-620992, -782827, -3654231}, {{51, -731, 4242}, {26, -365, 2120}, {55, -734, 4244}}, {{0, -8, 7}, {-4, -9, 3}}, {0x84,0x83,0x01,0x0F,0x03,0x19,0xDA,0x15,0x0E,0x34,0xB5,0x07,0x39,0x03,0x94,0xF4,0x92,0x10,0x00,0x00,0xFE,0xFF,0x01,0x80,0x06,0x98,0xF4,0x48,0x88,0xFF,0xFF,0xFE,0x7F,0x00,0xE0,0x06,0x10,0xE9,0x29,0x21}},
    {924, 24, 0x0F, 3, 0, {-621080, -782975, -3654127}, {{55, -733, 4247}, {27, -367, 2124}, {52, -732, 4247}}, {{-4, -3, 7}, {-6, -4, 8}}, {0x9C,0x83,0x01,0x0F,0xA3,0x17,0xDA,0x81,0x0D,0x34,0xC2,0x07,0x79,0x03,0x8C,0xF4,0x97,0x10,0xFF,0x7F,0xFF,0xFF,0x01,0xC0,0x06,0x88,0xF4,0x4C,0x48,0xFF,0x9F,0xFF,0x1F,0x01,0x80,0x06,0x20,0xE9,0x2F,0x21}},
    {948, 24, 0x0F, 3, 0, {-621216, -783079, -3654007}, {{53, -733, 4240}, {27, -365, 2120}, {53, -729, 4242}}, {{-2, -8, 5}, {-4, -10, 4}}, {0xB4,0x83,0x01,0x0F,0x83,0x15,0xDA,0x19,0x0D,0x34,0xD1,0x07,0x59,0x03,0x8C,0xF4,0x90,0x90,0xFF,0x3F,0xFE,0x7F,0x01,0xC0,0x06,0x98,0xF4,0x48,0x88,0xFF,0xDF,0xFE,0x9F,0x00,0xA0,0x06,0x38,0xE9,0x25,0x21}},
    {971, 23, 0x0F, 3, 0, {-621336, -783215, -3653903}, {{51, -732, 4242}, {27, -366, 2122}, {56, -728, 4244}}, {{-4, -9, 8}, {-2, -7, 0}}, {0xCB,0x73,0x01,0x0F,0xA3,0x13,0xDA,0x91,0x0C,0x34,0xDE,0x07,0x39,0x03,0x90,0xF4,0x92,0x10,0xFF,0xFF,0xFD,0x3F,0x02,0xC0,0x06,0x90,0xF4,0x4A,0xC8,0xFF,0x3F,0xFF,0x1F,0x00,0x00,0x07,0x40,0xE9,0x29,0x21}},
    {995, 24, 0x0F, 3, 0, {-621440, -783347, -3653819}, {{54, -732, 4244}, {27, -366, 2123}, {51, -733, 4243}}, {{-2, -8, 6}, {-5, -6, 4}}, {0xE3,0x83,0x01,0x0F,0x03,0x12,0xDA,0x0D,0x0C,0xB4,0xE8,0x07,0x69,0x03,0x90,0xF4,0x94,0x90,0xFF,0x3F,0xFE,0xBF,0x01,0xC0,0x06,0x90,0xF4,0x4B,0x68,0xFF,0x5F,0xFF,0x9F,0x00,0x60,0x06,0x18,0xE9,0x27,0x21}},
    {1019, 24, 0x0F, 3, 0, {-621576, -783451, -3653731}, {{53, -734, 4243}, {26, -365, 2121}, {54, -732, 4243}}, {{-6, -7, 3}, {-5, -5, 4}}, {0xFB,0x83,0x01,0x0F,0xE3,0x0F,0xDA,0xA5,0x0B,0xB4,0xF3,0x07,0x59,0x03,0x88,0xF4,0x93,0x90,0xFE,0x7F,0xFE,0xFF,0x00,0x80,0x06,0x98,0xF4,0x49,0x68,0xFF,0x7F,0xFF,0x9F,0x00,0xC0,0x06,0x20,0xE9,0x27,0x21}},
    {1043, 24, 0x0F, 3, 0, {-621688, -783579, -3653655}, {{50, -731, 4243}, {25, -366, 2120}, {50, -732, 4245}}, {{-3, -8, 8}, {-5, -9, 4}}, {0x13,0x84,0x01,0x0F,0x23,0x0E,0xDA,0x25,0x0B,0x34,0xFD,0x07,0x29,0x03,0x94,0xF4,0x93,0x50,0xFF,0x3F,0xFE,0x3F,0x02,0x40,0x06,0x90,0xF4,0x48,0x68,0xFF,0xFF,0xFE,0x9F,0x00,0x40,0x06,0x20,0xE9,0x2B,0x21}},
    {1067, 24, 0x0F, 3, 0, {-621784, -783703, -3653563}, {{52, -733, 4244}, {26, -366, 2121}, {52, -732, 4240}}, {{-5, -7, 6}, {-2, -8, 2}}, {0x2B,0x84,0x01,0x0F,0xA3,0x0C,0xDA,0xA9,0x0A,0xB4,0x08,0x08,0x49,0x03,0x8C,0xF4,0x94,0xD0,0xFE,0x7F,0xFE,0xBF,0x01,0x80,0x06,0x90,0xF4,0x49,0xC8,0xFF,0x1F,0xFF,0x5F,0x00,0x80,0x06,0x20,0xE9,0x21,0x21}},
    {1090, 23, 0x0F, 3, 0, {-621888, -783847, -3653491}, {{54, -734, 4243}, {26, -367, 2123}, {56, -737, 4245}}, {{-4, -7, 4}, {-4, -5, 5}}, {0x42,0x74,0x01,0x0F,0x03,0x0B,0xDA,0x19,0x0A,0xB4,0x11,0x08,0x69,0x03,0x88,0xF4,0x93,0x10,0xFF,0x7F,0xFE,0x3F,0x01,0x80,0x06,0x88,0xF4,0x4B,0x88,0xFF,0x7F,0xFF,0xBF,0x00,0x00,0x07,0xF8,0xE8,0x2B,0x21}},
    {1114, 24, 0x0F, 3, 0, {-621968, -783963, -3653427}, {{55, -735, 4245}, {28, -367, 2122}, {54, -733, 4249}}, {{-5, -7, 3}, {-5, -4, 7}}, {0x5A,0x84,0x01,0x0F,0xC3,0x09,0xDA,0xA5,0x09,0xB4,0x19,0x08,0x79,0x03,0x84,0xF4,0x95,0xD0,0xFE,0x7F,0xFE,0xFF,0x00,0x00,0x07,0x88,0xF4,0x4A,0x68,0xFF,0x9F,0xFF,0xFF,0x00,0xC0,0x06,0x18,0xE9,0x33,0x21}},
    {1138, 24, 0x0F, 3, 0, {-622088, -784071, -3653359}, {{51, -735, 4244}, {27, -368, 2122}, {51, -734, 4246}}, {{-2, -6, 3}, {-4, -7, 4}}, {0x72,0x84,0x01,0x0F,0xE3,0x07,0xDA,0x39,0x09,0x34,0x22,0x08,0x39,0x03,0x84,0xF4,0x94,0x90,0xFF,0xBF,0xFE,0xFF,0x00,0xC0,0x06,0x80,0xF4,0x4A,0x88,0xFF,0x3F,0xFF,0x9F,0x00,0x60,0x06,0x10,0xE9,0x2D,0x21}},
    {1162, 24, 0x0F, 3, 0, {-622184, -784183, -3653271}, {{52, -735, 4244}, {27, -366, 2123}, {52, -731, 4244}}, {{0, -6, 3}, {-4, -10, 5}}, {0x8A,0x84,0x01,0x0F,0x63,0x06,0xDA,0xC9,0x08,0x34,0x2D,0x08,0x49,0x03,0x84,0xF4,0x94,0x10,0x00,0x80,0xFE,0xFF,0x00,0xC0,0x06,0x90,0xF4,0x4B,0x88,0xFF,0xDF,0xFE,0xBF,0x00,0x80,0x06,0x28,0xE9,0x29,0x21}},
    {1186, 24, 0x0F, 3, 0, {-622240, -784331, -3653239}, {{49, -732, 4244}, {26, -367, 2121}, {52, -733, 4247}}, {{-2, -7, 5}, {-2, -8, 4}}, {0xA2,0x84,0x01,0x0F,0x83,0x05,0xDA,0x35,0x08,0x34,0x31,0x08,0x19,0x03,0x90,0xF4,0x94,0x90,0xFF,0x7F,0xFE,0x7F,0x01,0x80,0x06,0x88,0xF4,0x49,0xC8,0xFF,0x1F,0xFF,0x9F,0x00,0x80,0x06,0x18,0xE9,0x2F,0x21}},
    {1210, 24, 0x0F, 3, 0, {-622304, -784459, -3653131}, {{55, -732, 4243}, {26, -366, 2121}, {52, -733, 4246}}, {{-4, -8, 5}, {0, -4, 1}}, {0xBA,0x84,0x01,0x0F,0x83,0x04,0xDA,0xB5,0x07,0xB4,0x3E,0x08,0x79,0x03,0x90,0xF4,0x93,0x10,0xFF,0x3F,0xFE,0x7F,0x01,0x80,0x06,0x90,0xF4,0x49,0x08,0x00,0x80,0xFF,0x3F,0x00,0x80,0x06,0x18,0xE9,0x2D,0x21}},
    {1233, 23, 0x0F, 3, 0, {-622344, -784567, -3653083}, {{51, -735, 4245}, {26, -367, 2122}, {55, -733, 4240}}, {{-2, -7, 8}, {-4, -7, 5}}, {0xD1,0x74,0x01,0x0F,0xE3,0x03,0xDA,0x49,0x07,0xB4,0x44,0x08,0x39,0x03,0x84,0xF4,0x95,0x90,0xFF,0x7F,0xFE,0x3F,0x02,0x80,0x06,0x88,0xF4,0x4A,0x88,0xFF,0x3F,0xFF,0xBF,0x00,0xE0,0x06,0x18,0xE9,0x21,0x21}},
    {1257, 24, 0x0F, 3, 0, {-622480, -784691, -3652951}, {{54, -734, 4242}, {26, -367, 2122}, {52, -732, 4245}}, {{-1, -5, 9}, {-2, -8, 7}}, {0xE9,0x84,0x01,0x0F,0xC3,0x01,0xDA,0xCD,0x06,0x34,0x55,0x08,0x69,0x03,0x88,0xF4,0x92,0xD0,0xFF,0xFF,0xFE,0x7F,0x02,0x80,0x06,0x88,0xF4,0x4A,0xC8,0xFF,0x1F,0xFF,0xFF,0x00,0x80,0x06,0x20,0xE9,0x2B,0x21}},
    {1281, 24, 0x0F, 3, 0, {-622576, -784807, -3652831}, {{54, -730, 4244}, {28, -365, 2121}, {52, -733, 4246}}, {{-5, -5, 4}, {-2, -8, 2}}, {0x01,0x85,0x01,0x0F,0x43,0x00,0xDA,0x59,0x06,0x34,0x64,0x08,0x69,0x03,0x98,0xF4,0x94,0xD0,0xFE,0xFF,0xFE,0x3F,0x01,0x00,0x07,0x98,0xF4,0x49,0xC8,0xFF,0x1F,0xFF,0x5F,0x00,0x80,0x06,0x18,0xE9,0x2D,0x21}},
    {1305, 24, 0x0F, 3, 0, {-622680, -784927, -3652767}, {{52, -733, 4244}, {27, -365, 2122}, {53, -730, 4243}}, {{0, -5, 11}, {-1, -7, 10}}, {0x19,0x85,0x01,0x0F,0xA3,0xFE,0xD9,0xE1,0x05,0x34,0x6C,0x08,0x49,0x03,0x8C,0xF4,0x94,0x10,0x00,0xC0,0xFE,0xFF,0x02,0xC0,0x06,0x98,0xF4,0x4A,0xE8,0xFF,0x3F,0xFF,0x5F,0x01,0xA0,0x06,0x30,0xE9,0x27,0x21}},
    {1329, 24, 0x0F, 3, 0, {-622768, -785023, -3652595}, {{50, -730, 4242}, {28, -364, 2122}, {53, -731, 4244}}, {{-5, -7, 7}, {-1, -5, 13}}, {0x31,0x85,0x01,0x0F,0x43,0xFD,0xD9,0x81,0x05,0xB4,0x81,0x08,0x29,0x03,0x98,0xF4,0x92,0xD0,0xFE,0x7F,0xFE,0xFF,0x01,0x00,0x07,0xA0,0xF4,0x4A,0xE8,0xFF,0x7F,0xFF,0xBF,0x01,0xA0,0x06,0x28,0xE9,0x29,0x21}},
    {1353, 24, 0x0F, 3, 0, {-622872, -785127, -3652443}, {{54, -736, 4247}, {27, -367, 2123}, {55, -732, 4241}}, {{-4, -9, 3}, {-1, -8, 8}}, {0x49,0x85,0x01,0x0F,0xA3,0xFB,0xD9,0x19,0x05,0xB4,0x94,0x08,0x69,0x03,0x80,0xF4,0x97,0x10,0xFF,0xFF,0xFD,0xFF,0x00,0xC0,0x06,0x88,0xF4,0x4B,0xE8,0xFF,0x1F,0xFF,0x1F,0x01,0xE0,0x06,0x20,0xE9,0x23,0x21}},
    {1376, 23, 0x0F, 3, 0, {-622944, -785255, -3652371}, {{56, -731, 4245}, {27, -366, 2120}, {54, -732, 4241}}, {{-5, -6, 4}, {-2, -8, 9}}, {0x60,0x75,0x01,0x0F,0x83,0xFA,0xD9,0x99,0x04,0xB4,0x9D,0x08,0x89,0x03,0x94,0xF4,0x95,0xD0,0xFE,0xBF,0xFE,0x3F,0x01,0xC0,0x06,0x90,0xF4,0x48,0xC8,0xFF,0x1F,0xFF,0x3F,0x01,0xC0,0x06,0x20,0xE9,0x23,0x21}},
    {1400, 24, 0x0F, 3, 0, {-623056, -785359, -3652283}, {{53, -729, 4248}, {27, -366, 2123}, {53, -732, 4246}}, {{-2, -11, 5}, {-3, -9, 9}}, {0x78,0x85,0x01,0x0F,0xC3,0xF8,0xD9,0x31,0x04,0xB4,0xA8,0x08,0x59,0x03,0x9C,0xF4,0x98,0x90,0xFF,0x7F,0xFD,0x7F,0x01,0xC0,0x06,0x90,0xF4,0x4B,0xA8,0xFF,0xFF,0xFE,0x3F,0x01,0xA0,0x06,0x20,0xE9,0x2D,0x21}},
    {1424, 24, 0x0F, 3, 0, {-623096, -785531, -3652167}, {{53, -734, 4245}, {27, -367, 2119}, {54, -734, 4240}}, {{-1, -8, 6}, {-3, -6, 2}}, {0x90,0x85,0x01,0x0F,0x23,0xF8,0xD9,0x85,0x03,0x34,0xB7,0x08,0x59,0x03,0x88,0xF4,0x95,0xD0,0xFF,0x3F,0xFE,0xBF,0x01,0xC0,0x06,0x88,0xF4,0x47,0xA8,0xFF,0x5F,0xFF,0x5F,0x00,0xC0,0x06,0x10,0xE9,0x21,0x21}},
    {1448, 24, 0x0F, 3, 0, {-623192, -785667, -3652083}, {{52, -731, 4240}, {26, -366, 2124}, {55, -732, 4246}}, {{-3, -9, 5}, {-2, -1, 3}}, {0xA8,0x85,0x01,0x0F,0xA3,0xF6,0xD9,0xFD,0x02,0xB4,0xC1,0x08,0x49,0x03,0x94,0xF4,0x90,0x50,0xFF,0xFF,0xFD,0x7F,0x01,0x80,0x06,0x90,0xF4,0x4C,0xC8,0xFF,0xFF,0xFF,0x7F,0x00,0xE0,0x06,0x20,0xE9,0x2D,0x21}},
    {1472, 24, 0x0F, 3, 0, {-623256, -785751, -3652007}, {{55, -731, 4246}, {26, -366, 2122}, {53, -731, 4243}}, {{-5, -10, 5}, {-6, -1, 6}}, {0xC0,0x85,0x01,0x0F,0xA3,0xF5,0xD9,0xA9,0x02,0x34,0xCB,0x08,0x79,0x03,0x94,0xF4,0x96,0xD0,0xFE,0xBF,0xFD,0x7F,0x01,0x80,0x06,0x90,0xF4,0x4A,0x48,0xFF,0xFF,0xFF,0xDF,0x00,0xA0,0x06,0x28,0xE9,0x27,0x21}},
    {1496, 24, 0x0F, 3, 0, {-623440, -785875, -3651923}, {{56, -731, 4247}, {27, -366, 2123}, {53, -732, 4246}}, {{0, -8, 7}, {-3, -9, 1}}, {0xD8,0x85,0x01,0x0F,0xC3,0xF2,0xD9,0x2D,0x02,0xB4,0xD5,0x08,0x89,0x03,0x94,0xF4,0x97,0x10,0x00,0x00,0xFE,0xFF,0x01,0xC0,0x06,0x90,0xF4,0x4B,0xA8,0xFF,0xFF,0xFE,0x3F,0x00,0xA0,0x06,0x20,0xE9,0x2D,0x21}},
    {1519, 23, 0x0F, 3, 0, {-623512, -786007, -3651851}, {{53, -733, 4242}, {27, -367, 2121}, {53, -734, 4240}}, {{-4, -8, 4}, {2, -8, 5}}, {0xEF,0x75,0x01,0x0F,0xA3,0xF1,0xD9,0xA9,0x01,0xB4,0xDE,0x08,0x59,0x03,0x8C,0xF4,0x92,0x10,0xFF,0x3F,0xFE,0x3F,0x01,0xC0,0x06,0x88,0xF4,0x49,0x48,0x00,0x00,0xFF,0xBF,0x00,0xA0,0x06,0x10,0xE9,0x21,0x21}},
    {1543, 24, 0x0F, 3, 0, {-623560, -786123, -3651775}, {{57, -733, 4241}, {28, -367, 2121}, {54, -732, 4239}}, {{-6, -8, 4}, {-5, -8, 2}}, {0x07,0x86,0x01,0x0F,0xE3,0xF0,0xD9,0x35,0x01,0x34,0xE8,0x08,0x99,0x03,0x8C,0xF4,0x91,0x90,0xFE,0x3F,0xFE,0x3F,0x01,0x00,0x07,0x88,0xF4,0x49,0x68,0xFF,0x1F,0xFF,0x5F,0x00,0xC0,0x06,0x20,0xE9,0x1F,0x21}},
    {1567, 24, 0x0F, 3, 0, {-623736, -786271, -3651715}, {{54, -732, 4238}, {27, -368, 2120}, {56, -732, 4239}}, {{0, -9, 10}, {-1, -8, 4}}, {0x1F,0x86,0x01,0x0F,0x23,0xEE,0xD9,0xA1,0x00,0xB4,0xEF,0x08,0x69,0x03,0x90,0xF4,0x8E,0x10,0x00,0xC0,0xFD,0xBF,0x02,0xC0,0x06,0x80,0xF4,0x48,0xE8,0xFF,0x1F,0xFF,0x9F,0x00,0x00,0x07,0x20,0xE9,0x1F,0x21}},
    {1591, 24, 0x0F, 3, 0, {-623776, -786395, -3651611}, {{55, -732, 4240}, {28, -367, 2122}, {55, -732, 4242}}, {{-2, -9, 8}, {-2, -6, 7}}, {0x37,0x86,0x01,0x0F,0x83,0xED,0xD9,0x25,0x00,0xB4,0xFC,0x08,0x79,0x03,0x90,0xF4,0x90,0x90,0xFF,0xFF,0xFD,0x3F,0x02,0x00,0x07,0x88,0xF4,0x4A,0xC8,0xFF,0x5F,0xFF,0xFF,0x00,0xE0,0x06,0x20,0xE9,0x25,0x21}},
    {1615, 24, 0x0F, 3, 0, {-623904, -786511, -3651475}, {{55, -731, 4238}, {27, -365, 2120}, {57, -732, 4241}}, {{-2, -8, 6}, {-1, -5, 5}}, {0x4F,0x86,0x01,0x0F,0x83,0xEB,0xD9,0xB1,0xFF,0xB3,0x0D,0x09,0x79,0x03,0x94,0xF4,0x8E,0x90,0xFF,0x3F,0xFE,0xBF,0x01,0xC0,0x06,0x98,0xF4,0x48,0xE8,0xFF,0x7F,0xFF,0xBF,0x00,0x20,0x07,0x20,0xE9,0x23,0x21}},
    {1639, 24, 0x0F, 3, 0, {-623984, -786639, -3651391}, {{55, -733, 4248}, {28, -366, 2122}, {51, -733, 4245}}, {{-5, -11, 7}, {-3, -8, 4}}, {0x67,0x86,0x01,0x0F,0x43,0xEA,0xD9,0x31,0xFF,0x33,0x18,0x09,0x79,0x03,0x8C,0xF4,0x98,0xD0,0xFE,0x7F,0xFD,0xFF,0x01,0x00,0x07,0x90,0xF4,0x4A,0xA8,0xFF,0x1F,0xFF,0x9F,0x00,0x60,0x06,0x18,0xE9,0x2B,0x21}},
    {1662, 23, 0x0F, 3, 0, {-624080, -786795, -3651303}, {{52, -731, 4245}, {27, -365, 2121}, {55, -731, 4241}}, {{-1, -10, 9}, {-3, -7, 6}}, {0x7E,0x76,0x01,0x0F,0xC3,0xE8,0xD9,0x95,0xFE,0x33,0x23,0x09,0x49,0x03,0x94,0xF4,0x95,0xD0,0xFF,0xBF,0xFD,0x7F,0x02,0xC0,0x06,0x98,0xF4,0x49,0xA8,0xFF,0x3F,0xFF,0xDF,0x00,0xE0,0x06,0x28,0xE9,0x23,0x21}},
    {1686, 24, 0x0F, 3, 0, {-624200, -786931, -3651195}, {{54, -730, 4246}, {27, -366, 2122}, {53, -732, 4241}}, {{-4, -7, 3}, {-2, -5, 5}}, {0x96,0x86,0x01,0x0F,0xE3,0xE6,0xD9,0x0D,0xFE,0xB3,0x30,0x09,0x69,0x03,0x98,0xF4,0x96,0x10,0xFF,0x7F,0xFE,0xFF,0x00,0xC0,0x06,0x90,0xF4,0x4A,0xC8,0xFF,0x7F,0xFF,0xBF,0x00,0xA0,0x06,0x20,0xE9,0x23,0x21}},
    {1710, 24, 0x0F, 3, 0, {-624312, -787059, -3651107}, {{53, -731, 4239}, {27, -366, 2122}, {54, -733, 4248}}, {{-2, -8, 5}, {-3, -5, -1}}, {0xAE,0x86,0x01,0x0F,0x23,0xE5,0xD9,0x8D,0xFD,0xB3,0x3B,0x09,0x59,0x03,0x94,0xF4,0x8F,0x90,0xFF,0x3F,0xFE,0x7F,0x01,0xC0,0x06,0x90,0xF4,0x4A,0xA8,0xFF,0x7F,0xFF,0xFF,0xFF,0xDF,0x06,0x18,0xE9,0x31,0x21}},
    {1734, 24, 0x0F, 3, 0, {-624384, -787171, -3651059}, {{52, -733, 4247}, {27, -367, 2124}, {54, -731, 4243}}, {{-2, -6, 9}, {-3, -8, 7}}, {0xC6,0x86,0x01,0x0F,0x03,0xE4,0xD9,0x1D,0xFD,0xB3,0x41,0x09,0x49,0x03,0x8C,0xF4,0x97,0x90,0xFF,0xBF,0xFE,0x7F,0x02,0xC0,0x06,0x88,0xF4,0x4C,0xA8,0xFF,0x1F,0xFF,0xFF,0x00,0xC0,0x06,0x28,0xE9,0x27,0x21}},
    {1758, 24, 0x0F, 3, 0, {-624496, -787299, -3650935}, {{54, -730, 4244}, {28, -365, 2120}, {54, -730, 4247}}, {{-6, -11, 7}, {-4, -6, 3}}, {0xDE,0x86,0x01,0x0F,0x43,0xE2,0xD9,0x9D,0xFC,0x33,0x51,0x09,0x69,0x03,0x98,0xF4,0x94,0x90,0xFE,0x7F,0xFD,0xFF,0x01,0x00,0x07,0x98,0xF4,0x48,0x88,0xFF,0x5F,0xFF,0x7F,0x00,0xC0,0x06,0x30,0xE9,0x2F,0x21}},
    {1782, 24, 0x0F, 3, 0, {-624640, -787451, -3650867}, {{55, -731, 4249}, {27, -366, 2122}, {54, -730, 4244}}, {{0, -8, 9}, {-3, -8, 11}}, {0xF6,0x86,0x01,0x0F,0x03,0xE0,0xD9,0x05,0xFC,0xB3,0x59,0x09,0x79,0x03,0x94,0xF4,0x99,0x10,0x00,0x00,0xFE,0x7F,0x02,0xC0,0x06,0x90,0xF4,0x4A,0xA8,0xFF,0x1F,0xFF,0x7F,0x01,0xC0,0x06,0x30,0xE9,0x29,0x21}},
    {1805, 23, 0x0F, 3, 0, {-624744, -787591, -3650711}, {{53, -730, 4243}, {27, -364, 2120}, {53, -732, 4245}}, {{-5, -9, 4}, {-2, -7, 5}}, {0x0D,0x77,0x01,0x0F,0x63,0xDE,0xD9,0x79,0xFB,0x33,0x6D,0x09,0x59,0x03,0x98,0xF4,0x93,0xD0,0xFE,0xFF,0xFD,0x3F,0x01,0xC0,0x06,0xA0,0xF4,0x48,0xC8,0xFF,0x3F,0xFF,0xBF,0x00,0xA0,0x06,0x20,0xE9,0x2B,0x21}},
    {1829, 24, 0x0F, 3, 0, {-624832, -787711, -3650619}, {{56, -735, 4244}, {27, -367, 2123}, {54, -733, 4248}}, {{-1, -8, 12}, {-2, -7, 4}}, {0x25,0x87,0x01,0x0F,0x03,0xDD,0xD9,0x01,0xFB,0xB3,0x78,0x09,0x89,0x03,0x84,0xF4,0x94,0xD0,0xFF,0x3F,0xFE,0x3F,0x03,0xC0,0x06,0x88,0xF4,0x4B,0xC8,0xFF,0x3F,0xFF,0x9F,0x00,0xC0,0x06,0x18,0xE9,0x31,0x21}},
    {1853, 24, 0x0F, 3, 0, {-624880, -787847, -3650499}, {{52, -732, 4246}, {26, -367, 2121}, {50, -731, 4244}}, {{1, -5, 4}, {-1, -7, 9}}, {0x3D,0x87,0x01,0x0F,0x43,0xDC,0xD9,0x79,0xFA,0xB3,0x87,0x09,0x49,0x03,0x90,0xF4,0x96,0x50,0x00,0xC0,0xFE,0x3F,0x01,0x80,0x06,0x88,0xF4,0x49,0xE8,0xFF,0x3F,0xFF,0x3F,0x01,0x40,0x06,0x28,0xE9,0x29,0x21}},
    {1877, 24, 0x0F, 3, 0, {-624936, -787955, -3650387}, {{53, -731, 4245}, {26, -366, 2121}, {52, -734, 4244}}, {{-5, -7, 4}, {-5, -7, 9}}, {0x55,0x87,0x01,0x0F,0x63,0xDB,0xD9,0x0D,0xFA,0xB3,0x95,0x09,0x59,0x03,0x94,0xF4,0x95,0xD0,0xFE,0x7F,0xFE,0x3F,0x01,0x80,0x06,0x90,0xF4,0x49,0x68,0xFF,0x3F,0xFF,0x3F,0x01,0x80,0x06,0x10,0xE9,0x29,0x21}},
    {1901, 24, 0x0F, 3, 0, {-625080, -788079, -3650283}, {{52, -733, 4243}, {27, -366, 2121}, {53, -732, 4242}}, {{-7, -11, 11}, {-6, -6, 4}}, {0x6D,0x87,0x01,0x0F,0x23,0xD9,0xD9,0x91,0xF9,0xB3,0xA2,0x09,0x49,0x03,0x8C,0xF4,0x93,0x50,0xFE,0x7F,0xFD,0xFF,0x02,0xC0,0x06,0x90,0xF4,0x49,0x48,0xFF,0x5F,0xFF,0x9F,0x00,0xA0,0x06,0x20,0xE9,0x25,0x21}},
    {1924, 23, 0x0F, 3, 0, {-625312, -788235, -3650155}, {{53, -734, 4243}, {26, -367, 2122}, {53, -734, 4246}}, {{-1, -9, 9}, {0, -7, 5}}, {0x84,0x77,0x01,0x0F,0x83,0xD5,0xD9,0xF5,0xF8,0xB3,0xB2,0x09,0x59,0x03,0x88,0xF4,0x93,0xD0,0xFF,0xFF,0xFD,0x7F,0x02,0x80,0x06,0x88,0xF4,0x4A,0x08,0x00,0x20,0xFF,0xBF,0x00,0xA0,0x06,0x10,0xE9,0x2D,0x21}},
    {1948, 24, 0x0F, 3, 0, {-625400, -788355, -3650043}, {{54, -731, 4248}, {27, -366, 2123}, {54, -731, 4241}}, {{-4, -8, 7}, {-2, -8, 7}}, {0x9C,0x87,0x01,0x0F,0x23,0xD4,0xD9,0x7D,0xF8,0xB3,0xC0,0x09,0x69,0x03,0x94,0xF4,0x98,0x10,0xFF,0x3F,0xFE,0xFF,0x01,0xC0,0x06,0x90,0xF4,0x4B,0xC8,0xFF,0x1F,0xFF,0xFF,0x00,0xC0,0x06,0x28,0xE9,0x23,0x21}},
    {1972, 24, 0x0F, 3, 0, {-625528, -788491, -3649935}, {{54, -732, 4243}, {27, -367, 2122}, {54, -734, 4247}}, {{-2, -8, 7}, {-1, -8, 3}}, {0xB4,0x87,0x01,0x0F,0x23,0xD2,0xD9,0xF5,0xF7,0x33,0xCE,0x09,0x69,0x03,0x90,0xF4,0x93,0x90,0xFF,0x3F,0xFE,0xFF,0x01,0xC0,0x06,0x88,0xF4,0x4A,0xE8,0xFF,0x1F,0xFF,0x7F,0x00,0xC0,0x06,0x10,0xE9,0x2F,0x21}},
    {1996, 24, 0x0F, 3, 0, {-625608, -788623, -3649823}, {{53, -732, 4245}, {27, -367, 2122}, {56, -732, 4244}}, {{-4, -8, 6}, {-3, -6, 9}}, {0xCC,0x87,0x01,0x0F,0xE3,0xD0,0xD9,0x71,0xF7,0x33,0xDC,0x09,0x59,0x03,0x90,0xF4,0x95,0x10,0xFF,0x3F,0xFE,0xBF,0x01,0xC0,0x06,0x88,0xF4,0x4A,0xA8,0xFF,0x5F,0xFF,0x3F,0x01,0x00,0x07,0x20,0xE9,0x29,0x21}},
    {2020, 24, 0x0F, 3, 0, {-625768, -788767, -3649703}, {{55, -735, 4242}, {27, -367, 2120}, {54, -735, 4244}}, {{-1, -8, 5}, {-4, -9, 4}}, {0xE4,0x87,0x01,0x0F,0x63,0xCE,0xD9,0xE1,0xF6,0x33,0xEB,0x09,0x79,0x03,0x84,0xF4,0x92,0xD0,0xFF,0x3F,0xFE,0x7F,0x01,0xC0,0x06,0x88,0xF4,0x48,0x88,0xFF,0xFF,0xFE,0x9F,0x00,0xC0,0x06,0x08,0xE9,0x29,0x21}},
    {2044, 24, 0x0F, 3, 0, {-625856, -788907, -3649635}, {{54, -732, 4244}, {29, -365, 2123}, {54, -733, 4247}}, {{-4, -6, 4}, {-4, -7, 4}}, {0xFC,0x87,0x01,0x0F,0x03,0xCD,0xD9,0x55,0xF6,0xB3,0xF3,0x09,0x69,0x03,0x90,0xF4,0x94,0x10,0xFF,0xBF,0xFE,0x3F,0x01,0x40,0x07,0x98,0xF4,0x4B,0x88,0xFF,0x3F,0xFF,0x9F,0x00,0xC0,0x06,0x18,0xE9,0x2F,0x21}},
    {2067, 23, 0x0F, 3, 0, {-625992, -789023, -3649571}, {{54, -732, 4246}, {27, -367, 2121}, {56, -734, 4241}}, {{-5, -9, 11}, {-5, -8, 6}}, {0x13,0x78,0x01,0x0F,0xE3,0xCA,0xD9,0xE1,0xF5,0xB3,0xFB,0x09,0x69,0x03,0x90,0xF4,0x96,0xD0,0xFE,0xFF,0xFD,0xFF,0x02,0xC0,0x06,0x88,0xF4,0x49,0x68,0xFF,0x1F,0xFF,0xDF,0x00,0x00,0x07,0x10,0xE9,0x23,0x21}},
    {2091, 24, 0x0F, 3, 0, {-626176, -789159, -3649451}, {{55, -734, 4244}, {27, -366, 2121}, {55, -733, 4245}}, {{-5, -9, 6}, {-1, -8, 2}}, {0x2B,0x88,0x01,0x0F,0x03,0xC8,0xD9,0x59,0xF5,0xB3,0x0A,0x0A,0x79,0x03,0x88,0xF4,0x94,0xD0,0xFE,0xFF,0xFD,0xBF,0x01,0xC0,0x06,0x90,0xF4,0x49,0xE8,0xFF,0x1F,0xFF,0x5F,0x00,0xE0,0x06,0x18,0xE9,0x2B,0x21}},
    {2115, 24, 0x0F, 3, 0, {-626264, -789315, -3649363}, {{53, -731, 4244}, {27, -368, 2121}, {53, -735, 4245}}, {{-4, -8, 7}, {-3, -9, 4}}, {0x43,0x88,0x01,0x0F,0xA3,0xC6,0xD9,0xBD,0xF4,0xB3,0x15,0x0A,0x59,0x03,0x94,0xF4,0x94,0x10,0xFF,0x3F,0xFE,0xFF,0x01,0xC0,0x06,0x80,0xF4,0x49,0xA8,0xFF,0xFF,0xFE,0x9F,0x00,0xA0,0x06,0x08,0xE9,0x2B,0x21}},
    {2139, 24, 0x0F, 3, 0, {-626376, -789467, -3649287}, {{55, -733, 4240}, {26, -365, 2120}, {54, -732, 4240}}, {{-5, -7, 6}, {-3, -8, 4}}, {0x5B,0x88,0x01,0x0F,0xE3,0xC4,0xD9,0x25,0xF4,0x33,0x1F,0x0A,0x79,0x03,0x8C,0xF4,0x90,0xD0,0xFE,0x7F,0xFE,0xBF,0x01,0x80,0x06,0x98,0xF4,0x48,0xA8,0xFF,0x1F,0xFF,0x9F,0x00,0xC0,0x06,0x20,0xE9,0x21,0x21}},
    {2163, 24, 0x0F, 3, 0, {-626480, -789575, -3649207}, {{54, -727, 4238}, {27, -365, 2120}, {54, -733, 4243}}, {{-3, -5, 0}, {-5, -7, 5}}, {0x73,0x88,0x01,0x0F,0x43,0xC3,0xD9,0xB9,0xF3,0x33,0x29,0x0A,0x69,0x03,0xA4,0xF4,0x8E,0x50,0xFF,0xFF,0xFE,0x3F,0x00,0xC0,0x06,0x98,0xF4,0x48,0x68,0xFF,0x3F,0xFF,0xBF,0x00,0xC0,0x06,0x18,0xE9,0x27,0x21}},
    {2187, 24, 0x0F, 3, 0, {-626600, -789691, -3649143}, {{56, -732, 4244}, {26, -366, 2123}, {54, -734, 4246}}, {{-1, -9, 1}, {-3, -10, 4}}, {0x8B,0x88,0x01,0x0F,0x63,0xC1,0xD9,0x45,0xF3,0x33,0x31,0x0A,0x89,0x03,0x90,0xF4,0x94,0xD0,0xFF,0xFF,0xFD,0x7F,0x00,0x80,0x06,0x90,0xF4,0x4B,0xA8,0xFF,0xDF,0xFE,0x9F,0x00,0xC0,0x06,0x10,0xE9,0x2D,0x21}},
    {2210, 23, 0x0F, 3, 0, {-626648, -789831, -3649063}, {{53, -736, 4245}, {27, -366, 2121}, {57, -732, 4244}}, {{-5, -6, 10}, {-2, -7, 6}}, {0xA2,0x78,0x01,0x0F,0xA3,0xC0,0xD9,0xB9,0xF2,0x33,0x3B,0x0A,0x59,0x03,0x80,0xF4,0x95,0xD0,0xFE,0xBF,0xFE,0xBF,0x02,0xC0,0x06,0x90,0xF4,0x49,0xC8,0xFF,0x3F,0xFF,0xDF,0x00,0x20,0x07,0x20,0xE9,0x29,0x21}},
    {2234, 24, 0x0F, 3, 0, {-626728, -789943, -3648931}, {{54, -733, 4242}, {26, -368, 2123}, {55, -736, 4244}}, {{-2, -7, 10}, {-4, -4, -1}}, {0xBA,0x88,0x01,0x0F,0x63,0xBF,0xD9,0x49,0xF2,0xB3,0x4B,0x0A,0x69,0x03,0x8C,0xF4,0x92,0x90,0xFF,0x7F,0xFE,0xBF,0x02,0x80,0x06,0x80,0xF4,0x4B,0x88,0xFF,0x9F,0xFF,0xFF,0xFF,0xFF,0x06,0x00,0xE9,0x29,0x21}},
    {2258, 24, 0x0F, 3, 0, {-626824, -790023, -3648847}, {{55, -733, 4247}, {28, -366, 2123}, {56, -734, 4243}}, {{-3, -5, 3}, {-2, -9, 5}}, {0xD2,0x88,0x01,0x0F,0xE3,0xBD,0xD9,0xF9,0xF1,0x33,0x56,0x0A,0x79,0x03,0x8C,0xF4,0x97,0x50,0xFF,0xFF,0xFE,0xFF,0x00,0x00,0x07,0x90,0xF4,0x4B,0xC8,0xFF,0xFF,0xFE,0xBF,0x00,0x00,0x07,0x10,0xE9,0x27,0x21}},
    {2282, 24, 0x0F, 3, 0, {-626896, -790159, -3648779}, {{56, -733, 4244}, {27, -366, 2122}, {53, -733, 4244}}, {{-3, -6, 0}, {-1, -8, 2}}, {0xEA,0x88,0x01,0x0F,0xC3,0xBC,0xD9,0x71,0xF1,0xB3,0x5E,0x0A,0x89,0x03,0x8C,0xF4,0x94,0x50,0xFF,0xBF,0xFE,0x3F,0x00,0xC0,0x06,0x90,0xF4,0x4A,0xE8,0xFF,0x1F,0xFF,0x5F,0x00,0xA0,0x06,0x18,0xE9,0x29,0x21}},
    {2306, 24, 0x0F, 3, 0, {-627000, -790295, -3648715}, {{52, -731, 4243}, {26, -364, 2122}, {50, -732, 4245}}, {{-1, -7, 4}, {0, -7, 11}}, {0x02,0x89,0x01,0x0F,0x23,0xBB,0xD9,0xE9,0xF0,0xB3,0x66,0x0A,0x49,0x03,0x94,0xF4,0x93,0xD0,0xFF,0x7F,0xFE,0x3F,0x01,0x80,0x06,0xA0,0xF4,0x4A,0x08,0x00,0x20,0xFF,0x7F,0x01,0x40,0x06,0x20,0xE9,0x2B,0x21}},
    {2330, 24, 0x0F, 3, 0, {-627080, -790411, -3648591}, {{52, -732, 4241}, {25, -367, 2121}, {53, -735, 4242}}, {{-6, -8, 8}, {-1, -9, 8}}, {0x1A,0x89,0x01,0x0F,0xE3,0xB9,0xD9,0x75,0xF0,0x33,0x76,0x0A,0x49,0x03,0x90,0xF4,0x91,0x90,0xFE,0x3F,0xFE,0x3F,0x02,0x40,0x06,0x88,0xF4,0x49,0xE8,0xFF,0xFF,0xFE,0x1F,0x01,0xA0,0x06,0x08,0xE9,0x25,0x21}},
    {2353, 23, 0x0F, 3, 0, {-627184, -790527, -3648443}, {{52, -735, 4240}, {27, -367, 2121}, {52, -733, 4242}}, {{-2, -8, -2}, {-4, -4, 2}}, {0x31,0x79,0x01,0x0F,0x43,0xB8,0xD9,0x01,0xF0,0xB3,0x88,0x0A,0x49,0x03,0x84,0xF4,0x90,0x90,0xFF,0x3F,0xFE,0xBF,0xFF,0xFF,0x06,0x88,0xF4,0x49,0x88,0xFF,0x9F,0xFF,0x5F,0x00,0x80,0x06,0x18,0xE9,0x25,0x21}},
    {2377, 24, 0x0F, 3, 0, {-627264, -790643, -3648415}, {{54, -731, 4243}, {27, -366, 2122}, {53, -731, 4245}}, {{-1, -3, 3}, {0, -11, 5}}, {0x49,0x89,0x01,0x0F,0x03,0xB7,0xD9,0x8D,0xEF,0x33,0x8C,0x0A,0x69,0x03,0x94,0xF4,0x93,0xD0,0xFF,0x7F,0xFF,0xFF,0x00,0xC0,0x06,0x90,0xF4,0x4A,0x08,0x00,0xA0,0xFE,0xBF,0x00,0xA0,0x06,0x28,0xE9,0x2B,0x21}},
    {2401, 24, 0x0F, 3, 0, {-627320, -790775, -3648327}, {{54, -731, 4241}, {26, -364, 2121}, {52, -731, 4243}}, {{-3, -7, 6}, {-3, -8, 0}}, {0x61,0x89,0x01,0x0F,0x23,0xB6,0xD9,0x09,0xEF,0x33,0x97,0x0A,0x69,0x03,0x94,0xF4,0x91,0x50,0xFF,0x7F,0xFE,0xBF,0x01,0x80,0x06,0xA0,0xF4,0x49,0xA8,0xFF,0x1F,0xFF,0x1F,0x00,0x80,0x06,0x28,0xE9,0x27,0x21}},
    {2425, 24, 0x0F, 3, 0, {-627400, -790923, -3648263}, {{52, -730, 4243}, {27, -366, 2121}, {53, -735, 4240}}, {{-6, -11, 9}, {-3, -4, 3}}, {0x79,0x89,0x01,0x0F,0xE3,0xB4,0xD9,0x75,0xEE,0x33,0x9F,0x0A,0x49,0x03,0x98,0xF4,0x93,0x90,0xFE,0x7F,0xFD,0x7F,0x02,0xC0,0x06,0x90,0xF4,0x49,0xA8,0xFF,0x9F,0xFF,0x7F,0x00,0xA0,0x06,0x08,0xE9,0x21,0x21}},
    {2449, 24, 0x0F, 3, 0, {-627528, -791047, -3648159}, {{54, -733, 4241}, {28, -366, 2120}, {52, -733, 4242}}, {{0, -6, 5}, {-5, -8, 8}}, {0x91,0x89,0x01,0x0F,0xE3,0xB2,0xD9,0xF9,0xED,0x33,0xAC,0x0A,0x69,0x03,0x8C,0xF4,0x91,0x10,0x00,0x80,0xFE,0x7F,0x01,0x00,0x07,0x90,0xF4,0x48,0x68,0xFF,0x1F,0xFF,0x1F,0x01,0x80,0x06,0x18,0xE9,0x25,0x21}},
    {2473, 24, 0x0F, 3, 0, {-627648, -791183, -3648043}, {{54, -733, 4243}, {26, -366, 2118}, {53, -732, 4241}}, {{-4, -9, 3}, {-6, -9, 2}}, {0xA9,0x89,0x01,0x0F,0x03,0xB1,0xD9,0x71,0xED,0xB3,0xBA,0x0A,0x69,0x03,0x8C,0xF4,0x93,0x10,0xFF,0xFF,0xFD,0xFF,0x00,0x80,0x06,0x90,0xF4,0x46,0x48,0xFF,0xFF,0xFE,0x5F,0x00,0xA0,0x06,0x20,0xE9,0x23,0x21}},
    {2496, 23, 0x0F, 3, 0, {-627792, -791363, -3647987}, {{51, -731, 4241}, {27, -365, 2122}, {54, -731, 4247}}, {{-3, -8, -3}, {0, -6, 1}}, {0xC0,0x79,0x01,0x0F,0xC3,0xAE,0xD9,0xBD,0xEC,0xB3,0xC1,0x0A,0x39,0x03,0x94,0xF4,0x91,0x50,0xFF,0x3F,0xFE,0x7F,0xFF,0xFF,0x06,0x98,0xF4,0x4A,0x08,0x00,0x40,0xFF,0x3F,0x00,0xC0,0x06,0x28,0xE9,0x2F,0x21}},
    {2520, 24, 0x0F, 3, 0, {-627816, -791479, -3647971}, {{55, -731, 4246}, {26, -365, 2120}, {51, -732, 4241}}, {{-1, -8, 2}, {-2, -9, 3}}, {0xD8,0x89,0x01,0x0F,0x63,0xAE,0xD9,0x49,0xEC,0xB3,0xC3,0x0A,0x79,0x03,0x94,0xF4,0x96,0xD0,0xFF,0x3F,0xFE,0xBF,0x00,0x80,0x06,0x98,0xF4,0x48,0xC8,0xFF,0xFF,0xFE,0x7F,0x00,0x60,0x06,0x20,0xE9,0x23,0x21}},
    {2544, 24, 0x0F, 3, 0, {-627888, -791635, -3647923}, {{52, -734, 4244}, {27, -366, 2124}, {56, -733, 4243}}, {{-3, -7, 2}, {0, -9, 3}}, {0xF0,0x89,0x01,0x0F,0x43,0xAD,0xD9,0xAD,0xEB,0xB3,0xC9,0x0A,0x49,0x03,0x88,0xF4,0x94,0x50,0xFF,0x7F,0xFE,0xBF,0x00,0xC0,0x06,0x90,0xF4,0x4C,0x08,0x00,0xE0,0xFE,0x7F,0x00,0x00,0x07,0x18,0xE9,0x27,0x21}},
    {2568, 24, 0x0F, 3, 0, {-627952, -791763, -3647843}, {{51, -733, 4242}, {24, -366, 2121}, {48, -734, 4243}}, {{-2, -7, 8}, {-4, -7, 8}}, {0x08,0x8A,0x01,0x0F,0x43,0xAC,0xD9,0x2D,0xEB,0xB3,0xD3,0x0A,0x39,0x03,0x8C,0xF4,0x92,0x90,0xFF,0x7F,0xFE,0x3F,0x02,0x00,0x06,0x90,0xF4,0x49,0x88,0xFF,0x3F,0xFF,0x1F,0x01,0x00,0x06,0x10,0xE9,0x27,0x21}},
    {2592, 24, 0x0F, 3, 0, {-628080, -791887, -3647759}, {{50, -732, 4244}, {27, -366, 2123}, {51, -732, 4248}}, {{-4, -8, 4}, {-1, -9, 6}}, {0x20,0x8A,0x01,0x0F,0x43,0xAA,0xD9,0xB1,0xEA,0x33,0xDE,0x0A,0x29,0x03,0x90,0xF4,0x94,0x10,0xFF,0x3F,0xFE,0x3F,0x01,0xC0,0x06,0x90,0xF4,0x4B,0xE8,0xFF,0xFF,0xFE,0xDF,0x00,0x60,0x06,0x20,0xE9,0x31,0x21}},
    {2616, 24, 0x0F, 3, 0, {-628184, -792031, -3647671}, {{51, -734, 4247}, {25, -368, 2120}, {52, -732, 4241}}, {{-5, -7, 3}, {-3, -6, 2}}, {0x38,0x8A,0x01,0x0F,0xA3,0xA8,0xD9,0x21,0xEA,0x33,0xE9,0x0A,0x39,0x03,0x88,0xF4,0x97,0xD0,0xFE,0x7F,0xFE,0xFF,0x00,0x40,0x06,0x80,0xF4,0x48,0xA8,0xFF,0x5F,0xFF,0x5F,0x00,0x80,0x06,0x20,0xE9,0x23,0x21}},
    {2639, 23, 0x0F, 3, 0, {-628264, -792167, -3647619}, {{51, -734, 4245}, {24, -366, 2122}, {52, -730, 4242}}, {{-1, -8, 7}, {-3, -6, 2}}, {0x4F,0x7A,0x01,0x0F,0x63,0xA7,0xD9,0x99,0xE9,0xB3,0xEF,0x0A,0x39,0x03,0x88,0xF4,0x95,0xD0,0xFF,0x3F,0xFE,0xFF,0x01,0x00,0x06,0x90,0xF4,0x4A,0xA8,0xFF,0x5F,0xFF,0x5F,0x00,0x80,0x06,0x30,0xE9,0x25,0x21}},
    {2663, 24, 0x0F, 3, 0, {-628328, -792275, -3647535}, {{52, -731, 4245}, {25, -364, 2121}, {52, -732, 4243}}, {{-2, -7, 2}, {-4, -8, 4}}, {0x67,0x8A,0x01,0x0F,0x63,0xA6,0xD9,0x2D,0xE9,0x33,0xFA,0x0A,0x49,0x03,0x94,0xF4,0x95,0x90,0xFF,0x7F,0xFE,0xBF,0x00,0x40,0x06,0xA0,0xF4,0x49,0x88,0xFF,0x1F,0xFF,0x9F,0x00,0x80,0x06,0x20,0xE9,0x27,0x21}},
    {2687, 24, 0x0F, 3, 0, {-628472, -792419, -3647459}, {{54, -732, 4237}, {27, -366, 2119}, {55, -735, 4243}}, {{-4, -5, 2}, {-2, -6, 6}}, {0x7F,0x8A,0x01,0x0F,0x23,0xA4,0xD9,0x9D,0xE8,0xB3,0x03,0x0B,0x69,0x03,0x90,0xF4,0x8D,0x10,0xFF,0xFF,0xFE,0xBF,0x00,0xC0,0x06,0x90,0xF4,0x47,0xC8,0xFF,0x5F,0xFF,0xDF,0x00,0xE0,0x06,0x08,0xE9,0x27,0x21}},
    {2711, 24, 0x0F, 3, 0, {-628528, -792511, -3647395}, {{53, -733, 4242}, {26, -367, 2121}, {49, -735, 4243}}, {{0, -5, 4}, {-2, -8, 3}}, {0x97,0x8A,0x01,0x0F,0x43,0xA3,0xD9,0x41,0xE8,0xB3,0x0B,0x0B,0x59,0x03,0x8C,0xF4,0x92,0x10,0x00,0xC0,0xFE,0x3F,0x01,0x80,0x06,0x88,0xF4,0x49,0xC8,0xFF,0x1F,0xFF,0x7F,0x00,0x20,0x06,0x08,0xE9,0x27,0x21}},
    {2735, 24, 0x0F, 3, 0, {-628552, -792631, -3647335}, {{51, -735, 4245}, {25, -366, 2121}, {52, -734, 4243}}, {{-2, -9, 6}, {-3, -6, 9}}, {0xAF,0x8A,0x01,0x0F,0xE3,0xA2,0xD9,0xC9,0xE7,0x33,0x13,0x0B,0x39,0x03,0x84,0xF4,0x95,0x90,0xFF,0xFF,0xFD,0xBF,0x01,0x40,0x06,0x90,0xF4,0x49,0xA8,0xFF,0x5F,0xFF,0x3F,0x01,0x80,0x06,0x10,0xE9,0x27,0x21}},
    {2758, 23, 0x0F, 3, 0, {-628656, -792763, -3647207}, {{52, -734, 4245}, {27, -367, 2121}, {54, -734, 4241}}, {{-4, -6, 11}, {-4, -4, 9}}, {0xC6,0x7A,0x01,0x0F,0x43,0xA1,0xD9,0x45,0xE7,0x33,0x23,0x0B,0x49,0x03,0x88,0xF4,0x95,0x10,0xFF,0xBF,0xFE,0xFF,0x02,0xC0,0x06,0x88,0xF4,0x49,0x88,0xFF,0x9F,0xFF,0x3F,0x01,0xC0,0x06,0x10,0xE9,0x23,0x21}},
    {2782, 24, 0x0F, 3, 0, {-628832, -792859, -3647083}, {{54, -734, 4239}, {26, -367, 2120}, {53, -731, 4239}}, {{-3, -9, 10}, {-2, -7, 1}}, {0xDE,0x8A,0x01,0x0F,0x83,0x9E,0xD9,0xE5,0xE6,0xB3,0x32,0x0B,0x69,0x03,0x88,0xF4,0x8F,0x50,0xFF,0xFF,0xFD,0xBF,0x02,0x80,0x06,0x88,0xF4,0x48,0xC8,0xFF,0x3F,0xFF,0x3F,0x00,0xA0,0x06,0x28,0xE9,0x1F,0x21}},
    {2806, 24, 0x0F, 3, 0, {-628912, -792987, -3646991}, {{53, -732, 4245}, {27, -365, 2122}, {54, -733, 4241}}, {{0, -7, 7}, {-5, -5, 6}}, {0xF6,0x8A,0x01,0x0F,0x43,0x9D,0xD9,0x65,0xE6,0x33,0x3E,0x0B,0x59,0x03,0x90,0xF4,0x95,0x10,0x00,0x40,0xFE,0xFF,0x01,0xC0,0x06,0x98,0xF4,0x4A,0x68,0xFF,0x7F,0xFF,0xDF,0x00,0xC0,0x06,0x18,0xE9,0x23,0x21}},
    {2830, 24, 0x0F, 3, 0, {-629032, -793095, -3646875}, {{53, -734, 4241}, {27, -366, 2120}, {55, -734, 4245}}, {{0, -5, 9}, {-4, -7, 7}}, {0x0E,0x8B,0x01,0x0F,0x63,0x9B,0xD9,0xF9,0xE5,0xB3,0x4C,0x0B,0x59,0x03,0x88,0xF4,0x91,0x10,0x00,0xC0,0xFE,0x7F,0x02,0xC0,0x06,0x90,0xF4,0x48,0x88,0xFF,0x3F,0xFF,0xFF,0x00,0xE0,0x06,0x10,0xE9,0x2B,0x21}},
    {2854, 24, 0x0F, 3, 0, {-629128, -793207, -3646735}, {{57, -733, 4242}, {27, -366, 2122}, {54, -734, 4245}}, {{-3, -6, 5}, {-3, -8, 4}}, {0x26,0x8B,0x01,0x0F,0xE3,0x99,0xD9,0x89,0xE5,0x33,0x5E,0x0B,0x99,0x03,0x8C,0xF4,0x92,0x50,0xFF,0xBF,0xFE,0x7F,0x01,0xC0,0x06,0x90,0xF4,0x4A,0xA8,0xFF,0x1F,0xFF,0x9F,0x00,0xC0,0x06,0x10,0xE9,0x2B,0x21}},
    {2878, 24, 0x0F, 3, 0, {-629256, -793339, -3646639}, {{52, -734, 4242}, {26, -367, 2123}, {50, -733, 4246}}, {{-1, -11, 10}, {0, -6, 7}}, {0x3E,0x8B,0x01,0x0F,0xE3,0x97,0xD9,0x05,0xE5,0x33,0x6A,0x0B,0x49,0x03,0x88,0xF4,0x92,0xD0,0xFF,0x7F,0xFD,0xBF,0x02,0x80,0x06,0x88,0xF4,0x4B,0x08,0x00,0x40,0xFF,0xFF,0x00,0x40,0x06,0x18,0xE9,0x2D,0x21}},
    {2901, 23, 0x0F, 3, 0, {-629288, -793475, -3646507}, {{52, -734, 4247}, {26, -368, 2123}, {51, -734, 4243}}, {{-3, -7, 6}, {-1, -8, 8}}, {0x55,0x7B,0x01,0x0F,0x63,0x97,0xD9,0x7D,0xE4,0xB3,0x7A,0x0B,0x49,0x03,0x88,0xF4,0x97,0x50,0xFF,0x7F,0xFE,0xBF,0x01,0x80,0x06,0x80,0xF4,0x4B,0xE8,0xFF,0x1F,0xFF,0x1F,0x01,0x60,0x06,0x10,0xE9,0x27,0x21}},
    {2925, 24, 0x0F, 3, 0, {-629392, -793575, -3646359}, {{50, -732, 4246}, {26, -366, 2123}, {53, -731, 4247}}, {{-3, -6, 5}, {-2, -5, 9}}, {0x6D,0x8B,0x01,0x0F,0xC3,0x95,0xD9,0x19,0xE4,0x33,0x8D,0x0B,0x29,0x03,0x90,0xF4,0x96,0x50,0xFF,0xBF,0xFE,0x7F,0x01,0x80,0x06,0x90,0xF4,0x4B,0xC8,0xFF,0x7F,0xFF,0x3F,0x01,0xA0,0x06,0x28,0xE9,0x2F,0x21}},
    {2949, 24, 0x0F, 3, 0, {-629448, -793667, -3646231}, {{53, -734, 4248}, {27, -367, 2123}, {54, -731, 4246}}, {{0, -4, 6}, {-1, -7, 8}}, {0x85,0x8B,0x01,0x0F,0xE3,0x94,0xD9,0xBD,0xE3,0x33,0x9D,0x0B,0x59,0x03,0x88,0xF4,0x98,0x10,0x00,0x00,0xFF,0xBF,0x01,0xC0,0x06,0x88,0xF4,0x4B,0xE8,0xFF,0x3F,0xFF,0x1F,0x01,0xC0,0x06,0x28,0xE9,0x2D,0x21}},
    {2973, 24, 0x0F, 3, 0, {-629536, -793779, -3646119}, {{53, -731, 4246}, {26, -367, 2122}, {54, -732, 4247}}, {{-6, -6, 7}, {-2, -7, 6}}, {0x9D,0x8B,0x01,0x0F,0x83,0x93,0xD9,0x4D,0xE3,0x33,0xAB,0x0B,0x59,0x03,0x94,0xF4,0x96,0x90,0xFE,0xBF,0xFE,0xFF,0x01,0x80,0x06,0x88,0xF4,0x4A,0xC8,0xFF,0x3F,0xFF,0xDF,0x00,0xC0,0x06,0x20,0xE9,0x2F,0x21}},
    {2997, 24, 0x0F, 3, 0, {-629680, -793899, -3646019}, {{53, -733, 4244}, {25, -367, 2121}, {49, -732, 4244}}, {{-3, -6, 7}, {-7, -4, 3}}, {0xB5,0x8B,0x01,0x0F,0x43,0x91,0xD9,0xD5,0xE2,0xB3,0xB7,0x0B,0x59,0x03,0x8C,0xF4,0x94,0x50,0xFF,0xBF,0xFE,0xFF,0x01,0x40,0x06,0x88,0xF4,0x49,0x28,0xFF,0x9F,0xFF,0x7F,0x00,0x20,0x06,0x20,0xE9,0x29,0x21}},
    {3021, 24, 0x0F, 3, 0, {-629840, -793999, -3645951}, {{51, -735, 4246}, {25, -367, 2122}, {53, -736, 4245}}, {{-2, -6, 9}, {-3, -7, 4}}, {0xCD,0x8B,0x01,0x0F,0xC3,0x8E,0xD9,0x71,0xE2,0x33,0xC0,0x0B,0x39,0x03,0x84,0xF4,0x96,0x90,0xFF,0xBF,0xFE,0x7F,0x02,0x40,0x06,0x88,0xF4,0x4A,0xA8,0xFF,0x3F,0xFF,0x9F,0x00,0xA0,0x06,0x00,0xE9,0x2B,0x21}},
    {3044, 23, 0x0F, 3, 0, {-629960, -794123, -3645819}, {{54, -735, 4244}, {27, -368, 2122}, {52, -732, 4243}}, {{-4, -6, 8}, {0, -9, 9}}, {0xE4,0x7B,0x01,0x0F,0xE3,0x8C,0xD9,0xF5,0xE1,0xB3,0xD0,0x0B,0x69,0x03,0x84,0xF4,0x94,0x10,0xFF,0xBF,0xFE,0x3F,0x02,0xC0,0x06,0x80,0xF4,0x4A,0x08,0x00,0xE0,0xFE,0x3F,0x01,0x80,0x06,0x20,0xE9,0x27,0x21}},
    {3068, 24, 0x0F, 3, 0, {-630056, -794243, -3645679}, {{53, -732, 4242}, {26, -367, 2121}, {52, -733, 4246}}, {{-4, -6, 5}, {-7, -1, 0}}, {0xFC,0x8B,0x01,0x0F,0x63,0x8B,0xD9,0x7D,0xE1,0x33,0xE2,0x0B,0x59,0x03,0x90,0xF4,0x92,0x10,0xFF,0xBF,0xFE,0x7F,0x01,0x80,0x06,0x88,0xF4,0x49,0x28,0xFF,0xFF,0xFF,0x1F,0x00,0x80,0x06,0x18,0xE9,0x2D,0x21}},
    {3092, 24, 0x0F, 3, 0, {-630240, -794351, -3645603}, {{52, -735, 4244}, {28, -367, 2122}, {53, -733, 4243}}, {{-2, -10, 3}, {-5, -8, 7}}, {0x14,0x8C,0x01,0x0F,0x83,0x88,0xD9,0x11,0xE1,0xB3,0xEB,0x0B,0x49,0x03,0x84,0xF4,0x94,0x90,0xFF,0xBF,0xFD,0xFF,0x00,0x00,0x07,0x88,0xF4,0x4A,0x68,0xFF,0x1F,0xFF,0xFF,0x00,0xA0,0x06,0x18,0xE9,0x27,0x21}},
    {3116, 24, 0x0F, 3, 0, {-630384, -794511, -3645503}, {{55, -731, 4242}, {26, -367, 2120}, {53, -736, 4243}}, {{-4, -9, 5}, {-1, -7, 7}}, {0x2C,0x8C,0x01,0x0F,0x43,0x86,0xD9,0x71,0xE0,0x33,0xF8,0x0B,0x79,0x03,0x94,0xF4,0x92,0x10,0xFF,0xFF,0xFD,0x7F,0x01,0x80,0x06,0x88,0xF4,0x48,0xE8,0xFF,0x3F,0xFF,0xFF,0x00,0xA0,0x06,0x00,0xE9,0x27,0x21}},
    {3140, 24, 0x0F, 3, 0, {-630488, -794639, -3645403}, {{53, -737, 4240}, {26, -366, 2118}, {55, -732, 4241}}, {{-6, -8, 4}, {-3, -8, 4}}, {0x44,0x8C,0x01,0x0F,0xA3,0x84,0xD9,0xF1,0xDF,0xB3,0x04,0x0C,0x59,0x03,0x7C,0xF4,0x90,0x90,0xFE,0x3F,0xFE,0x3F,0x01,0x80,0x06,0x90,0xF4,0x46,0xA8,0xFF,0x1F,0xFF,0x9F,0x00,0xE0,0x06,0x20,0xE9,0x23,0x21}},
    {3164, 24, 0x0F, 3, 0, {-630608, -794779, -3645347}, {{55, -733, 4241}, {26, -365, 2120}, {55, -730, 4241}}, {{-1, -10, 8}, {-5, -9, 6}}, {0x5C,0x8C,0x01,0x0F,0xC3,0x82,0xD9,0x65,0xDF,0xB3,0x0B,0x0C,0x79,0x03,0x8C,0xF4,0x91,0xD0,0xFF,0xBF,0xFD,0x3F,0x02,0x80,0x06,0x98,0xF4,0x48,0x68,0xFF,0xFF,0xFE,0xDF,0x00,0xE0,0x06,0x30,0xE9,0x23,0x21}},
    {3187, 23, 0x0F, 3, 0, {-630664, -794927, -3645255}, {{56, -731, 4242}, {27, -365, 2120}, {52, -734, 4239}}, {{-8, -7, 6}, {-4, -10, 1}}, {0x73,0x7C,0x01,0x0F,0xE3,0x81,0xD9,0xD1,0xDE,0x33,0x17,0x0C,0x89,0x03,0x94,0xF4,0x92,0x10,0xFE,0x7F,0xFE,0xBF,0x01,0xC0,0x06,0x98,0xF4,0x48,0x88,0xFF,0xDF,0xFE,0x3F,0x00,0x80,0x06,0x10,0xE9,0x1F,0x21}},
    {3211, 24, 0x0F, 3, 0, {-630840, -795067, -3645199}, {{52, -732, 4245}, {26, -366, 2121}, {51, -732, 4241}}, {{-2, -7, 6}, {-4, -8, 4}}, {0x8B,0x8C,0x01,0x0F,0x23,0x7F,0xD9,0x45,0xDE,0x33,0x1E,0x0C,0x49,0x03,0x90,0xF4,0x95,0x90,0xFF,0x7F,0xFE,0xBF,0x01,0x80,0x06,0x90,0xF4,0x49,0x88,0xFF,0x1F,0xFF,0x9F,0x00,0x60,0x06,0x20,0xE9,0x23,0x21}},
    {3235, 24, 0x0F, 3, 0, {-630968, -795199, -3645111}, {{53, -733, 4245}, {27, -367, 2123}, {52, -733, 4246}}, {{-2, -9, 4}, {-5, -11, 7}}, {0xA3,0x8C,0x01,0x0F,0x23,0x7D,0xD9,0xC1,0xDD,0x33,0x29,0x0C,0x59,0x03,0x8C,0xF4,0x95,0x90,0xFF,0xFF,0xFD,0x3F,0x01,0xC0,0x06,0x88,0xF4,0x4B,0x68,0xFF,0xBF,0xFE,0xFF,0x00,0x80,0x06,0x18,0xE9,0x2D,0x21}},
    {3259, 24, 0x0F, 3, 0, {-631064, -795359, -3645015}, {{52, -731, 4244}, {27, -366, 2123}, {54, -735, 4246}}, {{1, -5, 5}, {-2, -7, 4}}, {0xBB,0x8C,0x01,0x0F,0xA3,0x7B,0xD9,0x21,0xDD,0x33,0x35,0x0C,0x49,0x03,0x94,0xF4,0x94,0x50,0x00,0xC0,0xFE,0x7F,0x01,0xC0,0x06,0x90,0xF4,0x4B,0xC8,0xFF,0x3F,0xFF,0x9F,0x00,0xC0,0x06,0x08,0xE9,0x2D,0x21}},
    {3283, 24, 0x0F, 3, 0, {-631072, -795487, -3644939}, {{54, -733, 4248}, {27, -367, 2123}, {50, -734, 4243}}, {{-6, -8, -1}, {-4, -8, 2}}, {0xD3,0x8C,0x01,0x0F,0x83,0x7B,0xD9,0xA1,0xDC,0xB3,0x3E,0x0C,0x69,0x03,0x8C,0xF4,0x98,0x90,0xFE,0x3F,0xFE,0xFF,0xFF,0xFF,0x06,0x88,0xF4,0x4B,0x88,0xFF,0x1F,0xFF,0x5F,0x00,0x40,0x06,0x10,0xE9,0x27,0x21}},
    {3307, 24, 0x0F, 3, 0, {-631168, -795643, -3644923}, {{50, -734, 4244}, {26, -368, 2121}, {53, -735, 4243}}, {{-1, -6, 7}, {-4, -7, 11}}, {0xEB,0x8C,0x01,0x0F,0x03,0x7A,0xD9,0x05,0xDC,0xB3,0x40,0x0C,0x29,0x03,0x88,0xF4,0x94,0xD0,0xFF,0xBF,0xFE,0xFF,0x01,0x80,0x06,0x80,0xF4,0x49,0x88,0xFF,0x3F,0xFF,0x7F,0x01,0xA0,0x06,0x08,0xE9,0x27,0x21}},
    {3330, 23, 0x0F, 3, 0, {-631272, -795779, -3644811}, {{53, -732, 4243}, {27, -366, 2122}, {51, -731, 4247}}, {{-2, -7, 0}, {-3, -9, 14}}, {0x02,0x7D,0x01,0x0F,0x63,0x78,0xD9,0x7D,0xDB,0xB3,0x4E,0x0C,0x59,0x03,0x90,0xF4,0x93,0x90,0xFF,0x7F,0xFE,0x3F,0x00,0xC0,0x06,0x90,0xF4,0x4A,0xA8,0xFF,0xFF,0xFE,0xDF,0x01,0x60,0x06,0x28,0xE9,0x2F,0x21}},
    {3354, 24, 0x0F, 3, 0, {-631368, -795911, -3644699}, {{53, -731, 4241}, {27, -365, 2121}, {53, -733, 4241}}, {{-2, -4, 7}, {-2, -8, 0}}, {0x1A,0x8D,0x01,0x0F,0xE3,0x76,0xD9,0xF9,0xDA,0xB3,0x5C,0x0C,0x59,0x03,0x94,0xF4,0x91,0x90,0xFF,0x3F,0xFF,0xFF,0x01,0xC0,0x06,0x98,0xF4,0x49,0xC8,0xFF,0x1F,0xFF,0x1F,0x00,0xA0,0x06,0x18,0xE9,0x23,0x21}},
    {3378, 24, 0x0F, 3, 0, {-631400, -796019, -3644631}, {{51, -734, 4243}, {26, -367, 2119}, {55, -736, 4247}}, {{-5, -7, 6}, {-4, -7, 8}}, {0x32,0x8D,0x01,0x0F,0x63,0x76,0xD9,0x8D,0xDA,0x33,0x65,0x0C,0x39,0x03,0x88,0xF4,0x93,0xD0,0xFE,0x7F,0xFE,0xBF,0x01,0x80,0x06,0x88,0xF4,0x47,0x88,0xFF,0x3F,0xFF,0x1F,0x01,0xE0,0x06,0x00,0xE9,0x2F,0x21}},
    {3402, 24, 0x0F, 3, 0, {-631544, -796147, -3644499}, {{52, -735, 4248}, {27, -368, 2122}, {52, -736, 4242}}, {{-2, -5, 9}, {1, -8, 4}}, {0x4A,0x8D,0x01,0x0F,0x23,0x74,0xD9,0x0D,0xDA,0xB3,0x75,0x0C,0x49,0x03,0x84,0xF4,0x98,0x90,0xFF,0xFF,0xFE,0x7F,0x02,0xC0,0x06,0x80,0xF4,0x4A,0x28,0x00,0x00,0xFF,0x9F,0x00,0x80,0x06,0x00,0xE9,0x25,0x21}},
    {3426, 24, 0x0F, 3, 0, {-631616, -796259, -3644395}, {{52, -732, 4246}, {27, -367, 2121}, {54, -733, 4242}}, {{-3, -7, 7}, {-3, -6, 1}}, {0x62,0x8D,0x01,0x0F,0x03,0x73,0xD9,0x9D,0xD9,0xB3,0x82,0x0C,0x49,0x03,0x90,0xF4,0x96,0x50,0xFF,0x7F,0xFE,0xFF,0x01,0xC0,0x06,0x88,0xF4,0x49,0xA8,0xFF,0x5F,0xFF,0x3F,0x00,0xC0,0x06,0x18,0xE9,0x25,0x21}},
    {3450, 24, 0x0F, 3, 0, {-631760, -796387, -3644319}, {{55, -732, 4242}, {27, -366, 2121}, {52, -732, 4242}}, {{-5, -6, 2}, {-5, -9, 4}}, {0x7A,0x8D,0x01,0x0F,0xC3,0x70,0xD9,0x1D,0xD9,0x33,0x8C,0x0C,0x79,0x03,0x90,0xF4,0x92,0xD0,0xFE,0xBF,0xFE,0xBF,0x00,0xC0,0x06,0x90,0xF4,0x49,0x68,0xFF,0xFF,0xFE,0x9F,0x00,0x80,0x06,0x20,0xE9,0x25,0x21}},
    {3473, 23, 0x0F, 3, 0, {-631920, -796531, -3644279}, {{53, -735, 4242}, {26, -366, 2121}, {50, -731, 4240}}, {{-3, -7, 8}, {-5, -6, 1}}, {0x91,0x7D,0x01,0x0F,0x43,0x6E,0xD9,0x8D,0xD8,0x33,0x91,0x0C,0x59,0x03,0x84,0xF4,0x92,0x50,0xFF,0x7F,0xFE,0x3F,0x02,0x80,0x06,0x90,0xF4,0x49,0x68,0xFF,0x5F,0xFF,0x3F,0x00,0x40,0x06,0x28,0xE9,0x21,0x21}},
    {3497, 24, 0x0F, 3, 0, {-632048, -796659, -3644211}, {{53, -732, 4241}, {26, -367, 2119}, {49, -732, 4237}}, {{-2, -8, 4}, {-1, -8, 10}}, {0xA9,0x8D,0x01,0x0F,0x43,0x6C,0xD9,0x0D,0xD8,0xB3,0x99,0x0C,0x59,0x03,0x90,0xF4,0x91,0x90,0xFF,0x3F,0xFE,0x3F,0x01,0x80,0x06,0x88,0xF4,0x47,0xE8,0xFF,0x1F,0xFF,0x5F,0x01,0x20,0x06,0x20,0xE9,0x1B,0x21}},
    {3521, 24, 0x0F, 3, 0, {-632136, -796803, -3644119}, {{50, -728, 4241}, {27, -365, 2122}, {52, -731, 4243}}, {{-6, -7, 5}, {-1, -8, 8}}, {0xC1,0x8D,0x01,0x0F,0xE3,0x6A,0xD9,0x7D,0xD7,0x33,0xA5,0x0C,0x29,0x03,0xA0,0xF4,0x91,0x90,0xFE,0x7F,0xFE,0x7F,0x01,0xC0,0x06,0x98,0xF4,0x4A,0xE8,0xFF,0x1F,0xFF,0x1F,0x01,0x80,0x06,0x28,0xE9,0x27,0x21}},
    {3545, 24, 0x0F, 3, 0, {-632288, -796923, -3644003}, {{52, -732, 4243}, {27, -366, 2122}, {54, -731, 4239}}, {{-4, -10, 5}, {-4, -8, 7}}, {0xD9,0x8D,0x01,0x0F,0x83,0x68,0xD9,0x05,0xD7,0xB3,0xB3,0x0C,0x49,0x03,0x90,0xF4,0x93,0x10,0xFF,0xBF,0xFD,0x7F,0x01,0xC0,0x06,0x90,0xF4,0x4A,0x88,0xFF,0x1F,0xFF,0xFF,0x00,0xC0,0x06,0x28,0xE9,0x1F,0x21}},
    {3569, 24, 0x0F, 3, 0, {-632416, -797067, -3643911}, {{51, -732, 4242}, {26, -366, 2120}, {50, -735, 4241}}, {{-3, -7, 6}, {-4, -8, 5}}, {0xF1,0x8D,0x01,0x0F,0x83,0x66,0xD9,0x75,0xD6,0x33,0xBF,0x0C,0x39,0x03,0x90,0xF4,0x92,0x50,0xFF,0x7F,0xFE,0xBF,0x01,0x80,0x06,0x90,0xF4,0x48,0x88,0xFF,0x1F,0xFF,0xBF,0x00,0x40,0x06,0x08,0xE9,0x23,0x21}},
    {3592, 23, 0x0F, 3, 0, {-632512, -797199, -3643815}, {{50, -734, 4242}, {27, -366, 2122}, {53, -731, 4248}}, {{-3, -8, 8}, {1, -7, 5}}, {0x08,0x7E,0x01,0x0F,0x03,0x65,0xD9,0xF1,0xD5,0x33,0xCB,0x0C,0x29,0x03,0x88,0xF4,0x92,0x50,0xFF,0x3F,0xFE,0x3F,0x02,0xC0,0x06,0x90,0xF4,0x4A,0x28,0x00,0x20,0xFF,0xBF,0x00,0xA0,0x06,0x28,0xE9,0x31,0x21}},
    {3616, 24, 0x0F, 3, 0, {-632560, -797327, -3643707}, {{53, -732, 4245}, {29, -366, 2121}, {56, -730, 4242}}, {{-2, -8, 11}, {-4, -5, 6}}, {0x20,0x8E,0x01,0x0F,0x43,0x64,0xD9,0x71,0xD5,0xB3,0xD8,0x0C,0x59,0x03,0x90,0xF4,0x95,0x90,0xFF,0x3F,0xFE,0xFF,0x02,0x40,0x07,0x90,0xF4,0x49,0x88,0xFF,0x7F,0xFF,0xDF,0x00,0x00,0x07,0x30,0xE9,0x25,0x21}},
    {3640, 24, 0x0F, 3, 0, {-632696, -797439, -3643579}, {{53, -732, 4246}, {26, -365, 2121}, {53, -731, 4243}}, {{-7, -8, 4}, {-2, -7, 6}}, {0x38,0x8E,0x01,0x0F,0x23,0x62,0xD9,0x01,0xD5,0xB3,0xE8,0x0C,0x59,0x03,0x90,0xF4,0x96,0x50,0xFE,0x3F,0xFE,0x3F,0x01,0x80,0x06,0x98,0xF4,0x49,0xC8,0xFF,0x3F,0xFF,0xDF,0x00,0xA0,0x06,0x28,0xE9,0x27,0x21}},
    {3664, 24, 0x0F, 3, 0, {-632824, -797563, -3643511}, {{52, -731, 4243}, {26, -366, 2121}, {51, -732, 4242}}, {{0, -5, 3}, {-3, -9, 1}}, {0x50,0x8E,0x01,0x0F,0x23,0x60,0xD9,0x85,0xD4,0x33,0xF1,0x0C,0x49,0x03,0x94,0xF4,0x93,0x10,0x00,0xC0,0xFE,0xFF,0x00,0x80,0x06,0x90,0xF4,0x49,0xA8,0xFF,0xFF,0xFE,0x3F,0x00,0x60,0x06,0x20,0xE9,0x25,0x21}},
    {3688, 24, 0x0F, 3, 0, {-632888, -797695, -3643467}, {{51, -732, 4245}, {26, -367, 2121}, {54, -731, 4243}}, {{-2, -5, 5}, {-1, -8, 1}}, {0x68,0x8E,0x01,0x0F,0x23,0x5F,0xD9,0x01,0xD4,0xB3,0xF6,0x0C,0x39,0x03,0x90,0xF4,0x95,0x90,0xFF,0xFF,0xFE,0x7F,0x01,0x80,0x06,0x88,0xF4,0x49,0xE8,0xFF,0x1F,0xFF,0x3F,0x00,0xC0,0x06,0x28,0xE9,0x27,0x21}},
    {3712, 24, 0x0F, 3, 0, {-632936, -797819, -3643411}, {{54, -733, 4246}, {26, -366, 2122}, {52, -733, 4242}}, {{-6, -9, 7}, {-1, -8, 9}}, {0x80,0x8E,0x01,0x0F,0x63,0x5E,0xD9,0x85,0xD3,0xB3,0xFD,0x0C,0x69,0x03,0x8C,0xF4,0x96,0x90,0xFE,0xFF,0xFD,0xFF,0x01,0x80,0x06,0x90,0xF4,0x4A,0xE8,0xFF,0x1F,0xFF,0x3F,0x01,0x80,0x06,0x18,0xE9,0x25,0x21}},
    {3735, 23, 0x0F, 3, 0, {-633064, -797967, -3643311}, {{51, -733, 4244}, {26, -365, 2122}, {53, -730, 4239}}, {{-1, -10, 5}, {-4, -8, 5}}, {0x97,0x7E,0x01,0x0F,0x63,0x5C,0xD9,0xF1,0xD2,0x33,0x0A,0x0D,0x39,0x03,0x8C,0xF4,0x94,0xD0,0xFF,0xBF,0xFD,0x7F,0x01,0x80,0x06,0x98,0xF4,0x4A,0x88,0xFF,0x1F,0xFF,0xBF,0x00,0xA0,0x06,0x30,0xE9,0x1F,0x21}},
    {3759, 24, 0x0F, 3, 0, {-633144, -798107, -3643207}, {{52, -732, 4240}, {26, -366, 2119}, {53, -733, 4242}}, {{-3, -7, 6}, {-4, -6, 3}}, {0xAF,0x8E,0x01,0x0F,0x23,0x5B,0xD9,0x65,0xD2,0x33,0x17,0x0D,0x49,0x03,0x90,0xF4,0x90,0x50,0xFF,0x7F,0xFE,0xBF,0x01,0x80,0x06,0x90,0xF4,0x47,0x88,0xFF,0x5F,0xFF,0x7F,0x00,0xA0,0x06,0x18,0xE9,0x25,0x21}},
    {3783, 24, 0x0F, 3, 0, {-633248, -798239, -3643139}, {{55, -733, 4242}, {26, -367, 2121}, {53, -735, 4243}}, {{0, -8, 4}, {-1, -6, 9}}, {0xC7,0x8E,0x01,0x0F,0x83,0x59,0xD9,0xE1,0xD1,0xB3,0x1F,0x0D,0x79,0x03,0x8C,0xF4,0x92,0x10,0x00,0x00,0xFE,0x3F,0x01,0x80,0x06,0x88,0xF4,0x49,0xE8,0xFF,0x5F,0xFF,0x3F,0x01,0xA0,0x06,0x08,0xE9,0x27,0x21}},
    {3807, 24, 0x0F, 3, 0, {-633312, -798343, -3643007}, {{51, -736, 4244}, {25, -367, 2123}, {51, -733, 4246}}, {{-4, -8, 3}, {-3, -7, 4}}, {0xDF,0x8E,0x01,0x0F,0x83,0x58,0xD9,0x79,0xD1,0x33,0x30,0x0D,0x39,0x03,0x80,0xF4,0x94,0x10,0xFF,0x3F,0xFE,0xFF,0x00,0x40,0x06,0x88,0xF4,0x4B,0xA8,0xFF,0x3F,0xFF,0x9F,0x00,0x60,0x06,0x18,0xE9,0x2D,0x21}},
    {3831, 24, 0x0F, 3, 0, {-633384, -798467, -3642955}, {{54, -733, 4245}, {26, -368, 2123}, {48, -733, 4243}}, {{-2, -6, 3}, {-6, -5, 1}}, {0xF7,0x8E,0x01,0x0F,0x63,0x57,0xD9,0xFD,0xD0,0xB3,0x36,0x0D,0x69,0x03,0x8C,0xF4,0x95,0x90,0xFF,0xBF,0xFE,0xFF,0x00,0x80,0x06,0x80,0xF4,0x4B,0x48,0xFF,0x7F,0xFF,0x3F,0x00,0x00,0x06,0x18,0xE9,0x27,0x21}},
    {3855, 24, 0x0F, 3, 0, {-633480, -798575, -3642919}, {{51, -731, 4244}, {26, -365, 2122}, {51, -733, 4244}}, {{-2, -9, 7}, {0, -3, 5}}, {0x0F,0x8F,0x01,0x0F,0xE3,0x55,0xD9,0x91,0xD0,0x33,0x3B,0x0D,0x39,0x03,0x94,0xF4,0x94,0x90,0xFF,0xFF,0xFD,0xFF,0x01,0x80,0x06,0x98,0xF4,0x4A,0x08,0x00,0xA0,0xFF,0xBF,0x00,0x60,0x06,0x18,0xE9,0x29,0x21}},
    {3878, 23, 0x0F, 3, 0, {-633544, -798687, -3642803}, {{55, -734, 4243}, {26, -366, 2121}, {52, -734, 4242}}, {{-1, -8, 6}, {-6, -8, 3}}, {0x26,0x7F,0x01,0x0F,0xE3,0x54,0xD9,0x21,0xD0,0xB3,0x49,0x0D,0x79,0x03,0x88,0xF4,0x93,0xD0,0xFF,0x3F,0xFE,0xBF,0x01,0x80,0x06,0x90,0xF4,0x49,0x48,0xFF,0x1F,0xFF,0x7F,0x00,0x80,0x06,0x10,0xE9,0x25,0x21}},
    {3902, 24, 0x0F, 3, 0, {-633624, -798795, -3642731}, {{52, -734, 4241}, {27, -367, 2121}, {54, -732, 4243}}, {{-5, -5, 5}, {-3, -8, 4}}, {0x3E,0x8F,0x01,0x0F,0xA3,0x53,0xD9,0xB5,0xCF,0xB3,0x52,0x0D,0x49,0x03,0x88,0xF4,0x91,0xD0,0xFE,0xFF,0xFE,0x7F,0x01,0xC0,0x06,0x88,0xF4,0x49,0xA8,0xFF,0x1F,0xFF,0x9F,0x00,0xC0,0x06,0x20,0xE9,0x27,0x21}},
    {3926, 24, 0x0F, 3, 0, {-633784, -798903, -3642683}, {{53, -732, 4242}, {26, -367, 2121}, {49, -735, 4239}}, {{0, -6, 3}, {0, -5, 7}}, {0x56,0x8F,0x01,0x0F,0x23,0x51,0xD9,0x49,0xCF,0xB3,0x58,0x0D,0x59,0x03,0x90,0xF4,0x92,0x10,0x00,0x80,0xFE,0xFF,0x00,0x80,0x06,0x88,0xF4,0x49,0x08,0x00,0x60,0xFF,0xFF,0x00,0x20,0x06,0x08,0xE9,0x1F,0x21}},
    {3950, 24, 0x0F, 3, 0, {-633816, -799003, -3642599}, {{52, -733, 4238}, {26, -367, 2122}, {53, -734, 4240}}, {{-5, -4, 6}, {-6, -9, 7}}, {0x6E,0x8F,0x01,0x0F,0xA3,0x50,0xD9,0xE5,0xCE,0x33,0x63,0x0D,0x49,0x03,0x8C,0xF4,0x8E,0xD0,0xFE,0x3F,0xFF,0xBF,0x01,0x80,0x06,0x88,0xF4,0x4A,0x48,0xFF,0xFF,0xFE,0xFF,0x00,0xA0,0x06,0x10,0xE9,0x21,0x21}},
    {3974, 24, 0x0F, 3, 0, {-634024, -799139, -3642479}, {{51, -734, 4240}, {26, -368, 2122}, {55, -731, 4244}}, {{-3, -5, -1}, {0, -5, 6}}, {0x86,0x8F,0x01,0x0F,0x63,0x4D,0xD9,0x5D,0xCE,0x33,0x72,0x0D,0x39,0x03,0x88,0xF4,0x90,0x50,0xFF,0xFF,0xFE,0xFF,0xFF,0xBF,0x06,0x80,0xF4,0x4A,0x08,0x00,0x60,0xFF,0xDF,0x00,0xE0,0x06,0x28,0xE9,0x29,0x21}},
    {3998, 24, 0x0F, 3, 0, {-634120, -799231, -3642419}, {{56, -730, 4241}, {29, -365, 2120}, {53, -732, 4239}}, {{-6, -6, 8}, {-1, -9, 5}}, {0x9E,0x8F,0x01,0x0F,0xE3,0x4B,0xD9,0x01,0xCE,0xB3,0x79,0x0D,0x89,0x03,0x98,0xF4,0x91,0x90,0xFE,0xBF,0xFE,0x3F,0x02,0x40,0x07,0x98,0xF4,0x48,0xE8,0xFF,0xFF,0xFE,0xBF,0x00,0xA0,0x06,0x20,0xE9,0x1F,0x21}},
    {4021, 23, 0x0F, 3, 0, {-634240, -799359, -3642307}, {{52, -733, 4239}, {26, -367, 2120}, {52, -731, 4246}}, {{-2, -9, 9}, {-4, -7, 3}}, {0xB5,0x7F,0x01,0x0F,0x03,0x4A,0xD9,0x81,0xCD,0xB3,0x87,0x0D,0x49,0x03,0x8C,0xF4,0x8F,0x90,0xFF,0xFF,0xFD,0x7F,0x02,0x80,0x06,0x88,0xF4,0x48,0x88,0xFF,0x3F,0xFF,0x7F,0x00,0x80,0x06,0x28,0xE9,0x2D,0x21}},
    {4045, 24, 0x0F, 3, 0, {-634344, -799487, -3642207}, {{55, -732, 4241}, {27, -368, 2120}, {49, -732, 4240}}, {{-4, -6, 5}, {0, -7, 10}}, {0xCD,0x8F,0x01,0x0F,0x63,0x48,0xD9,0x01,0xCD,0x33,0x94,0x0D,0x79,0x03,0x90,0xF4,0x91,0x10,0xFF,0xBF,0xFE,0x7F,0x01,0xC0,0x06,0x80,0xF4,0x48,0x08,0x00,0x20,0xFF,0x5F,0x01,0x20,0x06,0x20,0xE9,0x21,0x21}},
    {4069, 24, 0x0F, 3, 0, {-634432, -799583, -3642071}, {{52, -731, 4242}, {25, -367, 2122}, {52, -733, 4242}}, {{-5, 0, 6}, {-1, -5, 5}}, {0xE5,0x8F,0x01,0x0F,0x03,0x47,0xD9,0xA1,0xCC,0x33,0xA5,0x0D,0x49,0x03,0x94,0xF4,0x92,0xD0,0xFE,0x3F,0x00,0x80,0x01,0x40,0x06,0x88,0xF4,0x4A,0xE8,0xFF,0x7F,0xFF,0xBF,0x00,0x80,0x06,0x18,0xE9,0x25,0x21}},
    {4093, 24, 0x0F, 3, 0, {-634584, -799647, -3642003}, {{51, -733, 4242}, {25, -365, 2121}, {54, -733, 4240}}, {{-3, -10, 4}, {0, -10, 5}}, {0xFD,0x8F,0x01,0x0F,0xA3,0x44,0xD9,0x61,0xCC,0xB3,0xAD,0x0D,0x39,0x03,0x8C,0xF4,0x92,0x50,0xFF,0xBF,0xFD,0x3F,0x01,0x40,0x06,0x98,0xF4,0x49,0x08,0x00,0xC0,0xFE,0xBF,0x00,0xC0,0x06,0x18,0xE9,0x21,0x21}},
    {21, 24, 0x0F, 3, 0, {-634624, -799835, -3641915}, {{57, -731, 4242}, {28, -366, 2121}, {54, -734, 4243}}, {{-3, -4, 1}, {0, -8, 1}}, {0x15,0x80,0x01,0x0F,0x03,0x44,0xD9,0xA5,0xCB,0xB3,0xB8,0x0D,0x99,0x03,0x94,0xF4,0x92,0x50,0xFF,0x3F,0xFF,0x7F,0x00,0x00,0x07,0x90,0xF4,0x49,0x08,0x00,0x00,0xFF,0x3F,0x00,0xC0,0x06,0x10,0xE9,0x27,0x21}},
    {45, 24, 0x0F, 3, 0, {-634672, -799955, -3641879}, {{53, -734, 4241}, {26, -367, 2121}, {51, -733, 4242}}, {{-1, -4, 5}, {-5, -11, 7}}, {0x2D,0x80,0x01,0x0F,0x43,0x43,0xD9,0x2D,0xCB,0x33,0xBD,0x0D,0x59,0x03,0x88,0xF4,0x91,0xD0,0xFF,0x3F,0xFF,0x7F,0x01,0x80,0x06,0x88,0xF4,0x49,0x68,0xFF,0xBF,0xFE,0xFF,0x00,0x60,0x06,0x18,0xE9,0x25,0x21}},
    {68, 23, 0x0F, 3, 0, {-634808, -800087, -3641771}, {{53, -732, 4243}, {27, -367, 2122}, {53, -733, 4243}}, {{-1, -8, 4}, {2, -6, 0}}, {0x44,0x70,0x01,0x0F,0x23,0x41,0xD9,0xA9,0xCA,0xB3,0xCA,0x0D,0x59,0x03,0x90,0xF4,0x93,0xD0,0xFF,0x3F,0xFE,0x3F,0x01,0xC0,0x06,0x88,0xF4,0x4A,0x48,0x00,0x40,0xFF,0x1F,0x00,0xA0,0x06,0x18,0xE9,0x27,0x21}},
    {92, 24, 0x0F, 3, 0, {-634792, -800199, -3641727}, {{53, -732, 4245}, {25, -365, 2123}, {53, -732, 4246}}, {{-3, -9, 5}, {2, -9, -1}}, {0x5C,0x80,0x01,0x0F,0x63,0x41,0xD9,0x39,0xCA,0x33,0xD0,0x0D,0x59,0x03,0x90,0xF4,0x95,0x50,0xFF,0xFF,0xFD,0x7F,0x01,0x40,0x06,0x98,0xF4,0x4B,0x48,0x00,0xE0,0xFE,0xFF,0xFF,0xBF,0x06,0x20,0xE9,0x2D,0x21}},
    {116, 24, 0x0F, 3, 0, {-634832, -800355, -3641671}, {{50, -734, 4247}, {24, -366, 2120}, {51, -735, 4241}}, {{-1, -8, 6}, {-2, -8, 1}}, {0x74,0x80,0x01,0x0F,0xC3,0x40,0xD9,0x9D,0xC9,0x33,0xD7,0x0D,0x29,0x03,0x88,0xF4,0x97,0xD0,0xFF,0x3F,0xFE,0xBF,0x01,0x00,0x06,0x90,0xF4,0x48,0xC8,0xFF,0x1F,0xFF,0x3F,0x00,0x60,0x06,0x08,0xE9,0x23,0x21}},
    {140, 24, 0x0F, 3, 0, {-634904, -800519, -3641567}, {{49, -737, 4242}, {26, -366, 2121}, {52, -733, 4240}}, {{-3, -8, 6}, {-6, -7, 9}}, {0x8C,0x80,0x01,0x0F,0xA3,0x3F,0xD9,0xF9,0xC8,0x33,0xE4,0x0D,0x19,0x03,0x7C,0xF4,0x92,0x50,0xFF,0x3F,0xFE,0xBF,0x01,0x80,0x06,0x90,0xF4,0x49,0x48,0xFF,0x3F,0xFF,0x3F,0x01,0x80,0x06,0x18,0xE9,0x21,0x21}},
    {164, 24, 0x0F, 3, 0, {-635072, -800635, -3641447}, {{54, -733, 4242}, {26, -365, 2122}, {52, -732, 4242}}, {{1, -6, 8}, {1, -6, 4}}, {0xA4,0x80,0x01,0x0F,0x03,0x3D,0xD9,0x85,0xC8,0x33,0xF3,0x0D,0x69,0x03,0x8C,0xF4,0x92,0x50,0x00,0x80,0xFE,0x3F,0x02,0x80,0x06,0x98,0xF4,0x4A,0x28,0x00,0x40,0xFF,0x9F,0x00,0x80,0x06,0x20,0xE9,0x25,0x21}},
    {188, 24, 0x0F, 3, 0, {-635120, -800735, -3641315}, {{53, -733, 4242}, {27, -366, 2122}, {55, -733, 4243}}, {{-2, -7, 8}, {-2, -8, 4}}, {0xBC,0x80,0x01,0x0F,0x43,0x3C,0xD9,0x21,0xC8,0xB3,0x03,0x0E,0x59,0x03,0x8C,0xF4,0x92,0x90,0xFF,0x7F,0xFE,0x3F,0x02,0xC0,0x06,0x90,0xF4,0x4A,0xC8,0xFF,0x1F,0xFF,0x9F,0x00,0xE0,0x06,0x18,0xE9,0x27,0x21}},
    {211, 23, 0x0F, 3, 0, {-635224, -800851, -3641175}, {{52, -735, 4243}, {26, -368, 2122}, {53, -733, 4245}}, {{1, -3, 3}, {-6, -5, 11}}, {0xD3,0x70,0x01,0x0F,0xA3,0x3A,0xD9,0xAD,0xC7,0x33,0x15,0x0E,0x49,0x03,0x84,0xF4,0x93,0x50,0x00,0x40,0xFF,0xFF,0x00,0x80,0x06,0x80,0xF4,0x4A,0x48,0xFF,0x7F,0xFF,0x7F,0x01,0xA0,0x06,0x18,0xE9,0x2B,0x21}},
    {235, 24, 0x0F, 3, 0, {-635312, -800939, -3641099}, {{53, -736, 4245}, {27, -368, 2120}, {55, -734, 4242}}, {{-5, -6, 8}, {-4, -8, 6}}, {0xEB,0x80,0x01,0x0F,0x43,0x39,0xD9,0x55,0xC7,0xB3,0x1E,0x0E,0x59,0x03,0x80,0xF4,0x95,0xD0,0xFE,0xBF,0xFE,0x3F,0x02,0xC0,0x06,0x80,0xF4,0x48,0x88,0xFF,0x1F,0xFF,0xDF,0x00,0xE0,0x06,0x10,0xE9,0x25,0x21}},
    {259, 24, 0x0F, 3, 0, {-635456, -801067, -3640991}, {{53, -732, 4242}, {26, -365, 2122}, {51, -734, 4243}}, {{-5, -8, 5}, {-4, -9, 8}}, {0x03,0x81,0x01,0x0F,0x03,0x37,0xD9,0xD5,0xC6,0x33,0x2C,0x0E,0x59,0x03,0x90,0xF4,0x92,0xD0,0xFE,0x3F,0xFE,0x7F,0x01,0x80,0x06,0x98,0xF4,0x4A,0x88,0xFF,0xFF,0xFE,0x1F,0x01,0x60,0x06,0x10,0xE9,0x27,0x21}},
    {283, 24, 0x0F, 3, 0, {-635584, -801207, -3640883}, {{54, -733, 4240}, {26, -367, 2120}, {54, -732, 4243}}, {{-3, -7, 7}, {-2, -7, 5}}, {0x1B,0x81,0x01,0x0F,0x03,0x35,0xD9,0x49,0xC6,0xB3,0x39,0x0E,0x69,0x03,0x8C,0xF4,0x90,0x50,0xFF,0x7F,0xFE,0xFF,0x01,0x80,0x06,0x88,0xF4,0x48,0xC8,0xFF,0x3F,0xFF,0xBF,0x00,0xC0,0x06,0x20,0xE9,0x27,0x21}},
    {307, 24, 0x0F, 3, 0, {-635688, -801335, -3640791}, {{52, -733, 4248}, {27, -366, 2123}, {54, -733, 4245}}, {{0, -4, -1}, {0, -5, 8}}, {0x33,0x81,0x01,0x0F,0x63,0x33,0xD9,0xC9,0xC5,0x33,0x45,0x0E,0x49,0x03,0x8C,0xF4,0x98,0x10,0x00,0x00,0xFF,0xFF,0xFF,0xFF,0x06,0x90,0xF4,0x4B,0x08,0x00,0x60,0xFF,0x1F,0x01,0xC0,0x06,0x18,0xE9,0x2B,0x21}},
    {330, 23, 0x0F, 3, 0, {-635720, -801443, -3640679}, {{54, -736, 4244}, {27, -368, 2120}, {51, -735, 4245}}, {{-6, -8, 2}, {-2, -7, 2}}, {0x4A,0x71,0x01,0x0F,0xE3,0x32,0xD9,0x5D,0xC5,0x33,0x53,0x0E,0x69,0x03,0x80,0xF4,0x94,0x90,0xFE,0x3F,0xFE,0xBF,0x00,0xC0,0x06,0x80,0xF4,0x48,0xC8,0xFF,0x3F,0xFF,0x5F,0x00,0x60,0x06,0x08,0xE9,0x2B,0x21}},
    {354, 24, 0x0F, 3, 0, {-635864, -801591, -3640643}, {{53, -735, 4244}, {27, -368, 2122}, {54, -734, 4245}}, {{-3, -7, 5}, {-5, -8, 6}}, {0x62,0x81,0x01,0x0F,0xA3,0x30,0xD9,0xC9,0xC4,0xB3,0x57,0x0E,0x59,0x03,0x84,0xF4,0x94,0x50,0xFF,0x7F,0xFE,0x7F,0x01,0xC0,0x06,0x80,0xF4,0x4A,0x68,0xFF,0x1F,0xFF,0xDF,0x00,0xC0,0x06,0x10,0xE9,0x2B,0x21}},
    {378, 24, 0x0F, 3, 0, {-635968, -801727, -3640547}, {{54, -733, 4245}, {26, -367, 2120}, {56, -736, 4244}}, {{-1, -4, 4}, {-3, -6, 5}}, {0x7A,0x81,0x01,0x0F,0x03,0x2F,0xD9,0x41,0xC4,0xB3,0x63,0x0E,0x69,0x03,0x8C,0xF4,0x95,0xD0,0xFF,0x3F,0xFF,0x3F,0x01,0x80,0x06,0x88,0xF4,0x48,0xA8,0xFF,0x5F,0xFF,0xBF,0x00,0x00,0x07,0x00,0xE9,0x29,0x21}},
    {402, 24, 0x0F, 3, 0, {-636080, -801815, -3640455}, {{56, -733, 4245}, {27, -366, 2122}, {56, -731, 4248}}, {{-3, -8, 6}, {-5, -7, 9}}, {0x92,0x81,0x01,0x0F,0x43,0x2D,0xD9,0xE9,0xC3,0x33,0x6F,0x0E,0x89,0x03,0x8C,0xF4,0x95,0x50,0xFF,0x3F,0xFE,0xBF,0x01,0xC0,0x06,0x90,0xF4,0x4A,0x68,0xFF,0x3F,0xFF,0x3F,0x01,0x00,0x07,0x28,0xE9,0x31,0x21}},
    {426, 24, 0x0F, 3, 0, {-636256, -801951, -3640343}, {{51, -734, 4247}, {26, -367, 2121}, {54, -733, 4242}}, {{-5, -9, 2}, {-3, -10, 7}}, {0xAA,0x81,0x01,0x0F,0x83,0x2A,0xD9,0x61,0xC3,0x33,0x7D,0x0E,0x39,0x03,0x88,0xF4,0x97,0xD0,0xFE,0xFF,0xFD,0xBF,0x00,0x80,0x06,0x88,0xF4,0x49,0xA8,0xFF,0xDF,0xFE,0xFF,0x00,0xC0,0x06,0x18,0xE9,0x25,0x21}},
    {450, 24, 0x0F, 3, 0, {-636360, -802107, -3640279}, {{57, -735, 4240}, {27, -367, 2121}, {54, -732, 4245}}, {{-3, -7, 0}, {-5, -6, 2}}, {0xC2,0x81,0x01,0x0F,0xE3,0x28,0xD9,0xC5,0xC2,0x33,0x85,0x0E,0x99,0x03,0x84,0xF4,0x90,0x50,0xFF,0x7F,0xFE,0x3F,0x00,0xC0,0x06,0x88,0xF4,0x49,0x68,0xFF,0x5F,0xFF,0x5F,0x00,0xC0,0x06,0x20,0xE9,0x2B,0x21}},
    {473, 23, 0x0F, 3, 0, {-636472, -802231, -3640235}, {{54, -731, 4246}, {26, -366, 2122}, {56, -731, 4242}}, {{-2, -9, 10}, {-3, -5, 9}}, {0xD9,0x71,0x01,0x0F,0x23,0x27,0xD9,0x49,0xC2,0xB3,0x8A,0x0E,0x69,0x03,0x94,0xF4,0x96,0x90,0xFF,0xFF,0xFD,0xBF,0x02,0x80,0x06,0x90,0xF4,0x4A,0xA8,0xFF,0x7F,0xFF,0x3F,0x01,0x00,0x07,0x28,0xE9,0x25,0x21}},
    {497, 24, 0x0F, 3, 0, {-636584, -802347, -3640107}, {{54, -732, 4244}, {27, -366, 2122}, {52, -731, 4242}}, {{-2, -5, 2}, {-2, -6, 4}}, {0xF1,0x81,0x01,0x0F,0x63,0x25,0xD9,0xD5,0xC1,0xB3,0x9A,0x0E,0x69,0x03,0x90,0xF4,0x94,0x90,0xFF,0xFF,0xFE,0xBF,0x00,0xC0,0x06,0x90,0xF4,0x4A,0xC8,0xFF,0x5F,0xFF,0x9F,0x00,0x80,0x06,0x28,0xE9,0x25,0x21}},
    {521, 24, 0x0F, 3, 0, {-636664, -802455, -3640023}, {{53, -733, 4240}, {27, -367, 2119}, {51, -732, 4241}}, {{-3, -8, 1}, {-4, -9, 7}}, {0x09,0x82,0x01,0x0F,0x23,0x24,0xD9,0x69,0xC1,0x33,0xA5,0x0E,0x59,0x03,0x8C,0xF4,0x90,0x50,0xFF,0x3F,0xFE,0x7F,0x00,0xC0,0x06,0x88,0xF4,0x47,0x88,0xFF,0xFF,0xFE,0xFF,0x00,0x60,0x06,0x20,0xE9,0x23,0x21}},
    {545, 24, 0x0F, 3, 0, {-636768, -802623, -3639967}, {{51, -733, 4242}, {25, -367, 2119}, {51, -734, 4242}}, {{-2, -10, 5}, {-5, -4, 9}}, {0x21,0x82,0x01,0x0F,0x83,0x22,0xD9,0xC1,0xC0,0x33,0xAC,0x0E,0x39,0x03,0x8C,0xF4,0x92,0x90,0xFF,0xBF,0xFD,0x7F,0x01,0x40,0x06,0x88,0xF4,0x47,0x68,0xFF,0x9F,0xFF,0x3F,0x01,0x60,0x06,0x10,0xE9,0x25,0x21}},
    {569, 24, 0x0F, 3, 0, {-636912, -802755, -3639839}, {{52, -734, 4249}, {25, -366, 2121}, {52, -734, 4243}}, {{-4, -9, 2}, {-2, -9, 7}}, {0x39,0x82,0x01,0x0F,0x43,0x20,0xD9,0x3D,0xC0,0x33,0xBC,0x0E,0x49,0x03,0x88,0xF4,0x99,0x10,0xFF,0xFF,0xFD,0xBF,0x00,0x40,0x06,0x90,0xF4,0x49,0xC8,0xFF,0xFF,0xFE,0xFF,0x00,0x80,0x06,0x10,0xE9,0x27,0x21}},
    {593, 24, 0x0F, 3, 0, {-637048, -802919, -3639751}, {{54, -734, 4243}, {26, -365, 2121}, {53, -734, 4241}}, {{-6, -12, 4}, {-4, -10, 3}}, {0x51,0x82,0x01,0x0F,0x23,0x1E,0xD9,0x99,0xBF,0x33,0xC7,0x0E,0x69,0x03,0x88,0xF4,0x93,0x90,0xFE,0x3F,0xFD,0x3F,0x01,0x80,0x06,0x98,0xF4,0x49,0x88,0xFF,0xDF,0xFE,0x7F,0x00,0xA0,0x06,0x10,0xE9,0x23,0x21}},
    {616, 23, 0x0F, 3, 0, {-637152, -803107, -3639651}, {{54, -733, 4240}, {27, -365, 2120}, {51, -733, 4243}}, {{-3, -5, 6}, {-3, -8, 5}}, {0x68,0x72,0x01,0x0F,0x83,0x1C,0xD9,0xDD,0xBE,0xB3,0xD3,0x0E,0x69,0x03,0x8C,0xF4,0x90,0x50,0xFF,0xFF,0xFE,0xBF,0x01,0xC0,0x06,0x98,0xF4,0x48,0xA8,0xFF,0x1F,0xFF,0xBF,0x00,0x60,0x06,0x18,0xE9,0x27,0x21}},
    {640, 24, 0x0F, 3, 0, {-637272, -803231, -3639535}, {{51, -733, 4243}, {26, -366, 2121}, {52, -731, 4240}}, {{-5, -9, 6}, {0, -9, 3}}, {0x80,0x82,0x01,0x0F,0xA3,0x1A,0xD9,0x61,0xBE,0x33,0xE2,0x0E,0x39,0x03,0x8C,0xF4,0x93,0xD0,0xFE,0xFF,0xFD,0xBF,0x01,0x80,0x06,0x90,0xF4,0x49,0x08,0x00,0xE0,0xFE,0x7F,0x00,0x80,0x06,0x28,0xE9,0x21,0x21}},
    {664, 24, 0x0F, 3, 0, {-637344, -803379, -3639435}, {{53, -733, 4241}, {27, -367, 2122}, {54, -734, 4247}}, {{-1, -10, 3}, {-5, -6, 2}}, {0x98,0x82,0x01,0x0F,0x83,0x19,0xD9,0xCD,0xBD,0xB3,0xEE,0x0E,0x59,0x03,0x8C,0xF4,0x91,0xD0,0xFF,0xBF,0xFD,0xFF,0x00,0xC0,0x06,0x88,0xF4,0x4A,0x68,0xFF,0x5F,0xFF,0x5F,0x00,0xC0,0x06,0x10,0xE9,0x2F,0x21}},
    {688, 24, 0x0F, 3, 0, {-637416, -803511, -3639387}, {{52, -734, 4246}, {27, -367, 2121}, {55, -731, 4242}}, {{-2, -6, 9}, {-2, -8, 4}}, {0xB0,0x82,0x01,0x0F,0x63,0x18,0xD9,0x49,0xBD,0xB3,0xF4,0x0E,0x49,0x03,0x88,0xF4,0x96,0x90,0xFF,0xBF,0xFE,0x7F,0x02,0xC0,0x06,0x88,0xF4,0x49,0xC8,0xFF,0x1F,0xFF,0x9F,0x00,0xE0,0x06,0x28,0xE9,0x25,0x21}},
    {712, 24, 0x0F, 3, 0, {-637496, -803639, -3639291}, {{52, -735, 4244}, {26, -368, 2123}, {52, -733, 4245}}, {{-4, -8, 5}, {-3, -8, 0}}, {0xC8,0x82,0x01,0x0F,0x23,0x17,0xD9,0xC9,0xBC,0xB3,0x00,0x0F,0x49,0x03,0x84,0xF4,0x94,0x10,0xFF,0x3F,0xFE,0x7F,0x01,0x80,0x06,0x80,0xF4,0x4B,0xA8,0xFF,0x1F,0xFF,0x1F,0x00,0x80,0x06,0x18,0xE9,0x2B,0x21}},
    {736, 24, 0x0F, 3, 0, {-637592, -803799, -3639247}, {{54, -731, 4245}, {27, -366, 2121}, {55, -730, 4241}}, {{-2, -7, 2}, {-2, -5, 4}}, {0xE0,0x82,0x01,0x0F,0xA3,0x15,0xD9,0x29,0xBC,0x33,0x06,0x0F,0x69,0x03,0x94,0xF4,0x95,0x90,0xFF,0x7F,0xFE,0xBF,0x00,0xC0,0x06,0x90,0xF4,0x49,0xC8,0xFF,0x7F,0xFF,0x9F,0x00,0xE0,0x06,0x30,0xE9,0x23,0x21}},
    {759, 23, 0x0F, 3, 0, {-637648, -803911, -3639163}, {{54, -734, 4242}, {28, -367, 2120}, {53, -735, 4245}}, {{0, -8, 7}, {-3, -6, 2}}, {0xF7,0x72,0x01,0x0F,0xC3,0x14,0xD9,0xB9,0xBB,0xB3,0x10,0x0F,0x69,0x03,0x88,0xF4,0x92,0x10,0x00,0x00,0xFE,0xFF,0x01,0x00,0x07,0x88,0xF4,0x48,0xA8,0xFF,0x5F,0xFF,0x5F,0x00,0xA0,0x06,0x08,0xE9,0x2B,0x21}},
    {783, 24, 0x0F, 3, 0, {-637712, -804015, -3639095}, {{54, -734, 4245}, {27, -366, 2121}, {52, -732, 4245}}, {{-6, -8, 1}, {-1, -8, 7}}, {0x0F,0x83,0x01,0x0F,0xC3,0x13,0xD9,0x51,0xBB,0x33,0x19,0x0F,0x69,0x03,0x88,0xF4,0x95,0x90,0xFE,0x3F,0xFE,0x7F,0x00,0xC0,0x06,0x90,0xF4,0x49,0xE8,0xFF,0x1F,0xFF,0xFF,0x00,0x80,0x06,0x20,0xE9,0x2B,0x21}},
    {807, 24, 0x0F, 3, 0, {-637840, -804151, -3639015}, {{50, -733, 4243}, {26, -366, 2122}, {49, -730, 4246}}, {{-4, -5, 1}, {-1, -9, 2}}, {0x27,0x83,0x01,0x0F,0xC3,0x11,0xD9,0xC9,0xBA,0x33,0x23,0x0F,0x29,0x03,0x8C,0xF4,0x93,0x10,0xFF,0xFF,0xFE,0x7F,0x00,0x80,0x06,0x90,0xF4,0x4A,0xE8,0xFF,0xFF,0xFE,0x5F,0x00,0x20,0x06,0x30,0xE9,0x2D,0x21}},
    {831, 24, 0x0F, 3, 0, {-637904, -804267, -3638975}, {{52, -730, 4244}, {27, -366, 2119}, {49, -731, 4238}}, {{1, -9, 4}, {-2, -11, 4}}, {0x3F,0x83,0x01,0x0F,0xC3,0x10,0xD9,0x55,0xBA,0x33,0x28,0x0F,0x49,0x03,0x98,0xF4,0x94,0x50,0x00,0xC0,0xFD,0x3F,0x01,0xC0,0x06,0x90,0xF4,0x47,0xC8,0xFF,0xBF,0xFE,0x9F,0x00,0x20,0x06,0x28,0xE9,0x1D,0x21}},
    {855, 24, 0x0F, 3, 0, {-637928, -804419, -3638899}, {{51, -734, 4239}, {27, -366, 2121}, {55, -734, 4243}}, {{-4, -5, 2}, {-2, -7, 1}}, {0x57,0x83,0x01,0x0F,0x63,0x10,0xD9,0xBD,0xB9,0xB3,0x31,0x0F,0x39,0x03,0x88,0xF4,0x8F,0x10,0xFF,0xFF,0xFE,0xBF,0x00,0xC0,0x06,0x90,0xF4,0x49,0xC8,0xFF,0x3F,0xFF,0x3F,0x00,0xE0,0x06,0x10,0xE9,0x27,0x21}},
    {879, 24, 0x0F, 3, 0, {-638072, -804535, -3638851}, {{55, -733, 4246}, {28, -366, 2123}, {53, -733, 4241}}, {{-1, -6, 6}, {-2, -8, 6}}, {0x6F,0x83,0x01,0x0F,0x23,0x0E,0xD9,0x49,0xB9,0xB3,0x37,0x0F,0x79,0x03,0x8C,0xF4,0x96,0xD0,0xFF,0xBF,0xFE,0xBF,0x01,0x00,0x07,0x90,0xF4,0x4B,0xC8,0xFF,0x1F,0xFF,0xDF,0x00,0xA0,0x06,0x18,0xE9,0x23,0x21}},
    {902, 23, 0x0F, 3, 0, {-638160, -804639, -3638751}, {{50, -731, 4243}, {25, -366, 2119}, {52, -734, 4241}}, {{-3, -7, 2}, {-3, -6, 6}}, {0x86,0x73,0x01,0x0F,0xC3,0x0C,0xD9,0xE1,0xB8,0x33,0x44,0x0F,0x29,0x03,0x94,0xF4,0x93,0x50,0xFF,0x7F,0xFE,0xBF,0x00,0x40,0x06,0x90,0xF4,0x47,0xA8,0xFF,0x5F,0xFF,0xDF,0x00,0x80,0x06,0x10,0xE9,0x23,0x21}},
    {926, 24, 0x0F, 3, 0, {-638272, -804775, -3638667}, {{53, -734, 4242}, {27, -365, 2124}, {54, -734, 4247}}, {{-5, -6, 4}, {-2, -7, 8}}, {0x9E,0x83,0x01,0x0F,0x03,0x0B,0xD9,0x59,0xB8,0xB3,0x4E,0x0F,0x59,0x03,0x88,0xF4,0x92,0xD0,0xFE,0xBF,0xFE,0x3F,0x01,0xC0,0x06,0x98,0xF4,0x4C,0xC8,0xFF,0x3F,0xFF,0x1F,0x01,0xC0,0x06,0x10,0xE9,0x2F,0x21}},
    {950, 24, 0x0F, 3, 0, {-638408, -804887, -3638567}, {{54, -732, 4248}, {27, -366, 2122}, {53, -731, 4245}}, {{-3, -4, 10}, {-2, -7, 7}}, {0xB6,0x83,0x01,0x0F,0xE3,0x08,0xD9,0xE9,0xB7,0x33,0x5B,0x0F,0x69,0x03,0x90,0xF4,0x98,0x50,0xFF,0x3F,0xFF,0xBF,0x02,0xC0,0x06,0x90,0xF4,0x4A,0xC8,0xFF,0x3F,0xFF,0xFF,0x00,0xA0,0x06,0x28,0xE9,0x2B,0x21}},
    {974, 24, 0x0F, 3, 0, {-638512, -804999, -3638451}, {{53, -733, 4244}, {26, -366, 2119}, {54, -732, 4239}}, {{-6, -8, 4}, {-3, -9, 5}}, {0xCE,0x83,0x01,0x0F,0x43,0x07,0xD9,0x79,0xB7,0xB3,0x69,0x0F,0x59,0x03,0x8C,0xF4,0x94,0x90,0xFE,0x3F,0xFE,0x3F,0x01,0x80,0x06,0x90,0xF4,0x47,0xA8,0xFF,0xFF,0xFE,0xBF,0x00,0xC0,0x06,0x20,0xE9,0x1F,0x21}},
    {998, 24, 0x0F, 3, 0, {-638632, -805151, -3638347}, {{53, -733, 4243}, {27, -368, 2122}, {51, -731, 4243}}, {{-3, -7, 6}, {-3, -6, 5}}, {0xE6,0x83,0x01,0x0F,0x63,0x05,0xD9,0xE1,0xB6,0xB3,0x76,0x0F,0x59,0x03,0x8C,0xF4,0x93,0x50,0xFF,0x7F,0xFE,0xBF,0x01,0xC0,0x06,0x80,0xF4,0x4A,0xA8,0xFF,0x5F,0xFF,0xBF,0x00,0x60,0x06,0x28,0xE9,0x27,0x21}},
    {1022, 24, 0x0F, 3, 0, {-638752, -805271, -3638259}, {{50, -732, 4249}, {24, -366, 2122}, {51, -733, 4241}}, {{-1, -9, 2}, {-2, -8, 4}}, {0xFE,0x83,0x01,0x0F,0x83,0x03,0xD9,0x69,0xB6,0xB3,0x81,0x0F,0x29,0x03,0x90,0xF4,0x99,0xD0,0xFF,0xFF,0xFD,0xBF,0x00,0x00,0x06,0x90,0xF4,0x4A,0xC8,0xFF,0x1F,0xFF,0x9F,0x00,0x60,0x06,0x18,0xE9,0x23,0x21}},
    {1045, 23, 0x0F, 3, 0, {-638784, -805415, -3638167}, {{56, -731, 4244}, {28, -367, 2121}, {50, -734, 4242}}, {{-3, -8, 3}, {-3, -8, 1}}, {0x15,0x74,0x01,0x0F,0x03,0x03,0xD9,0xD9,0xB5,0x33,0x8D,0x0F,0x89,0x03,0x94,0xF4,0x94,0x50,0xFF,0x3F,0xFE,0xFF,0x00,0x00,0x07,0x88,0xF4,0x49,0xA8,0xFF,0x1F,0xFF,0x3F,0x00,0x40,0x06,0x10,0xE9,0x25,0x21}},
    {1069, 24, 0x0F, 3, 0, {-638872, -805543, -3638111}, {{51, -736, 4244}, {25, -367, 2122}, {50, -735, 4242}}, {{-3, -9, 4}, {-4, -9, 0}}, {0x2D,0x84,0x01,0x0F,0xA3,0x01,0xD9,0x59,0xB5,0x33,0x94,0x0F,0x39,0x03,0x80,0xF4,0x94,0x50,0xFF,0xFF,0xFD,0x3F,0x01,0x40,0x06,0x88,0xF4,0x4A,0x88,0xFF,0xFF,0xFE,0x1F,0x00,0x40,0x06,0x08,0xE9,0x25,0x21}},
    {1093, 24, 0x0F, 3, 0, {-638968, -805699, -3638075}, {{50, -732, 4241}, {25, -366, 2121}, {51, -731, 4244}}, {{-1, -8, 8}, {-1, -9, 2}}, {0x45,0x84,0x01,0x0F,0x23,0x00,0xD9,0xBD,0xB4,0xB3,0x98,0x0F,0x29,0x03,0x90,0xF4,0x91,0xD0,0xFF,0x3F,0xFE,0x3F,0x02,0x40,0x06,0x90,0xF4,0x49,0xE8,0xFF,0xFF,0xFE,0x5F,0x00,0x60,0x06,0x28,0xE9,0x29,0x21}},
    {1117, 24, 0x0F, 3, 0, {-639008, -805839, -3637983}, {{53, -732, 4244}, {26, -366, 2122}, {54, -732, 4239}}, {{-3, -7, 4}, {-3, -7, 6}}, {0x5D,0x84,0x01,0x0F,0x83,0xFF,0xD8,0x31,0xB4,0x33,0xA4,0x0F,0x59,0x03,0x90,0xF4,0x94,0x50,0xFF,0x7F,0xFE,0x3F,0x01,0x80,0x06,0x90,0xF4,0x4A,0xA8,0xFF,0x3F,0xFF,0xDF,0x00,0xC0,0x06,0x20,0xE9,0x1F,0x21}},
    {1141, 24, 0x0F, 3, 0, {-639112, -805955, -3637863}, {{51, -732, 4237}, {26, -367, 2119}, {54, -735, 4239}}, {{-1, -7, 7}, {-1, -6, 3}}, {0x75,0x84,0x01,0x0F,0xE3,0xFD,0xD8,0xBD,0xB3,0x33,0xB3,0x0F,0x39,0x03,0x90,0xF4,0x8D,0xD0,0xFF,0x7F,0xFE,0xFF,0x01,0x80,0x06,0x88,0xF4,0x47,0xE8,0xFF,0x5F,0xFF,0x7F,0x00,0xC0,0x06,0x08,0xE9,0x1F,0x21}},
    {1164, 23, 0x0F, 3, 0, {-639176, -806079, -3637791}, {{51, -733, 4244}, {25, -366, 2121}, {47, -735, 4242}}, {{-4, -8, 4}, {-3, -10, 7}}, {0x8C,0x74,0x01,0x0F,0xE3,0xFC,0xD8,0x41,0xB3,0x33,0xBC,0x0F,0x39,0x03,0x8C,0xF4,0x94,0x10,0xFF,0x3F,0xFE,0x3F,0x01,0x40,0x06,0x90,0xF4,0x49,0xA8,0xFF,0xDF,0xFE,0xFF,0x00,0xE0,0x05,0x08,0xE9,0x25,0x21}},
    {641, 24, 0x0F, 3, 0, {-2360, -3271, -4192951}, {{40, -689, 4251}, {20, -345, 2123}, {40, -691, 4246}}, {{-4, -6, 6}, {-6, -5, 3}}, {0x81,0x82,0x01,0x0F,0x23,0xDB,0xFF,0x39,0xF3,0x3F,0xA9,0x00,0x88,0x02,0x3C,0xF5,0x9B,0x10,0xFF,0xBF,0xFE,0xBF,0x01,0x00,0x05,0x38,0xF5,0x4B,0x48,0xFF,0x7F,0xFF,0x7F,0x00,0x00,0x05,0x68,0xEA,0x2D,0x21}},
    {665, 24, 0x0F, 3, 0, {-2488, -3367, -4192879}, {{40, -692, 4245}, {20, -346, 2123}, {38, -691, 4249}}, {{-2, -8, 3}, {-3, -8, -3}}, {0x99,0x82,0x01,0x0F,0x23,0xD9,0xFF,0xD9,0xF2,0x3F,0xB2,0x00,0x88,0x02,0x30,0xF5,0x95,0x90,0xFF,0x3F,0xFE,0xFF,0x00,0x00,0x05,0x30,0xF5,0x4B,0xA8,0xFF,0x1F,0xFF,0xBF,0xFF,0xDF,0x04,0x68,0xEA,0x33,0x21}},
    {689, 24, 0x0F, 3, 0, {-2624, -3483, -4192859}, {{37, -690, 4251}, {19, -344, 2125}, {38, -691, 4249}}, {{-2, -4, 6}, {-3, -8, 0}}, {0xB1,0x82,0x01,0x0F,0x03,0xD7,0xFF,0x65,0xF2,0xBF,0xB4,0x00,0x58,0x02,0x38,0xF5,0x9B,0x90,0xFF,0x3F,0xFF,0xBF,0x01,0xC0,0x04,0x40,0xF5,0x4D,0xA8,0xFF,0x1F,0xFF,0x1F,0x00,0xC0,0x04,0x68,0xEA,0x33,0x21}},
    {712, 23, 0x0F, 3, 0, {-2720, -3607, -4192787}, {{38, -691, 4248}, {19, -344, 2123}, {39, -689, 4248}}, {{0, -8, 4}, {-4, -8, 0}}, {0xC8,0x72,0x01,0x0F,0x83,0xD5,0xFF,0xE9,0xF1,0xBF,0xBD,0x00,0x68,0x02,0x34,0xF5,0x98,0x10,0x00,0x00,0xFE,0x3F,0x01,0xC0,0x04,0x40,0xF5,0x4B,0x88,0xFF,0x1F,0xFF,0x1F,0x00,0xE0,0x04,0x78,0xEA,0x31,0x21}},
    {736, 24, 0x0F, 3, 0, {-2776, -3715, -4192751}, {{41, -689, 4248}, {19, -346, 2126}, {36, -689, 4250}}, {{-7, -8, 1}, {0, -7, 1}}, {0xE0,0x82,0x01,0x0F,0xA3,0xD4,0xFF,0x7D,0xF1,0x3F,0xC2,0x00,0x98,0x02,0x3C,0xF5,0x98,0x50,0xFE,0x3F,0xFE,0x7F,0x00,0xC0,0x04,0x30,0xF5,0x4E,0x08,0x00,0x20,0xFF,0x3F,0x00,0x80,0x04,0x78,0xEA,0x35,0x21}},
    {760, 24, 0x0F, 3, 0, {-2896, -3831, -4192731}, {{40, -691, 4251}, {19, -345, 2127}, {41, -693, 4251}}, {{-1, -6, 5}, {-4, -11, 5}}, {0xF8,0x82,0x01,0x0F,0xC3,0xD2,0xFF,0x09,0xF1,0xBF,0xC4,0x00,0x88,0x02,0x34,0xF5,0x9B,0xD0,0xFF,0xBF,0xFE,0x7F,0x01,0xC0,0x04,0x38,0xF5,0x4F,0x88,0xFF,0xBF,0xFE,0xBF,0x00,0x20,0x05,0x58,0xEA,0x37,0x21}},
    {784, 24, 0x0F, 3, 0, {-2984, -3955, -4192663}, {{40, -690, 4251}, {19, -345, 2125}, {40, -689, 4251}}, {{-2, -7, 3}, {-3, -9, 6}}, {0x10,0x83,0x01,0x0F,0x63,0xD1,0xFF,0x8D,0xF0,0x3F,0xCD,0x00,0x88,0x02,0x38,0xF5,0x9B,0x90,0xFF,0x7F,0xFE,0xFF,0x00,0xC0,0x04,0x38,0xF5,0x4D,0xA8,0xFF,0xFF,0xFE,0xDF,0x00,0x00,0x05,0x78,0xEA,0x37,0x21}},
    {808, 24, 0x0F, 3, 0, {-3104, -4087, -4192579}, {{40, -689, 4252}, {21, -344, 2126}, {40, -690, 4254}}, {{0, -10, 3}, {-5, -9, 1}}, {0x28,0x83,0x01,0x0F,0x83,0xCF,0xFF,0x09,0xF0,0xBF,0xD7,0x00,0x88,0x02,0x3C,0xF5,0x9C,0x10,0x00,0x80,0xFD,0xFF,0x00,0x40,0x05,0x40,0xF5,0x4E,0x68,0xFF,0xFF,0xFE,0x3F,0x00,0x00,0x05,0x70,0xEA,0x3D,0x21}},
    {832, 24, 0x0F, 3, 0, {-3176, -4251, -4192519}, {{38, -691, 4253}, {19, -344, 2125}, {38, -690, 4251}}, {{-4, -10, -1}, {-4, -7, 4}}, {0x40,0x83,0x01,0x0F,0x63,0xCE,0xFF,0x65,0xEF,0x3F,0xDF,0x00,0x68,0x02,0x34,0xF5,0x9D,0x10,0xFF,0xBF,0xFD,0xFF,0xFF,0xFF,0x04,0x40,0xF5,0x4D,0x88,0xFF,0x3F,0xFF,0x9F,0x00,0xC0,0x04,0x70,0xEA,0x37,0x21}},
    {855, 23, 0x0F, 3, 0, {-3280, -4391, -4192507}, {{38, -687, 4253}, {19, -344, 2127}, {37, -690, 4254}}, {{0, -9, -1}, {-3, -10, -5}}, {0x57,0x73,0x01,0x0F,0xC3,0xCC,0xFF,0xD9,0xEE,0xBF,0xE0,0x00,0x68,0x02,0x44,0xF5,0x9D,0x10,0x00,0xC0,0xFD,0xFF,0xFF,0xFF,0x04,0x40,0xF5,0x4F,0xA8,0xFF,0xDF,0xFE,0x7F,0xFF,0xBF,0x04,0x70,0xEA,0x3D,0x21}},
    {879, 24, 0x0F, 3, 0, {-3384, -4543, -4192503}, {{40, -690, 4254}, {20, -345, 2124}, {41, -689, 4251}}, {{-5, -9, 2}, {-5, -10, 2}}, {0x6F,0x83,0x01,0x0F,0x23,0xCB,0xFF,0x41,0xEE,0x3F,0xE1,0x00,0x88,0x02,0x38,0xF5,0x9E,0xD0,0xFE,0xFF,0xFD,0xBF,0x00,0x00,0x05,0x38,0xF5,0x4C,0x68,0xFF,0xDF,0xFE,0x5F,0x00,0x20,0x05,0x78,0xEA,0x37,0x21}},
    {903, 24, 0x0F, 3, 0, {-3544, -4711, -4192467}, {{41, -688, 4251}, {20, -345, 2124}, {40, -692, 4244}}, {{-4, -8, 2}, {-2, -13, 5}}, {0x87,0x83,0x01,0x0F,0xA3,0xC8,0xFF,0x99,0xED,0xBF,0xE5,0x00,0x98,0x02,0x40,0xF5,0x9B,0x10,0xFF,0x3F,0xFE,0xBF,0x00,0x00,0x05,0x38,0xF5,0x4C,0xC8,0xFF,0x7F,0xFE,0xBF,0x00,0x00,0x05,0x60,0xEA,0x29,0x21}},
    {927, 24, 0x0F, 3, 0, {-3696, -4879, -4192415}, {{39, -690, 4245}, {19, -344, 2123}, {37, -690, 4249}}, {{-7, -6, 2}, {-5, -9, 2}}, {0x9F,0x83,0x01,0x0F,0x43,0xC6,0xFF,0xF1,0xEC,0x3F,0xEC,0x00,0x78,0x02,0x38,0xF5,0x95,0x50,0xFE,0xBF,0xFE,0xBF,0x00,0xC0,0x04,0x40,0xF5,0x4B,0x68,0xFF,0xFF,0xFE,0x5F,0x00,0xA0,0x04,0x70,0xEA,0x33,0x21}},
    {951, 24, 0x0F, 3, 0, {-3872, -5019, -4192367}, {{39, -690, 4246}, {20, -344, 2123}, {37, -689, 4244}}, {{-4, -7, 1}, {-2, -7, 2}}, {0xB7,0x83,0x01,0x0F,0x83,0xC3,0xFF,0x65,0xEC,0x3F,0xF2,0x00,0x78,0x02,0x38,0xF5,0x96,0x10,0xFF,0x7F,0xFE,0x7F,0x00,0x00,0x05,0x40,0xF5,0x4B,0xC8,0xFF,0x3F,0xFF,0x5F,0x00,0xA0,0x04,0x78,0xEA,0x29,0x21}},
    {975, 24, 0x0F, 3, 0, {-4000, -5139, -4192339}, {{39, -688, 4246}, {20, -343, 2123}, {38, -689, 4246}}, {{-6, -7, -2}, {-7, -8, 4}}, {0xCF,0x83,0x01,0x0F,0x83,0xC1,0xFF,0xED,0xEB,0xBF,0xF5,0x00,0x78,0x02,0x40,0xF5,0x96,0x90,0xFE,0x7F,0xFE,0xBF,0xFF,0x3F,0x05,0x48,0xF5,0x4B,0x28,0xFF,0x1F,0xFF,0x9F,0x00,0xC0,0x04,0x78,0xEA,0x2D,0x21}},
    {998, 23, 0x0F, 3, 0, {-4184, -5267, -4192307}, {{39, -689, 4247}, {18, -345, 2121}, {36, -688, 4247}}, {{-2, -9, 4}, {-1, -6, 2}}, {0xE6,0x73,0x01,0x0F,0xA3,0xBE,0xFF,0x6D,0xEB,0xBF,0xF9,0x00,0x78,0x02,0x3C,0xF5,0x97,0x90,0xFF,0xFF,0xFD,0x3F,0x01,0x80,0x04,0x38,0xF5,0x49,0xE8,0xFF,0x5F,0xFF,0x5F,0x00,0x80,0x04,0x80,0xEA,0x2F,0x21}},
    {1022, 24, 0x0F, 3, 0, {-4216, -5367, -4192287}, {{37, -689, 4246}, {20, -345, 2124}, {39, -690, 4249}}, {{-2, -2, 0}, {-6, -10, 1}}, {0xFE,0x83,0x01,0x0F,0x23,0xBE,0xFF,0x09,0xEB,0x3F,0xFC,0x00,0x58,0x02,0x3C,0xF5,0x96,0x90,0xFF,0xBF,0xFF,0x3F,0x00,0x00,0x05,0x38,0xF5,0x4C,0x48,0xFF,0xDF,0xFE,0x3F,0x00,0xE0,0x04,0x70,0xEA,0x33,0x21}},
    {1046, 24, 0x0F, 3, 0, {-4336, -5471, -4192267}, {{40, -691, 4247}, {20, -345, 2123}, {37, -690, 4241}}, {{0, -6, 1}, {-2, -6, 2}}, {0x16,0x84,0x01,0x0F,0x43,0xBC,0xFF,0xA1,0xEA,0xBF,0xFE,0x00,0x88,0x02,0x34,0xF5,0x97,0x10,0x00,0x80,0xFE,0x7F,0x00,0x00,0x05,0x38,0xF5,0x4B,0xC8,0xFF,0x5F,0xFF,0x5F,0x00,0xA0,0x04,0x70,0xEA,0x23,0x21}},
    {1070, 24, 0x0F, 3, 0, {-4416, -5595, -4192219}, {{38, -691, 4249}, {21, -346, 2126}, {40, -693, 4249}}, {{-8, -9, 1}, {-5, -8, 8}}, {0x2E,0x84,0x01,0x0F,0x03,0xBB,0xFF,0x25,0xEA,0xBF,0x04,0x01,0x68,0x02,0x34,0xF5,0x99,0x10,0xFE,0xFF,0xFD,0x7F,0x00,0x40,0x05,0x30,0xF5,0x4E,0x68,0xFF,0x1F,0xFF,0x1F,0x01,0x00,0x05,0x58,0xEA,0x33,0x21}},
    {1094, 24, 0x0F, 3, 0, {-4584, -5743, -4192163}, {{39, -691, 4250}, {20, -345, 2125}, {40, -688, 4249}}, {{-3, -4, 4}, {-3, -10, 4}}, {0x46,0x84,0x01,0x0F,0x63,0xB8,0xFF,0x91,0xE9,0xBF,0x0B,0x01,0x78,0x02,0x34,0xF5,0x9A,0x50,0xFF,0x3F,0xFF,0x3F,0x01,0x00,0x05,0x38,0xF5,0x4D,0xA8,0xFF,0xDF,0xFE,0x9F,0x00,0x00,0x05,0x80,0xEA,0x33,0x21}},
    {1118, 24, 0x0F, 3, 0, {-4704, -5879, -4192099}, {{41, -689, 4249}, {21, -345, 2124}, {40, -690, 4253}}, {{-2, -7, 2}, {-6, -11, -1}}, {0x5E,0x84,0x01,0x0F,0x83,0xB6,0xFF,0x09,0xE9,0xBF,0x13,0x01,0x98,0x02,0x3C,0xF5,0x99,0x90,0xFF,0x7F,0xFE,0xBF,0x00,0x40,0x05,0x38,0xF5,0x4C,0x48,0xFF,0xBF,0xFE,0xFF,0xFF,0x1F,0x05,0x70,0xEA,0x3B,0x21}},
    {1141, 23, 0x0F, 3, 0, {-4832, -6003, -4192063}, {{39, -690, 4251}, {19, -345, 2124}, {40, -687, 4246}}, {{-4, -7, 4}, {-5, -10, -1}}, {0x75,0x74,0x01,0x0F,0x83,0xB4,0xFF,0x8D,0xE8,0x3F,0x18,0x01,0x78,0x02,0x38,0xF5,0x9B,0x10,0xFF,0x7F,0xFE,0x3F,0x01,0xC0,0x04,0x38,0xF5,0x4C,0x68,0xFF,0xDF,0xFE,0xFF,0xFF,0x1F,0x05,0x88,0xEA,0x2D,0x21}},
    {1165, 24, 0x0F, 3, 0, {-4968, -6127, -4192019}, {{38, -689, 4248}, {19, -344, 2124}, {38, -688, 4250}}, {{-2, -8, 5}, {-2, -6, 4}}, {0x8D,0x84,0x01,0x0F,0x63,0xB2,0xFF,0x11,0xE8,0xBF,0x1D,0x01,0x68,0x02,0x3C,0xF5,0x98,0x90,0xFF,0x3F,0xFE,0x7F,0x01,0xC0,0x04,0x40,0xF5,0x4C,0xC8,0xFF,0x5F,0xFF,0x9F,0x00,0xC0,0x04,0x80,0xEA,0x35,0x21}},
    {1189, 24, 0x0F, 3, 0, {-5048, -6255, -4191975}, {{38, -688, 4253}, {20, -344, 2126}, {40, -691, 4250}}, {{-5, -9, 5}, {-6, -8, 3}}, {0xA5,0x84,0x01,0x0F,0x23,0xB1,0xFF,0x91,0xE7,0x3F,0x23,0x01,0x68,0x02,0x40,0xF5,0x9D,0xD0,0xFE,0xFF,0xFD,0x7F,0x01,0x00,0x05,0x40,0xF5,0x4E,0x48,0xFF,0x1F,0xFF,0x7F,0x00,0x00,0x05,0x68,0xEA,0x35,0x21}},
    {1213, 24, 0x0F, 3, 0, {-5232, -6379, -4191923}, {{42, -691, 4249}, {20, -345, 2123}, {37, -688, 4245}}, {{-4, -8, 3}, {-3, -7, 6}}, {0xBD,0x84,0x01,0x0F,0x43,0xAE,0xFF,0x15,0xE7,0xBF,0x29,0x01,0xA8,0x02,0x34,0xF5,0x99,0x10,0xFF,0x3F,0xFE,0xFF,0x00,0x00,0x05,0x38,0xF5,0x4B,0xA8,0xFF,0x3F,0xFF,0xDF,0x00,0xA0,0x04,0x80,0xEA,0x2B,0x21}},
    {1237, 24, 0x0F, 3, 0, {-5328, -6495, -4191855}, {{41, -689, 4248}, {21, -345, 2124}, {42, -690, 4251}}, {{-2, -10, 1}, {-6, -9, 7}}, {0xD5,0x84,0x01,0x0F,0xC3,0xAC,0xFF,0xA1,0xE6,0x3F,0x32,0x01,0x98,0x02,0x3C,0xF5,0x98,0x90,0xFF,0xBF,0xFD,0x7F,0x00,0x40,0x05,0x38,0xF5,0x4C,0x48,0xFF,0xFF,0xFE,0xFF,0x00,0x40,0x05,0x70,0xEA,0x37,0x21}},
    {1261, 24, 0x0F, 3, 0, {-5456, -6639, -4191795}, {{40, -690, 4249}, {20, -345, 2126}, {40, -690, 4253}}, {{-1, -6, 0}, {-3, -7, 0}}, {0xED,0x84,0x01,0x0F,0xC3,0xAA,0xFF,0x11,0xE6,0xBF,0x39,0x01,0x88,0x02,0x38,0xF5,0x99,0xD0,0xFF,0xBF,0xFE,0x3F,0x00,0x00,0x05,0x38,0xF5,0x4E,0xA8,0xFF,0x3F,0xFF,0x1F,0x00,0x00,0x05,0x70,0xEA,0x3B,0x21}},
    {1284, 23, 0x0F, 3, 0, {-5568, -6775, -4191779}, {{41, -690, 4252}, {20, -345, 2124}, {38, -690, 4250}}, {{0, -7, 4}, {-3, -9, 5}}, {0x04,0x75,0x01,0x0F,0x03,0xA9,0xFF,0x89,0xE5,0xBF,0x3B,0x01,0x98,0x02,0x38,0xF5,0x9C,0x10,0x00,0x40,0xFE,0x3F,0x01,0x00,0x05,0x38,0xF5,0x4C,0xA8,0xFF,0xFF,0xFE,0xBF,0x00,0xC0,0x04,0x70,0xEA,0x35,0x21}},
    {1308, 24, 0x0F, 3, 0, {-5648, -6907, -4191723}, {{38, -689, 4251}, {20, -346, 2126}, {42, -691, 4252}}, {{-1, -6, 4}, {-4, -8, 3}}, {0x1C,0x85,0x01,0x0F,0xC3,0xA7,0xFF,0x05,0xE5,0xBF,0x42,0x01,0x68,0x02,0x3C,0xF5,0x9B,0xD0,0xFF,0xBF,0xFE,0x3F,0x01,0x00,0x05,0x30,0xF5,0x4E,0x88,0xFF,0x1F,0xFF,0x7F,0x00,0x40,0x05,0x68,0xEA,0x39,0x21}},
    {1332, 24, 0x0F, 3, 0, {-5760, -7035, -4191639}, {{41, -688, 4249}, {20, -344, 2125}, {38, -690, 4250}}, {{-4, -8, 6}, {-5, -8, 4}}, {0x34,0x85,0x01,0x0F,0x03,0xA6,0xFF,0x85,0xE4,0x3F,0x4D,0x01,0x98,0x02,0x40,0xF5,0x99,0x10,0xFF,0x3F,0xFE,0xBF,0x01,0x00,0x05,0x40,0xF5,0x4D,0x68,0xFF,0x1F,0xFF,0x9F,0x00,0xC0,0x04,0x70,0xEA,0x35,0x21}},
    {1356, 24, 0x0F, 3, 0, {-5904, -7163, -4191559}, {{38, -690, 4251}, {20, -345, 2124}, {40, -689, 4249}}, {{-3, -6, 1}, {-2, -9, -1}}, {0x4C,0x85,0x01,0x0F,0xC3,0xA3,0xFF,0x05,0xE4,0x3F,0x57,0x01,0x68,0x02,0x38,0xF5,0x9B,0x50,0xFF,0xBF,0xFE,0x7F,0x00,0x00,0x05,0x38,0xF5,0x4C,0xC8,0xFF,0xFF,0xFE,0xFF,0xFF,0x1F,0x05,0x78,0xEA,0x33,0x21}},
    {1380, 24, 0x0F, 3, 0, {-6016, -7283, -4191539}, {{42, -691, 4246}, {20, -345, 2125}, {40, -690, 4250}}, {{-3, -6, 1}, {-1, -11, 5}}, {0x64,0x85,0x01,0x0F,0x03,0xA2,0xFF,0x8D,0xE3,0xBF,0x59,0x01,0xA8,0x02,0x34,0xF5,0x96,0x50,0xFF,0xBF,0xFE,0x7F,0x00,0x00,0x05,0x38,0xF5,0x4D,0xE8,0xFF,0xBF,0xFE,0xBF,0x00,0x00,0x05,0x70,0xEA,0x35,0x21}},
    {1404, 24, 0x0F, 3, 0, {-6128, -7415, -4191483}, {{40, -688, 4251}, {20, -345, 2124}, {42, -692, 4245}}, {{-3, -8, 1}, {-3, -6, 6}}, {0x7C,0x85,0x01,0x0F,0x43,0xA0,0xFF,0x09,0xE3,0xBF,0x60,0x01,0x88,0x02,0x40,0xF5,0x9B,0x50,0xFF,0x3F,0xFE,0x7F,0x00,0x00,0x05,0x38,0xF5,0x4C,0xA8,0xFF,0x5F,0xFF,0xDF,0x00,0x40,0x05,0x60,0xEA,0x2B,0x21}},
    {1427, 23, 0x0F, 3, 0, {-6216, -7531, -4191419}, {{38, -693, 4248}, {19, -346, 2123}, {37, -692, 4251}}, {{-3, -7, 2}, {-4, -5, 0}}, {0x93,0x75,0x01,0x0F,0xE3,0x9E,0xFF,0x95,0xE2,0xBF,0x68,0x01,0x68,0x02,0x2C,0xF5,0x98,0x50,0xFF,0x7F,0xFE,0xBF,0x00,0xC0,0x04,0x30,0xF5,0x4B,0x88,0xFF,0x7F,0xFF,0x1F,0x00,0xA0,0x04,0x60,0xEA,0x37,0x21}},
    {1451, 24, 0x0F, 3, 0, {-6312, -7627, -4191383}, {{38, -690, 4253}, {19, -345, 2124}, {38, -693, 4248}}, {{-2, -7, 1}, {-2, -5, 2}}, {0xAB,0x85,0x01,0x0F,0x63,0x9D,0xFF,0x35,0xE2,0x3F,0x6D,0x01,0x68,0x02,0x38,0xF5,0x9D,0x90,0xFF,0x7F,0xFE,0x7F,0x00,0xC0,0x04,0x38,0xF5,0x4C,0xC8,0xFF,0x7F,0xFF,0x5F,0x00,0xC0,0x04,0x58,0xEA,0x31,0x21}},
    {1475, 24, 0x0F, 3, 0, {-6352, -7731, -4191347}, {{38, -690, 4245}, {20, -345, 2124}, {40, -690, 4254}}, {{-3, -10, 6}, {-4, -8, 0}}, {0xC3,0x85,0x01,0x0F,0xC3,0x9C,0xFF,0xCD,0xE1,0xBF,0x71,0x01,0x68,0x02,0x38,0xF5,0x95,0x50,0xFF,0xBF,0xFD,0xBF,0x01,0x00,0x05,0x38,0xF5,0x4C,0x88,0xFF,0x1F,0xFF,0x1F,0x00,0x00,0x05,0x70,0xEA,0x3D,0x21}},
    {1499, 24, 0x0F, 3, 0, {-6472, -7875, -4191303}, {{40, -690, 4255}, {20, -347, 2128}, {42, -693, 4253}}, {{-3, -9, 1}, {-2, -8, 3}}, {0xDB,0x85,0x01,0x0F,0xE3,0x9A,0xFF,0x3D,0xE1,0x3F,0x77,0x01,0x88,0x02,0x38,0xF5,0x9F,0x50,0xFF,0xFF,0xFD,0x7F,0x00,0x00,0x05,0x28,0xF5,0x50,0xC8,0xFF,0x1F,0xFF,0x7F,0x00,0x40,0x05,0x58,0xEA,0x3B,0x21}},
    {1523, 24, 0x0F, 3, 0, {-6568, -8007, -4191287}, {{42, -692, 4251}, {20, -345, 2124}, {40, -693, 4252}}, {{-4, -8, 3}, {-5, -11, 3}}, {0xF3,0x85,0x01,0x0F,0x63,0x99,0xFF,0xB9,0xE0,0x3F,0x79,0x01,0xA8,0x02,0x30,0xF5,0x9B,0x10,0xFF,0x3F,0xFE,0xFF,0x00,0x00,0x05,0x38,0xF5,0x4C,0x68,0xFF,0xBF,0xFE,0x7F,0x00,0x00,0x05,0x58,0xEA,0x39,0x21}},
    {1546, 23, 0x0F, 3, 0, {-6712, -8171, -4191243}, {{38, -691, 4254}, {21, -345, 2126}, {42, -693, 4251}}, {{-5, -8, 1}, {-4, -9, 0}}, {0x0A,0x76,0x01,0x0F,0x23,0x97,0xFF,0x15,0xE0,0xBF,0x7E,0x01,0x68,0x02,0x34,0xF5,0x9E,0xD0,0xFE,0x3F,0xFE,0x7F,0x00,0x40,0x05,0x38,0xF5,0x4E,0x88,0xFF,0xFF,0xFE,0x1F,0x00,0x40,0x05,0x58,0xEA,0x37,0x21}},
    {1570, 24, 0x0F, 3, 0, {-6864, -8299, -4191239}, {{44, -692, 4254}, {21, -346, 2127}, {43, -692, 4252}}, {{-4, -7, 2}, {-8, -10, 0}}, {0x22,0x86,0x01,0x0F,0xC3,0x94,0xFF,0x95,0xDF,0x3F,0x7F,0x01,0xC8,0x02,0x30,0xF5,0x9E,0x10,0xFF,0x7F,0xFE,0xBF,0x00,0x40,0x05,0x30,0xF5,0x4F,0x08,0xFF,0xDF,0xFE,0x1F,0x00,0x60,0x05,0x60,0xEA,0x39,0x21}},
    {1594, 24, 0x0F, 3, 0, {-7024, -8423, -4191187}, {{38, -691, 4251}, {19, -346, 2126}, {40, -692, 4250}}, {{-4, -8, 0}, {-5, -7, 5}}, {0x3A,0x86,0x01,0x0F,0x43,0x92,0xFF,0x19,0xDF,0xBF,0x85,0x01,0x68,0x02,0x34,0xF5,0x9B,0x10,0xFF,0x3F,0xFE,0x3F,0x00,0xC0,0x04,0x30,0xF5,0x4E,0x68,0xFF,0x3F,0xFF,0xBF,0x00,0x00,0x05,0x60,0xEA,0x35,0x21}},
    {1618, 24, 0x0F, 3, 0, {-7152, -8547, -4191159}, {{42, -690, 4248}, {21, -345, 2123}, {39, -690, 4253}}, {{0, -8, 1}, {-3, -7, 7}}, {0x52,0x86,0x01,0x0F,0x43,0x90,0xFF,0x9D,0xDE,0x3F,0x89,0x01,0xA8,0x02,0x38,0xF5,0x98,0x10,0x00,0x00,0xFE,0x7F,0x00,0x40,0x05,0x38,0xF5,0x4B,0xA8,0xFF,0x3F,0xFF,0xFF,0x00,0xE0,0x04,0x70,0xEA,0x3B,0x21}},
    {1642, 24, 0x0F, 3, 0, {-7232, -8671, -4191111}, {{38, -689, 4251}, {20, -345, 2125}, {41, -688, 4246}}, {{-4, -3, 2}, {-1, -9, 5}}, {0x6A,0x86,0x01,0x0F,0x03,0x8F,0xFF,0x21,0xDE,0x3F,0x8F,0x01,0x68,0x02,0x3C,0xF5,0x9B,0x10,0xFF,0x7F,0xFF,0xBF,0x00,0x00,0x05,0x38,0xF5,0x4D,0xE8,0xFF,0xFF,0xFE,0xBF,0x00,0x20,0x05,0x80,0xEA,0x2D,0x21}},
    {1666, 24, 0x0F, 3, 0, {-7336, -8799, -4191067}, {{38, -691, 4248}, {19, -345, 2124}, {38, -694, 4251}}, {{-5, -8, 1}, {0, -5, 1}}, {0x82,0x86,0x01,0x0F,0x63,0x8D,0xFF,0xA1,0xDD,0xBF,0x94,0x01,0x68,0x02,0x34,0xF5,0x98,0xD0,0xFE,0x3F,0xFE,0x7F,0x00,0xC0,0x04,0x38,0xF5,0x4C,0x08,0x00,0x60,0xFF,0x3F,0x00,0xC0,0x04,0x50,0xEA,0x37,0x21}},
    {1689, 23, 0x0F, 3, 0, {-7416, -8903, -4191055}, {{37, -691, 4249}, {19, -344, 2121}, {41, -690, 4248}}, {{-4, -10, 4}, {-3, -7, 3}}, {0x99,0x76,0x01,0x0F,0x23,0x8C,0xFF,0x39,0xDD,0x3F,0x96,0x01,0x58,0x02,0x34,0xF5,0x99,0x10,0xFF,0xBF,0xFD,0x3F,0x01,0xC0,0x04,0x40,0xF5,0x49,0xA8,0xFF,0x3F,0xFF,0x7F,0x00,0x20,0x05,0x70,0xEA,0x31,0x21}},
    {1713, 24, 0x0F, 3, 0, {-7536, -9023, -4190999}, {{42, -690, 4248}, {21, -345, 2124}, {39, -690, 4248}}, {{-2, -9, 3}, {-3, -9, 6}}, {0xB1,0x86,0x01,0x0F,0x43,0x8A,0xFF,0xC1,0xDC,0x3F,0x9D,0x01,0xA8,0x02,0x38,0xF5,0x98,0x90,0xFF,0xFF,0xFD,0xFF,0x00,0x40,0x05,0x38,0xF5,0x4C,0xA8,0xFF,0xFF,0xFE,0xDF,0x00,0xE0,0x04,0x70,0xEA,0x31,0x21}},
    {1737, 24, 0x0F, 3, 0, {-7552, -9167, -4190915}, {{38, -692, 4250}, {21, -345, 2125}, {39, -690, 4253}}, {{-3, -8, 4}, {-2, -6, 1}}, {0xC9,0x86,0x01,0x0F,0x03,0x8A,0xFF,0x31,0xDC,0xBF,0xA7,0x01,0x68,0x02,0x30,0xF5,0x9A,0x50,0xFF,0x3F,0xFE,0x3F,0x01,0x40,0x05,0x38,0xF5,0x4D,0xC8,0xFF,0x5F,0xFF,0x3F,0x00,0xE0,0x04,0x70,0xEA,0x3B,0x21}},
    {1761, 24, 0x0F, 3, 0, {-7632, -9287, -4190859}, {{37, -691, 4251}, {18, -346, 2126}, {37, -690, 4252}}, {{-3, -6, 5}, {-1, -8, 9}}, {0xE1,0x86,0x01,0x0F,0xC3,0x88,0xFF,0xB9,0xDB,0xBF,0xAE,0x01,0x58,0x02,0x34,0xF5,0x9B,0x50,0xFF,0xBF,0xFE,0x7F,0x01,0x80,0x04,0x30,0xF5,0x4E,0xE8,0xFF,0x1F,0xFF,0x3F,0x01,0xA0,0x04,0x70,0xEA,0x39,0x21}},
    {1785, 24, 0x0F, 3, 0, {-7704, -9415, -4190755}, {{40, -692, 4256}, {20, -346, 2127}, {41, -692, 4252}}, {{-7, -8, 3}, {-4, -8, 6}}, {0xF9,0x86,0x01,0x0F,0xA3,0x87,0xFF,0x39,0xDB,0xBF,0xBB,0x01,0x88,0x02,0x30,0xF5,0xA0,0x50,0xFE,0x3F,0xFE,0xFF,0x00,0x00,0x05,0x30,0xF5,0x4F,0x88,0xFF,0x1F,0xFF,0xDF,0x00,0x20,0x05,0x60,0xEA,0x39,0x21}},
    {1809, 24, 0x0F, 3, 0, {-7880, -9543, -4190715}, {{40, -691, 4250}, {20, -345, 2127}, {38, -691, 4253}}, {{-2, -6, -2}, {-5, -7, 5}}, {0x11,0x87,0x01,0x0F,0xE3,0x84,0xFF,0xB9,0xDA,0xBF,0xC0,0x01,0x88,0x02,0x34,0xF5,0x9A,0x90,0xFF,0xBF,0xFE,0xBF,0xFF,0x3F,0x05,0x38,0xF5,0x4F,0x68,0xFF,0x3F,0xFF,0xBF,0x00,0xC0,0x04,0x68,0xEA,0x3B,0x21}},
    {1832, 23, 0x0F, 3, 0, {-8008, -9655, -4190687}, {{40, -688, 4251}, {19, -345, 2126}, {39, -691, 4250}}, {{-4, -8, 3}, {-2, -8, 2}}, {0x28,0x77,0x01,0x0F,0xE3,0x82,0xFF,0x49,0xDA,0x3F,0xC4,0x01,0x88,0x02,0x40,0xF5,0x9B,0x10,0xFF,0x3F,0xFE,0xFF,0x00,0xC0,0x04,0x38,0xF5,0x4E,0xC8,0xFF,0x1F,0xFF,0x5F,0x00,0xE0,0x04,0x68,0xEA,0x35,0x21}},
    {1856, 24, 0x0F, 3, 0, {-8088, -9759, -4190647}, {{40, -690, 4252}, {20, -345, 2125}, {40, -687, 4253}}, {{-6, -6, -4}, {-2, -7, 3}}, {0x40,0x87,0x01,0x0F,0xA3,0x81,0xFF,0xE1,0xD9,0x3F,0xC9,0x01,0x88,0x02,0x38,0xF5,0x9C,0x90,0xFE,0xBF,0xFE,0x3F,0xFF,0x3F,0x05,0x38,0xF5,0x4D,0xC8,0xFF,0x3F,0xFF,0x7F,0x00,0x00,0x05,0x88,0xEA,0x3B,0x21}},
    {1880, 24, 0x0F, 3, 0, {-8208, -9887, -4190659}, {{38, -688, 4253}, {20, -346, 2124}, {41, -690, 4246}}, {{-3, -8, 1}, {-4, -9, 5}}, {0x58,0x87,0x01,0x0F,0xC3,0x7F,0xFF,0x61,0xD9,0xBF,0xC7,0x01,0x68,0x02,0x40,0xF5,0x9D,0x50,0xFF,0x3F,0xFE,0x7F,0x00,0x00,0x05,0x30,0xF5,0x4C,0x88,0xFF,0xFF,0xFE,0xBF,0x00,0x20,0x05,0x70,0xEA,0x2D,0x21}},
    {1904, 24, 0x0F, 3, 0, {-8320, -10027, -4190599}, {{38, -690, 4250}, {19, -345, 2126}, {39, -691, 4256}}, {{-2, -8, 4}, {-5, -9, 6}}, {0x70,0x87,0x01,0x0F,0x03,0x7E,0xFF,0xD5,0xD8,0x3F,0xCF,0x01,0x68,0x02,0x38,0xF5,0x9A,0x90,0xFF,0x3F,0xFE,0x3F,0x01,0xC0,0x04,0x38,0xF5,0x4E,0x68,0xFF,0xFF,0xFE,0xDF,0x00,0xE0,0x04,0x68,0xEA,0x41,0x21}},
    {1928, 24, 0x0F, 3, 0, {-8432, -10147, -4190555}, {{37, -691, 4250}, {18, -345, 2124}, {34, -693, 4250}}, {{-4, -8, 4}, {-3, -8, 5}}, {0x88,0x87,0x01,0x0F,0x43,0x7C,0xFF,0x5D,0xD8,0xBF,0xD4,0x01,0x58,0x02,0x34,0xF5,0x9A,0x10,0xFF,0x3F,0xFE,0x3F,0x01,0x80,0x04,0x38,0xF5,0x4C,0xA8,0xFF,0x1F,0xFF,0xBF,0x00,0x40,0x04,0x58,0xEA,0x35,0x21}},
    {1952, 24, 0x0F, 3, 0, {-8520, -10291, -4190487}, {{37, -691, 4253}, {21, -345, 2126}, {41, -691, 4250}}, {{3, -8, 0}, {-5, -11, 7}}, {0xA0,0x87,0x01,0x0F,0xE3,0x7A,0xFF,0xCD,0xD7,0x3F,0xDD,0x01,0x58,0x02,0x34,0xF5,0x9D,0xD0,0x00,0x00,0xFE,0x3F,0x00,0x40,0x05,0x38,0xF5,0x4E,0x68,0xFF,0xBF,0xFE,0xFF,0x00,0x20,0x05,0x68,0xEA,0x35,0x21}},
    {1975, 23, 0x0F, 3, 0, {-8560, -10439, -4190411}, {{39, -689, 4249}, {18, -346, 2122}, {40, -694, 4246}}, {{-2, -6, 4}, {0, -7, 4}}, {0xB7,0x77,0x01,0x0F,0x43,0x7A,0xFF,0x39,0xD7,0xBF,0xE6,0x01,0x78,0x02,0x3C,0xF5,0x99,0x90,0xFF,0xBF,0xFE,0x3F,0x01,0x80,0x04,0x30,0xF5,0x4A,0x08,0x00,0x20,0xFF,0x9F,0x00,0x00,0x05,0x50,0xEA,0x2D,0x21}},
    {1999, 24, 0x0F, 3, 0, {-8632, -10551, -4190351}, {{41, -689, 4248}, {20, -345, 2123}, {39, -688, 4247}}, {{-4, -7, 3}, {-2, -12, 6}}, {0xCF,0x87,0x01,0x0F,0x23,0x79,0xFF,0xC9,0xD6,0x3F,0xEE,0x01,0x98,0x02,0x3C,0xF5,0x98,0x10,0xFF,0x7F,0xFE,0xFF,0x00,0x00,0x05,0x38,0xF5,0x4B,0xC8,0xFF,0x9F,0xFE,0xDF,0x00,0xE0,0x04,0x80,0xEA,0x2F,0x21}},
    {2023, 24, 0x0F, 3, 0, {-8672, -10699, -4190255}, {{40, -687, 4246}, {20, -343, 2124}, {38, -688, 4252}}, {{-3, -8, 2}, {-5, -9, 3}}, {0xE7,0x87,0x01,0x0F,0x83,0x78,0xFF,0x35,0xD6,0x3F,0xFA,0x01,0x88,0x02,0x44,0xF5,0x96,0x50,0xFF,0x3F,0xFE,0xBF,0x00,0x00,0x05,0x48,0xF5,0x4C,0x68,0xFF,0xFF,0xFE,0x7F,0x00,0xC0,0x04,0x80,0xEA,0x39,0x21}},
    {2047, 24, 0x0F, 3, 0, {-8800, -10831, -4190199}, {{37, -690, 4251}, {19, -345, 2127}, {39, -691, 4252}}, {{-1, -10, 0}, {-4, -3, 8}}, {0xFF,0x87,0x01,0x0F,0x83,0x76,0xFF,0xB1,0xD5,0x3F,0x01,0x02,0x58,0x02,0x38,0xF5,0x9B,0xD0,0xFF,0xBF,0xFD,0x3F,0x00,0xC0,0x04,0x38,0xF5,0x4F,0x88,0xFF,0xBF,0xFF,0x1F,0x01,0xE0,0x04,0x68,0xEA,0x39,0x21}},
    {2071, 24, 0x0F, 3, 0, {-8920, -10951, -4190167}, {{38, -691, 4252}, {19, -344, 2124}, {40, -688, 4247}}, {{-4, -5, -3}, {-6, -5, 3}}, {0x17,0x88,0x01,0x0F,0xA3,0x74,0xFF,0x39,0xD5,0x3F,0x05,0x02,0x68,0x02,0x34,0xF5,0x9C,0x10,0xFF,0xFF,0xFE,0x7F,0xFF,0xFF,0x04,0x40,0xF5,0x4C,0x48,0xFF,0x7F,0xFF,0x7F,0x00,0x00,0x05,0x80,0xEA,0x2F,0x21}},
    {2095, 24, 0x0F, 3, 0, {-9040, -11051, -4190139}, {{38, -688, 4248}, {20, -344, 2124}, {40, -690, 4248}}, {{-6, -5, 2}, {-5, -8, 3}}, {0x2F,0x88,0x01,0x0F,0xC3,0x72,0xFF,0xD5,0xD4,0xBF,0x08,0x02,0x68,0x02,0x40,0xF5,0x98,0x90,0xFE,0xFF,0xFE,0xBF,0x00,0x00,0x05,0x40,0xF5,0x4C,0x68,0xFF,0x1F,0xFF,0x7F,0x00,0x00,0x05,0x70,0xEA,0x31,0x21}},
    {2118, 23, 0x0F, 3, 0, {-9192, -11159, -4190059}, {{40, -691, 4249}, {19, -345, 2126}, {41, -689, 4254}}, {{-6, -9, 4}, {-4, -7, 1}}, {0x46,0x78,0x01,0x0F,0x63,0x70,0xFF,0x69,0xD4,0xBF,0x12,0x02,0x88,0x02,0x34,0xF5,0x99,0x90,0xFE,0xFF,0xFD,0x3F,0x01,0xC0,0x04,0x38,0xF5,0x4E,0x88,0xFF,0x3F,0xFF,0x3F,0x00,0x20,0x05,0x78,0xEA,0x3D,0x21}},
    {2142, 24, 0x0F, 3, 0, {-9328, -11279, -4189999}, {{38, -693, 4253}, {19, -345, 2126}, {38, -691, 4249}}, {{-4, -5, 4}, {-2, -8, 2}}, {0x5E,0x88,0x01,0x0F,0x43,0x6E,0xFF,0xF1,0xD3,0x3F,0x1A,0x02,0x68,0x02,0x2C,0xF5,0x9D,0x10,0xFF,0xFF,0xFE,0x3F,0x01,0xC0,0x04,0x38,0xF5,0x4E,0xC8,0xFF,0x1F,0xFF,0x5F,0x00,0xC0,0x04,0x68,0xEA,0x33,0x21}},
    {2166, 24, 0x0F, 3, 0, {-9424, -11391, -4189943}, {{38, -687, 4250}, {19, -345, 2125}, {39, -690, 4250}}, {{-5, -8, 2}, {-4, -2, 2}}, {0x76,0x88,0x01,0x0F,0xC3,0x6C,0xFF,0x81,0xD3,0x3F,0x21,0x02,0x68,0x02,0x44,0xF5,0x9A,0xD0,0xFE,0x3F,0xFE,0xBF,0x00,0xC0,0x04,0x38,0xF5,0x4D,0x88,0xFF,0xDF,0xFF,0x5F,0x00,0xE0,0x04,0x70,0xEA,0x35,0x21}},
    {2190, 24, 0x0F, 3, 0, {-9576, -11479, -4189911}, {{40, -691, 4249}, {19, -344, 2126}, {36, -687, 4250}}, {{-2, -9, 4}, {-5, -8, 7}}, {0x8E,0x88,0x01,0x0F,0x63,0x6A,0xFF,0x29,0xD3,0x3F,0x25,0x02,0x88,0x02,0x34,0xF5,0x99,0x90,0xFF,0xFF,0xFD,0x3F,0x01,0xC0,0x04,0x40,0xF5,0x4E,0x68,0xFF,0x1F,0xFF,0xFF,0x00,0x80,0x04,0x88,0xEA,0x35,0x21}},
    {2214, 24, 0x0F, 3, 0, {-9720, -11599, -4189811}, {{37, -689, 4253}, {19, -346, 2127}, {40, -692, 4251}}, {{-1, -7, 3}, {-6, -7, 8}}, {0xA6,0x88,0x01,0x0F,0x23,0x68,0xFF,0xB1,0xD2,0xBF,0x31,0x02,0x58,0x02,0x3C,0xF5,0x9D,0xD0,0xFF,0x7F,0xFE,0xFF,0x00,0xC0,0x04,0x30,0xF5,0x4F,0x48,0xFF,0x3F,0xFF,0x1F,0x01,0x00,0x05,0x60,0xEA,0x37,0x21}},
    {2238, 24, 0x0F, 3, 0, {-9816, -11731, -4189743}, {{38, -693, 4255}, {20, -345, 2124}, {40, -690, 4252}}, {{-3, -7, 4}, {-3, -5, 4}}, {0xBE,0x88,0x01,0x0F,0xA3,0x66,0xFF,0x2D,0xD2,0x3F,0x3A,0x02,0x68,0x02,0x2C,0xF5,0x9F,0x50,0xFF,0x7F,0xFE,0x3F,0x01,0x00,0x05,0x38,0xF5,0x4C,0xA8,0xFF,0x7F,0xFF,0x9F,0x00,0x00,0x05,0x70,0xEA,0x39,0x21}},
    {2261, 23, 0x0F, 3, 0, {-9968, -11839, -4189671}, {{41, -692, 4253}, {19, -345, 2126}, {38, -691, 4254}}, {{-8, -9, 2}, {-3, -9, 4}}, {0xD5,0x78,0x01,0x0F,0x43,0x64,0xFF,0xC1,0xD1,0x3F,0x43,0x02,0x98,0x02,0x30,0xF5,0x9D,0x10,0xFE,0xFF,0xFD,0xBF,0x00,0xC0,0x04,0x38,0xF5,0x4E,0xA8,0xFF,0xFF,0xFE,0x9F,0x00,0xC0,0x04,0x68,0xEA,0x3D,0x21}},
    {2285, 24, 0x0F, 3, 0, {-10128, -11987, -4189619}, {{38, -691, 4250}, {19, -346, 2125}, {36, -691, 4248}}, {{0, -8, 5}, {2, -10, 6}}, {0xED,0x88,0x01,0x0F,0xC3,0x61,0xFF,0x2D,0xD1,0xBF,0x49,0x02,0x68,0x02,0x34,0xF5,0x9A,0x10,0x00,0x00,0xFE,0x7F,0x01,0xC0,0x04,0x30,0xF5,0x4D,0x48,0x00,0xC0,0xFE,0xDF,0x00,0x80,0x04,0x68,0xEA,0x31,0x21}},
    {2309, 24, 0x0F, 3, 0, {-10144, -12151, -4189547}, {{40, -689, 4250}, {21, -345, 2124}, {40, -692, 4249}}, {{-3, -11, 6}, {-2, -7, 5}}, {0x05,0x89,0x01,0x0F,0x83,0x61,0xFF,0x89,0xD0,0xBF,0x52,0x02,0x88,0x02,0x3C,0xF5,0x9A,0x50,0xFF,0x7F,0xFD,0xBF,0x01,0x40,0x05,0x38,0xF5,0x4C,0xC8,0xFF,0x3F,0xFF,0xBF,0x00,0x00,0x05,0x60,0xEA,0x33,0x21}},
    {2333, 24, 0x0F, 3, 0, {-10240, -12291, -4189455}, {{37, -691, 4249}, {19, -345, 2124}, {36, -689, 4254}}, {{-6, -11, 4}, {-5, -9, 3}}, {0x1D,0x89,0x01,0x0F,0x03,0x60,0xFF,0xFD,0xCF,0x3F,0x5E,0x02,0x58,0x02,0x34,0xF5,0x99,0x90,0xFE,0x7F,0xFD,0x3F,0x01,0xC0,0x04,0x38,0xF5,0x4C,0x68,0xFF,0xFF,0xFE,0x7F,0x00,0x80,0x04,0x78,0xEA,0x3D,0x21}},
    {2357, 24, 0x0F, 3, 0, {-10408, -12463, -4189411}, {{38, -690, 4250}, {20, -346, 2125}, {39, -690, 4253}}, {{-3, -11, 2}, {-8, -9, 5}}, {0x35,0x89,0x01,0x0F,0x63,0x5D,0xFF,0x51,0xCF,0xBF,0x63,0x02,0x68,0x02,0x38,0xF5,0x9A,0x50,0xFF,0x7F,0xFD,0xBF,0x00,0x00,0x05,0x30,0xF5,0x4D,0x08,0xFF,0xFF,0xFE,0xBF,0x00,0xE0,0x04,0x70,0xEA,0x3B,0x21}},
    {2380, 23, 0x0F, 3, 0, {-10584, -12627, -4189339}, {{41, -690, 4251}, {21, -345, 2125}, {39, -691, 4250}}, {{-2, -8, 1}, {-4, -9, -1}}, {0x4C,0x79,0x01,0x0F,0xA3,0x5A,0xFF,0xAD,0xCE,0xBF,0x6C,0x02,0x98,0x02,0x38,0xF5,0x9B,0x90,0xFF,0x3F,0xFE,0x7F,0x00,0x40,0x05,0x38,0xF5,0x4D,0x88,0xFF,0xFF,0xFE,0xFF,0xFF,0xFF,0x04,0x68,0xEA,0x35,0x21}},
    {2404, 24, 0x0F, 3, 0, {-10632, -12763, -4189303}, {{39, -690, 4250}, {20, -345, 2125}, {41, -691, 4250}}, {{-3, -7, 7}, {-4, -7, 6}}, {0x64,0x89,0x01,0x0F,0xE3,0x59,0xFF,0x25,0xCE,0x3F,0x71,0x02,0x78,0x02,0x38,0xF5,0x9A,0x50,0xFF,0x7F,0xFE,0xFF,0x01,0x00,0x05,0x38,0xF5,0x4D,0x88,0xFF,0x3F,0xFF,0xDF,0x00,0x20,0x05,0x68,0xEA,0x35,0x21}},
    {2428, 24, 0x0F, 3, 0, {-10736, -12879, -4189207}, {{41, -690, 4251}, {19, -345, 2123}, {36, -686, 4250}}, {{-6, -7, 4}, {-5, -7, 7}}, {0x7C,0x89,0x01,0x0F,0x43,0x58,0xFF,0xB1,0xCD,0x3F,0x7D,0x02,0x98,0x02,0x38,0xF5,0x9B,0x90,0xFE,0x7F,0xFE,0x3F,0x01,0xC0,0x04,0x38,0xF5,0x4B,0x68,0xFF,0x3F,0xFF,0xFF,0x00,0x80,0x04,0x90,0xEA,0x35,0x21}},
    {2452, 24, 0x0F, 3, 0, {-10880, -12983, -4189119}, {{40, -689, 4250}, {21, -345, 2125}, {39, -691, 4251}}, {{-5, -5, 2}, {-5, -11, 2}}, {0x94,0x89,0x01,0x0F,0x03,0x56,0xFF,0x49,0xCD,0x3F,0x88,0x02,0x88,0x02,0x3C,0xF5,0x9A,0xD0,0xFE,0xFF,0xFE,0xBF,0x00,0x40,0x05,0x38,0xF5,0x4D,0x68,0xFF,0xBF,0xFE,0x5F,0x00,0xE0,0x04,0x68,0xEA,0x37,0x21}},
    {2476, 24, 0x0F, 3, 0, {-11000, -13107, -4189079}, {{41, -690, 4251}, {19, -345, 2124}, {38, -691, 4249}}, {{-3, -8, 1}, {-5, -6, 0}}, {0xAC,0x89,0x01,0x0F,0x23,0x54,0xFF,0xCD,0xCC,0x3F,0x8D,0x02,0x98,0x02,0x38,0xF5,0x9B,0x50,0xFF,0x3F,0xFE,0x7F,0x00,0xC0,0x04,0x38,0xF5,0x4C,0x68,0xFF,0x5F,0xFF,0x1F,0x00,0xC0,0x04,0x68,0xEA,0x33,0x21}},
    {2500, 24, 0x0F, 3, 0, {-11104, -13215, -4189043}, {{37, -692, 4252}, {18, -346, 2124}, {37, -691, 4250}}, {{-2, -8, 0}, {-3, -6, 5}}, {0xC4,0x89,0x01,0x0F,0x83,0x52,0xFF,0x61,0xCC,0xBF,0x91,0x02,0x58,0x02,0x30,0xF5,0x9C,0x90,0xFF,0x3F,0xFE,0x3F,0x00,0x80,0x04,0x30,0xF5,0x4C,0xA8,0xFF,0x5F,0xFF,0xBF,0x00,0xA0,0x04,0x68,0xEA,0x35,0x21}},
    {2523, 23, 0x0F, 3, 0, {-11184, -13339, -4189003}, {{36, -690, 4252}, {18, -345, 2125}, {34, -688, 4253}}, {{-3, -7, 3}, {-3, -8, 4}}, {0xDB,0x79,0x01,0x0F,0x43,0x51,0xFF,0xE5,0xCB,0xBF,0x96,0x02,0x48,0x02,0x38,0xF5,0x9C,0x50,0xFF,0x7F,0xFE,0xFF,0x00,0x80,0x04,0x38,0xF5,0x4D,0xA8,0xFF,0x1F,0xFF,0x9F,0x00,0x40,0x04,0x80,0xEA,0x3B,0x21}},
    {2547, 24, 0x0F, 3, 0, {-11272, -13459, -4188963}, {{38, -691, 4252}, {20, -347, 2123}, {42, -693, 4247}}, {{-5, -7, -1}, {-4, -8, 2}}, {0xF3,0x89,0x01,0x0F,0xE3,0x4F,0xFF,0x6D,0xCB,0xBF,0x9B,0x02,0x68,0x02,0x34,0xF5,0x9C,0xD0,0xFE,0x7F,0xFE,0xFF,0xFF,0x3F,0x05,0x28,0xF5,0x4B,0x88,0xFF,0x1F,0xFF,0x5F,0x00,0x40,0x05,0x58,0xEA,0x2F,0x21}},
    {2571, 24, 0x0F, 3, 0, {-11416, -13579, -4188931}, {{39, -692, 4247}, {19, -346, 2125}, {39, -689, 4254}}, {{-4, -8, 7}, {-4, -10, 8}}, {0x0B,0x8A,0x01,0x0F,0xA3,0x4D,0xFF,0xF5,0xCA,0xBF,0x9F,0x02,0x78,0x02,0x30,0xF5,0x97,0x10,0xFF,0x3F,0xFE,0xFF,0x01,0xC0,0x04,0x30,0xF5,0x4D,0x88,0xFF,0xDF,0xFE,0x1F,0x01,0xE0,0x04,0x78,0xEA,0x3D,0x21}},
    {2595, 24, 0x0F, 3, 0, {-11568, -13735, -4188831}, {{39, -690, 4254}, {20, -345, 2125}, {41, -691, 4251}}, {{-3, -9, 0}, {-3, -5, 2}}, {0x23,0x8A,0x01,0x0F,0x43,0x4B,0xFF,0x59,0xCA,0x3F,0xAC,0x02,0x78,0x02,0x38,0xF5,0x9E,0x50,0xFF,0xFF,0xFD,0x3F,0x00,0x00,0x05,0x38,0xF5,0x4D,0xA8,0xFF,0x7F,0xFF,0x5F,0x00,0x20,0x05,0x68,0xEA,0x37,0x21}},
    {2619, 24, 0x0F, 3, 0, {-11656, -13871, -4188819}, {{42, -689, 4249}, {21, -345, 2125}, {43, -689, 4249}}, {{-7, -10, 1}, {-6, -9, 2}}, {0x3B,0x8A,0x01,0x0F,0xE3,0x49,0xFF,0xD1,0xC9,0xBF,0xAD,0x02,0xA8,0x02,0x3C,0xF5,0x99,0x50,0xFE,0xBF,0xFD,0x7F,0x00,0x40,0x05,0x38,0xF5,0x4D,0x48,0xFF,0xFF,0xFE,0x5F,0x00,0x60,0x05,0x78,0xEA,0x33,0x21}},
    {2643, 24, 0x0F, 3, 0, {-11848, -14027, -4188779}, {{41, -692, 4245}, {21, -346, 2125}, {40, -694, 4250}}, {{-4, -10, -1}, {-3, -4, 1}}, {0x53,0x8A,0x01,0x0F,0xE3,0x46,0xFF,0x35,0xC9,0xBF,0xB2,0x02,0x98,0x02,0x30,0xF5,0x95,0x10,0xFF,0xBF,0xFD,0xFF,0xFF,0x7F,0x05,0x30,0xF5,0x4D,0xA8,0xFF,0x9F,0xFF,0x3F,0x00,0x00,0x05,0x50,0xEA,0x35,0x21}},
    {2666, 23, 0x0F, 3, 0, {-11984, -14155, -4188735}, {{40, -692, 4251}, {20, -346, 2124}, {39, -689, 4251}}, {{1, -7, -3}, {1, -7, 5}}, {0x6A,0x7A,0x01,0x0F,0xC3,0x44,0xFF,0xB5,0xC8,0x3F,0xB8,0x02,0x88,0x02,0x30,0xF5,0x9B,0x50,0x00,0x40,0xFE,0x7F,0xFF,0x3F,0x05,0x30,0xF5,0x4C,0x28,0x00,0x20,0xFF,0xBF,0x00,0xE0,0x04,0x78,0xEA,0x37,0x21}},
    {2690, 24, 0x0F, 3, 0, {-12024, -14263, -4188683}, {{41, -689, 4252}, {20, -345, 2126}, {41, -690, 4250}}, {{-1, -4, 3}, {0, -9, 8}}, {0x82,0x8A,0x01,0x0F,0x23,0x44,0xFF,0x49,0xC8,0xBF,0xBE,0x02,0x98,0x02,0x3C,0xF5,0x9C,0xD0,0xFF,0x3F,0xFF,0xFF,0x00,0x00,0x05,0x38,0xF5,0x4E,0x08,0x00,0xE0,0xFE,0x1F,0x01,0x20,0x05,0x70,0xEA,0x35,0x21}},
    {2714, 24, 0x0F, 3, 0, {-12064, -14375, -4188607}, {{39, -690, 4251}, {21, -345, 2124}, {41, -690, 4252}}, {{-2, -9, 3}, {-3, -10, 3}}, {0x9A,0x8A,0x01,0x0F,0x83,0x43,0xFF,0xD9,0xC7,0x3F,0xC8,0x02,0x78,0x02,0x38,0xF5,0x9B,0x90,0xFF,0xFF,0xFD,0xFF,0x00,0x40,0x05,0x38,0xF5,0x4C,0xA8,0xFF,0xDF,0xFE,0x7F,0x00,0x20,0x05,0x70,0xEA,0x39,0x21}},
    {2738, 24, 0x0F, 3, 0, {-12176, -14523, -4188523}, {{41, -690, 4251}, {20, -343, 2126}, {40, -689, 4252}}, {{-3, -8, 4}, {0, -6, 3}}, {0xB2,0x8A,0x01,0x0F,0xC3,0x41,0xFF,0x45,0xC7,0xBF,0xD2,0x02,0x98,0x02,0x38,0xF5,0x9B,0x50,0xFF,0x3F,0xFE,0x3F,0x01,0x00,0x05,0x48,0xF5,0x4E,0x08,0x00,0x40,0xFF,0x7F,0x00,0x00,0x05,0x78,0xEA,0x39,0x21}},
    {2762, 24, 0x0F, 3, 0, {-12232, -14651, -4188479}, {{40, -688, 4252}, {20, -345, 2126}, {39, -690, 4246}}, {{-5, -8, 2}, {-4, -10, 6}}, {0xCA,0x8A,0x01,0x0F,0xE3,0x40,0xFF,0xC5,0xC6,0x3F,0xD8,0x02,0x88,0x02,0x40,0xF5,0x9C,0xD0,0xFE,0x3F,0xFE,0xBF,0x00,0x00,0x05,0x38,0xF5,0x4E,0x88,0xFF,0xDF,0xFE,0xDF,0x00,0xE0,0x04,0x70,0xEA,0x2D,0x21}},
    {2786, 24, 0x0F, 3, 0, {-12384, -14799, -4188411}, {{38, -690, 4252}, {19, -345, 2124}, {38, -691, 4251}}, {{-3, -7, 6}, {-7, -8, 7}}, {0xE2,0x8A,0x01,0x0F,0x83,0x3E,0xFF,0x31,0xC6,0xBF,0xE0,0x02,0x68,0x02,0x38,0xF5,0x9C,0x50,0xFF,0x7F,0xFE,0xBF,0x01,0xC0,0x04,0x38,0xF5,0x4C,0x28,0xFF,0x1F,0xFF,0xFF,0x00,0xC0,0x04,0x68,0xEA,0x37,0x21}},
    {2809, 23, 0x0F, 3, 0, {-12544, -14911, -4188291}, {{40, -690, 4248}, {20, -345, 2123}, {40, -690, 4249}}, {{-3, -7, 3}, {-3, -9, 2}}, {0xF9,0x7A,0x01,0x0F,0x03,0x3C,0xFF,0xC1,0xC5,0xBF,0xEF,0x02,0x88,0x02,0x38,0xF5,0x98,0x50,0xFF,0x7F,0xFE,0xFF,0x00,0x00,0x05,0x38,0xF5,0x4B,0xA8,0xFF,0xFF,0xFE,0x5F,0x00,0x00,0x05,0x70,0xEA,0x33,0x21}},
    {2833, 24, 0x0F, 3, 0, {-12672, -15043, -4188255}, {{39, -690, 4252}, {19, -344, 2125}, {40, -691, 4251}}, {{-5, -7, 4}, {-2, -6, 3}}, {0x11,0x8B,0x01,0x0F,0x03,0x3A,0xFF,0x3D,0xC5,0x3F,0xF4,0x02,0x78,0x02,0x38,0xF5,0x9C,0xD0,0xFE,0x7F,0xFE,0x3F,0x01,0xC0,0x04,0x40,0xF5,0x4D,0xC8,0xFF,0x5F,0xFF,0x7F,0x00,0x00,0x05,0x68,0xEA,0x37,0x21}},
    {2857, 24, 0x0F, 3, 0, {-12808, -15147, -4188235}, {{40, -688, 4254}, {19, -345, 2127}, {35, -689, 4250}}, {{-4, -8, 2}, {-5, -9, 2}}, {0x29,0x8B,0x01,0x0F,0xE3,0x37,0xFF,0xD5,0xC4,0xBF,0xF6,0x02,0x88,0x02,0x40,0xF5,0x9E,0x10,0xFF,0x3F,0xFE,0xBF,0x00,0xC0,0x04,0x38,0xF5,0x4F,0x68,0xFF,0xFF,0xFE,0x5F,0x00,0x60,0x04,0x78,0xEA,0x35,0x21}},
    {2881, 24, 0x0F, 3, 0, {-12936, -15303, -4188195}, {{39, -688, 4252}, {21, -345, 2126}, {39, -689, 4250}}, {{-5, -10, -1}, {-2, -9, 2}}, {0x41,0x8B,0x01,0x0F,0xE3,0x35,0xFF,0x39,0xC4,0xBF,0xFB,0x02,0x78,0x02,0x40,0xF5,0x9C,0xD0,0xFE,0xBF,0xFD,0xFF,0xFF,0x7F,0x05,0x38,0xF5,0x4E,0xC8,0xFF,0xFF,0xFE,0x5F,0x00,0xE0,0x04,0x78,0xEA,0x35,0x21}},
    {2905, 24, 0x0F, 3, 0, {-13024, -15463, -4188167}, {{41, -689, 4253}, {20, -346, 2127}, {41, -693, 4254}}, {{-4, -9, 3}, {-5, -12, 2}}, {0x59,0x8B,0x01,0x0F,0x83,0x34,0xFF,0x99,0xC3,0x3F,0xFF,0x02,0x98,0x02,0x3C,0xF5,0x9D,0x10,0xFF,0xFF,0xFD,0xFF,0x00,0x00,0x05,0x30,0xF5,0x4F,0x68,0xFF,0x9F,0xFE,0x5F,0x00,0x20,0x05,0x58,0xEA,0x3D,0x21}},
    {2929, 24, 0x0F, 3, 0, {-13144, -15639, -4188119}, {{39, -692, 4249}, {20, -347, 2124}, {40, -692, 4255}}, {{-3, -8, 2}, {-1, -12, 4}}, {0x71,0x8B,0x01,0x0F,0xA3,0x32,0xFF,0xE9,0xC2,0x3F,0x05,0x03,0x78,0x02,0x30,0xF5,0x99,0x50,0xFF,0x3F,0xFE,0xBF,0x00,0x00,0x05,0x28,0xF5,0x4C,0xE8,0xFF,0x9F,0xFE,0x9F,0x00,0x00,0x05,0x60,0xEA,0x3F,0x21}},
    {2952, 23, 0x0F, 3, 0, {-13224, -15787, -4188043}, {{40, -692, 4250}, {20, -346, 2126}, {40, -689, 4253}}, {{0, -4, 6}, {-7, -7, 2}}, {0x88,0x7B,0x01,0x0F,0x63,0x31,0xFF,0x55,0xC2,0xBF,0x0E,0x03,0x88,0x02,0x30,0xF5,0x9A,0x10,0x00,0x00,0xFF,0xBF,0x01,0x00,0x05,0x30,0xF5,0x4E,0x28,0xFF,0x3F,0xFF,0x5F,0x00,0x00,0x05,0x78,0xEA,0x3B,0x21}},
    {2976, 24, 0x0F, 3, 0, {-13312, -15879, -4187991}, {{40, -689, 4256}, {20, -345, 2127}, {40, -689, 4251}}, {{-3, -8, 1}, {-5, -11, 5}}, {0xA0,0x8B,0x01,0x0F,0x03,0x30,0xFF,0xF9,0xC1,0x3F,0x15,0x03,0x88,0x02,0x3C,0xF5,0xA0,0x50,0xFF,0x3F,0xFE,0x7F,0x00,0x00,0x05,0x38,0xF5,0x4F,0x68,0xFF,0xBF,0xFE,0xBF,0x00,0x00,0x05,0x78,0xEA,0x37,0x21}},
    {3000, 24, 0x0F, 3, 0, {-13464, -16019, -4187967}, {{42, -689, 4251}, {20, -346, 2124}, {41, -689, 4248}}, {{-3, -8, 0}, {-4, -7, 6}}, {0xB8,0x8B,0x01,0x0F,0xA3,0x2D,0xFF,0x6D,0xC1,0x3F,0x18,0x03,0xA8,0x02,0x3C,0xF5,0x9B,0x50,0xFF,0x3F,0xFE,0x3F,0x00,0x00,0x05,0x30,0xF5,0x4C,0x88,0xFF,0x3F,0xFF,0xDF,0x00,0x20,0x05,0x78,0xEA,0x31,0x21}},
    {3024, 24, 0x0F, 3, 0, {-13568, -16151, -4187899}, {{41, -691, 4250}, {19, -345, 2126}, {41, -690, 4251}}, {{0, -5, 1}, {-5, -8, 6}}, {0xD0,0x8B,0x01,0x0F,0x03,0x2C,0xFF,0xE9,0xC0,0xBF,0x20,0x03,0x98,0x02,0x34,0xF5,0x9A,0x10,0x00,0xC0,0xFE,0x7F,0x00,0xC0,0x04,0x38,0xF5,0x4E,0x68,0xFF,0x1F,0xFF,0xDF,0x00,0x20,0x05,0x70,0xEA,0x37,0x21}},
    {3048, 24, 0x0F, 3, 0, {-13672, -16243, -4187851}, {{42, -691, 4250}, {20, -345, 2126}, {41, -689, 4253}}, {{-5, -10, -2}, {-2, -8, 4}}, {0xE8,0x8B,0x01,0x0F,0x63,0x2A,0xFF,0x8D,0xC0,0xBF,0x26,0x03,0xA8,0x02,0x34,0xF5,0x9A,0xD0,0xFE,0xBF,0xFD,0xBF,0xFF,0x3F,0x05,0x38,0xF5,0x4E,0xC8,0xFF,0x1F,0xFF,0x9F,0x00,0x20,0x05,0x78,0xEA,0x3B,0x21}},
    {3072, 24, 0x0F, 3, 0, {-13816, -16371, -4187811}, {{42, -690, 4249}, {20, -345, 2126}, {42, -690, 4251}}, {{-7, -7, 7}, {0, -8, 0}}, {0x00,0x8C,0x01,0x0F,0x23,0x28,0xFF,0x0D,0xC0,0xBF,0x2B,0x03,0xA8,0x02,0x38,0xF5,0x99,0x50,0xFE,0x7F,0xFE,0xFF,0x01,0x00,0x05,0x38,0xF5,0x4E,0x08,0x00,0x00,0xFF,0x1F,0x00,0x40,0x05,0x70,0xEA,0x37,0x21}},
    {3095, 23, 0x0F, 3, 0, {-13904, -16503, -4187759}, {{42, -691, 4252}, {20, -346, 2126}, {41, -691, 4248}}, {{-6, -7, 4}, {-5, -8, 3}}, {0x17,0x7C,0x01,0x0F,0xC3,0x26,0xFF,0x89,0xBF,0x3F,0x32,0x03,0xA8,0x02,0x34,0xF5,0x9C,0x90,0xFE,0x7F,0xFE,0x3F,0x01,0x00,0x05,0x30,0xF5,0x4E,0x68,0xFF,0x1F,0xFF,0x7F,0x00,0x20,0x05,0x68,0xEA,0x31,0x21}},
    {3119, 24, 0x0F, 3, 0, {-14048, -16635, -4187695}, {{42, -690, 4252}, {20, -344, 2126}, {41, -689, 4252}}, {{-5, -9, 2}, {-4, -9, 2}}, {0x2F,0x8C,0x01,0x0F,0x83,0x24,0xFF,0x05,0xBF,0x3F,0x3A,0x03,0xA8,0x02,0x38,0xF5,0x9C,0xD0,0xFE,0xFF,0xFD,0xBF,0x00,0x00,0x05,0x40,0xF5,0x4E,0x88,0xFF,0xFF,0xFE,0x5F,0x00,0x20,0x05,0x78,0xEA,0x39,0x21}},
    {3143, 24, 0x0F, 3, 0, {-14208, -16787, -4187671}, {{42, -689, 4251}, {21, -345, 2123}, {42, -689, 4249}}, {{-5, -8, 5}, {-4, -7, 3}}, {0x47,0x8C,0x01,0x0F,0x03,0x22,0xFF,0x6D,0xBE,0x3F,0x3D,0x03,0xA8,0x02,0x3C,0xF5,0x9B,0xD0,0xFE,0x3F,0xFE,0x7F,0x01,0x40,0x05,0x38,0xF5,0x4B,0x88,0xFF,0x3F,0xFF,0x7F,0x00,0x40,0x05,0x78,0xEA,0x33,0x21}},
    {3167, 24, 0x0F, 3, 0, {-14312, -16919, -4187611}, {{39, -692, 4246}, {20, -345, 2122}, {39, -690, 4245}}, {{-2, -7, 2}, {-2, -9, 1}}, {0x5F,0x8C,0x01,0x0F,0x63,0x20,0xFF,0xE9,0xBD,0xBF,0x44,0x03,0x78,0x02,0x30,0xF5,0x96,0x90,0xFF,0x7F,0xFE,0xBF,0x00,0x00,0x05,0x38,0xF5,0x4A,0xC8,0xFF,0xFF,0xFE,0x3F,0x00,0xE0,0x04,0x70,0xEA,0x2B,0x21}},
    {3191, 24, 0x0F, 3, 0, {-14424, -17035, -4187591}, {{41, -691, 4247}, {19, -345, 2123}, {39, -690, 4245}}, {{-3, -7, 0}, {-3, -9, 5}}, {0x77,0x8C,0x01,0x0F,0xA3,0x1E,0xFF,0x75,0xBD,0x3F,0x47,0x03,0x98,0x02,0x34,0xF5,0x97,0x50,0xFF,0x7F,0xFE,0x3F,0x00,0xC0,0x04,0x38,0xF5,0x4B,0xA8,0xFF,0xFF,0xFE,0xBF,0x00,0xE0,0x04,0x70,0xEA,0x2B,0x21}},
    {3214, 23, 0x0F, 3, 0, {-14496, -17171, -4187547}, {{39, -693, 4246}, {18, -346, 2126}, {39, -691, 4253}}, {{-3, -9, 3}, {-8, -6, 1}}, {0x8E,0x7C,0x01,0x0F,0x83,0x1D,0xFF,0xED,0xBC,0xBF,0x4C,0x03,0x78,0x02,0x2C,0xF5,0x96,0x50,0xFF,0xFF,0xFD,0xFF,0x00,0x80,0x04,0x30,0xF5,0x4E,0x08,0xFF,0x5F,0xFF,0x3F,0x00,0xE0,0x04,0x68,0xEA,0x3B,0x21}},
    {3238, 24, 0x0F, 3, 0, {-14664, -17291, -4187511}, {{39, -689, 4253}, {19, -345, 2124}, {37, -691, 4247}}, {{-1, -6, 7}, {-3, -8, 1}}, {0xA6,0x8C,0x01,0x0F,0xE3,0x1A,0xFF,0x75,0xBC,0x3F,0x51,0x03,0x78,0x02,0x3C,0xF5,0x9D,0xD0,0xFF,0xBF,0xFE,0xFF,0x01,0xC0,0x04,0x38,0xF5,0x4C,0xA8,0xFF,0x1F,0xFF,0x3F,0x00,0xA0,0x04,0x68,0xEA,0x2F,0x21}},
    {3262, 24, 0x0F, 3, 0, {-14760, -17411, -4187447}, {{38, -689, 4248}, {19, -345, 2125}, {39, -690, 4247}}, {{-4, -8, 4}, {-1, -8, 5}}, {0xBE,0x8C,0x01,0x0F,0x63,0x19,0xFF,0xFD,0xBB,0x3F,0x59,0x03,0x68,0x02,0x3C,0xF5,0x98,0x10,0xFF,0x3F,0xFE,0x3F,0x01,0xC0,0x04,0x38,0xF5,0x4D,0xE8,0xFF,0x1F,0xFF,0xBF,0x00,0xE0,0x04,0x70,0xEA,0x2F,0x21}},
    {3286, 24, 0x0F, 3, 0, {-14824, -17547, -4187387}, {{41, -691, 4249}, {21, -345, 2124}, {40, -687, 4248}}, {{-5, -7, 4}, {-5, -8, 7}}, {0xD6,0x8C,0x01,0x0F,0x63,0x18,0xFF,0x75,0xBB,0xBF,0x60,0x03,0x98,0x02,0x34,0xF5,0x99,0xD0,0xFE,0x7F,0xFE,0x3F,0x01,0x40,0x05,0x38,0xF5,0x4C,0x68,0xFF,0x1F,0xFF,0xFF,0x00,0x00,0x05,0x88,0xEA,0x31,0x21}},
    {3310, 24, 0x0F, 3, 0, {-14984, -17679, -4187319}, {{40, -689, 4255}, {20, -346, 2126}, {41, -690, 4256}}, {{0, -8, 0}, {-3, -6, 8}}, {0xEE,0x8C,0x01,0x0F,0xE3,0x15,0xFF,0xF1,0xBA,0x3F,0x69,0x03,0x88,0x02,0x3C,0xF5,0x9F,0x10,0x00,0x00,0xFE,0x3F,0x00,0x00,0x05,0x30,0xF5,0x4E,0xA8,0xFF,0x5F,0xFF,0x1F,0x01,0x20,0x05,0x70,0xEA,0x41,0x21}},
    {3334, 24, 0x0F, 3, 0, {-15032, -17787, -4187255}, {{41, -690, 4252}, {19, -345, 2126}, {42, -690, 4249}}, {{-3, -6, 3}, {-4, -8, 2}}, {0x06,0x8D,0x01,0x0F,0x23,0x15,0xFF,0x85,0xBA,0x3F,0x71,0x03,0x98,0x02,0x38,0xF5,0x9C,0x50,0xFF,0xBF,0xFE,0xFF,0x00,0xC0,0x04,0x38,0xF5,0x4E,0x88,0xFF,0x1F,0xFF,0x5F,0x00,0x40,0x05,0x70,0xEA,0x33,0x21}},
    {3357, 23, 0x0F, 3, 0, {-15160, -17899, -4187227}, {{40, -690, 4249}, {21, -346, 2127}, {40, -691, 4246}}, {{-4, -7, 1}, {-7, -12, 5}}, {0x1D,0x7D,0x01,0x0F,0x23,0x13,0xFF,0x15,0xBA,0xBF,0x74,0x03,0x88,0x02,0x38,0xF5,0x99,0x10,0xFF,0x7F,0xFE,0x7F,0x00,0x40,0x05,0x30,0xF5,0x4F,0x28,0xFF,0x9F,0xFE,0xBF,0x00,0x00,0x05,0x68,0xEA,0x2D,0x21}},
    {3381, 24, 0x0F, 3, 0, {-15312, -18035, -4187187}, {{37, -692, 4249}, {20, -346, 2125}, {40, -690, 4251}}, {{0, -10, 6}, {-4, -7, 4}}, {0x35,0x8D,0x01,0x0F,0xC3,0x10,0xFF,0x8D,0xB9,0xBF,0x79,0x03,0x58,0x02,0x30,0xF5,0x99,0x10,0x00,0x80,0xFD,0xBF,0x01,0x00,0x05,0x30,0xF5,0x4D,0x88,0xFF,0x3F,0xFF,0x9F,0x00,0x00,0x05,0x70,0xEA,0x37,0x21}},
    {3405, 24, 0x0F, 3, 0, {-15392, -18175, -4187103}, {{42, -690, 4252}, {21, -345, 2127}, {40, -691, 4253}}, {{-4, -9, 3}, {-6, -8, 2}}, {0x4D,0x8D,0x01,0x0F,0x83,0x0F,0xFF,0x01,0xB9,0x3F,0x84,0x03,0xA8,0x02,0x38,0xF5,0x9C,0x10,0xFF,0xFF,0xFD,0xFF,0x00,0x40,0x05,0x38,0xF5,0x4F,0x48,0xFF,0x1F,0xFF,0x5F,0x00,0x00,0x05,0x68,0xEA,0x3B,0x21}},
    {3429, 24, 0x0F, 3, 0, {-15568, -18307, -4187063}, {{41, -691, 4251}, {20, -344, 2125}, {40, -691, 4252}}, {{-4, -7, 6}, {-5, -7, 0}}, {0x65,0x8D,0x01,0x0F,0xC3,0x0C,0xFF,0x7D,0xB8,0x3F,0x89,0x03,0x98,0x02,0x34,0xF5,0x9B,0x10,0xFF,0x7F,0xFE,0xBF,0x01,0x00,0x05,0x40,0xF5,0x4D,0x68,0xFF,0x3F,0xFF,0x1F,0x00,0x00,0x05,0x68,0xEA,0x39,0x21}},
    {3453, 24, 0x0F, 3, 0, {-15728, -18435, -4187011}, {{38, -690, 4251}, {19, -345, 2125}, {36, -690, 4248}}, {{-7, -12, 3}, {-4, -5, -1}}, {0x7D,0x8D,0x01,0x0F,0x43,0x0A,0xFF,0xFD,0xB7,0xBF,0x8F,0x03,0x68,0x02,0x38,0xF5,0x9B,0x50,0xFE,0x3F,0xFD,0xFF,0x00,0xC0,0x04,0x38,0xF5,0x4D,0x88,0xFF,0x7F,0xFF,0xFF,0xFF,0x9F,0x04,0x70,0xEA,0x31,0x21}},
    {3477, 24, 0x0F, 3, 0, {-15904, -18579, -4186979}, {{40, -689, 4253}, {20, -345, 2126}, {40, -688, 4248}}, {{-1, -5, 0}, {-3, -6, 4}}, {0x95,0x8D,0x01,0x0F,0x83,0x07,0xFF,0x6D,0xB7,0xBF,0x93,0x03,0x88,0x02,0x3C,0xF5,0x9D,0xD0,0xFF,0xFF,0xFE,0x3F,0x00,0x00,0x05,0x38,0xF5,0x4E,0xA8,0xFF,0x5F,0xFF,0x9F,0x00,0x00,0x05,0x80,0xEA,0x31,0x21}},
    {3500, 23, 0x0F, 3, 0, {-15976, -18683, -4186931}, {{42, -689, 4254}, {19, -346, 2126}, {38, -689, 4254}}, {{-3, -11, 4}, {0, -9, 9}}, {0xAC,0x7D,0x01,0x0F,0x63,0x06,0xFF,0x05,0xB7,0xBF,0x99,0x03,0xA8,0x02,0x3C,0xF5,0x9E,0x50,0xFF,0x7F,0xFD,0x3F,0x01,0xC0,0x04,0x30,0xF5,0x4E,0x08,0x00,0xE0,0xFE,0x3F,0x01,0xC0,0x04,0x78,0xEA,0x3D,0x21}},
    {3524, 24, 0x0F, 3, 0, {-16064, -18851, -4186875}, {{38, -690, 4250}, {20, -345, 2126}, {38, -690, 4250}}, {{-4, -9, 4}, {0, -9, 2}}, {0xC4,0x8D,0x01,0x0F,0x03,0x05,0xFF,0x5D,0xB6,0xBF,0xA0,0x03,0x68,0x02,0x38,0xF5,0x9A,0x10,0xFF,0xFF,0xFD,0x3F,0x01,0x00,0x05,0x38,0xF5,0x4E,0x08,0x00,0xE0,0xFE,0x5F,0x00,0xC0,0x04,0x70,0xEA,0x35,0x21}},
    {3548, 24, 0x0F, 3, 0, {-16120, -18995, -4186811}, {{40, -693, 4257}, {21, -346, 2127}, {40, -690, 4252}}, {{-5, -4, 6}, {0, -10, 9}}, {0xDC,0x8D,0x01,0x0F,0x23,0x04,0xFF,0xCD,0xB5,0xBF,0xA8,0x03,0x88,0x02,0x2C,0xF5,0xA1,0xD0,0xFE,0x3F,0xFF,0xBF,0x01,0x40,0x05,0x30,0xF5,0x4F,0x08,0x00,0xC0,0xFE,0x3F,0x01,0x00,0x05,0x70,0xEA,0x39,0x21}},
    {3572, 24, 0x0F, 3, 0, {-16248, -19123, -4186719}, {{40, -689, 4252}, {20, -344, 2123}, {41, -693, 4250}}, {{-4, -10, 2}, {-4, -6, 1}}, {0xF4,0x8D,0x01,0x0F,0x23,0x02,0xFF,0x4D,0xB5,0x3F,0xB4,0x03,0x88,0x02,0x3C,0xF5,0x9C,0x10,0xFF,0xBF,0xFD,0xBF,0x00,0x00,0x05,0x40,0xF5,0x4B,0x88,0xFF,0x5F,0xFF,0x3F,0x00,0x20,0x05,0x58,0xEA,0x35,0x21}},
    {3596, 24, 0x0F, 3, 0, {-16384, -19247, -4186707}, {{39, -692, 4253}, {18, -345, 2124}, {37, -688, 4250}}, {{-1, -6, 2}, {-1, -6, 2}}, {0x0C,0x8E,0x01,0x0F,0x03,0x00,0xFF,0xD1,0xB4,0xBF,0xB5,0x03,0x78,0x02,0x30,0xF5,0x9D,0xD0,0xFF,0xBF,0xFE,0xBF,0x00,0x80,0x04,0x38,0xF5,0x4C,0xE8,0xFF,0x5F,0xFF,0x5F,0x00,0xA0,0x04,0x80,0xEA,0x35,0x21}},
    {3620, 24, 0x0F, 3, 0, {-16408, -19343, -4186667}, {{39, -688, 4249}, {20, -345, 2124}, {41, -691, 4254}}, {{-1, -7, 4}, {-4, -7, 5}}, {0x24,0x8E,0x01,0x0F,0xA3,0xFF,0xFE,0x71,0xB4,0xBF,0xBA,0x03,0x78,0x02,0x40,0xF5,0x99,0xD0,0xFF,0x7F,0xFE,0x3F,0x01,0x00,0x05,0x38,0xF5,0x4C,0x88,0xFF,0x3F,0xFF,0xBF,0x00,0x20,0x05,0x68,0xEA,0x3D,0x21}},
    {3643, 23, 0x0F, 3, 0, {-16472, -19467, -4186603}, {{39, -691, 4252}, {20, -346, 2126}, {38, -690, 4251}}, {{-1, -6, 0}, {-2, -6, 3}}, {0x3B,0x7E,0x01,0x0F,0xA3,0xFE,0xFE,0xF5,0xB3,0xBF,0xC2,0x03,0x78,0x02,0x34,0xF5,0x9C,0xD0,0xFF,0xBF,0xFE,0x3F,0x00,0x00,0x05,0x30,0xF5,0x4E,0xC8,0xFF,0x5F,0xFF,0x7F,0x00,0xC0,0x04,0x70,0xEA,0x37,0x21}},
    {3667, 24, 0x0F, 3, 0, {-16560, -19571, -4186579}, {{40, -689, 4254}, {19, -345, 2126}, {41, -689, 4249}}, {{-4, -4, 2}, {-6, -9, 4}}, {0x53,0x8E,0x01,0x0F,0x43,0xFD,0xFE,0x8D,0xB3,0xBF,0xC5,0x03,0x88,0x02,0x3C,0xF5,0x9E,0x10,0xFF,0x3F,0xFF,0xBF,0x00,0xC0,0x04,0x38,0xF5,0x4E,0x48,0xFF,0xFF,0xFE,0x9F,0x00,0x20,0x05,0x78,0xEA,0x33,0x21}},
    {3691, 24, 0x0F, 3, 0, {-16728, -19695, -4186535}, {{41, -692, 4249}, {20, -344, 2124}, {40, -690, 4250}}, {{-4, -11, 6}, {-7, -7, 3}}, {0x6B,0x8E,0x01,0x0F,0xA3,0xFA,0xFE,0x11,0xB3,0x3F,0xCB,0x03,0x98,0x02,0x30,0xF5,0x99,0x10,0xFF,0x7F,0xFD,0xBF,0x01,0x00,0x05,0x40,0xF5,0x4C,0x28,0xFF,0x3F,0xFF,0x7F,0x00,0x00,0x05,0x70,0xEA,0x35,0x21}},
    {3715, 24, 0x0F, 3, 0, {-16912, -19847, -4186459}, {{41, -689, 4247}, {21, -344, 2125}, {41, -692, 4252}}, {{-1, -8, 5}, {-9, -9, 1}}, {0x83,0x8E,0x01,0x0F,0xC3,0xF7,0xFE,0x79,0xB2,0xBF,0xD4,0x03,0x98,0x02,0x3C,0xF5,0x97,0xD0,0xFF,0x3F,0xFE,0x7F,0x01,0x40,0x05,0x40,0xF5,0x4D,0xE8,0xFE,0xFF,0xFE,0x3F,0x00,0x20,0x05,0x60,0xEA,0x39,0x21}},
    {3739, 24, 0x0F, 3, 0, {-17112, -19999, -4186407}, {{39, -692, 4249}, {19, -346, 2126}, {40, -692, 4249}}, {{-4, -7, 1}, {-2, -9, 2}}, {0x9B,0x8E,0x01,0x0F,0xA3,0xF4,0xFE,0xE1,0xB1,0x3F,0xDB,0x03,0x78,0x02,0x30,0xF5,0x99,0x10,0xFF,0x7F,0xFE,0x7F,0x00,0xC0,0x04,0x30,0xF5,0x4E,0xC8,0xFF,0xFF,0xFE,0x5F,0x00,0x00,0x05,0x60,0xEA,0x33,0x21}},
    {3763, 24, 0x0F, 3, 0, {-17216, -20123, -4186351}, {{41, -693, 4250}, {20, -345, 2125}, {42, -691, 4252}}, {{-4, -7, 8}, {-4, -7, 7}}, {0xB3,0x8E,0x01,0x0F,0x03,0xF3,0xFE,0x65,0xB1,0x3F,0xE2,0x03,0x98,0x02,0x2C,0xF5,0x9A,0x10,0xFF,0x7F,0xFE,0x3F,0x02,0x00,0x05,0x38,0xF5,0x4D,0x88,0xFF,0x3F,0xFF,0xFF,0x00,0x40,0x05,0x68,0xEA,0x39,0x21}},
    {3786, 23, 0x0F, 3, 0, {-17328, -20239, -4186231}, {{42, -690, 4251}, {21, -344, 2126}, {40, -692, 4253}}, {{-4, -7, 4}, {-4, -7, 2}}, {0xCA,0x7E,0x01,0x0F,0x43,0xF1,0xFE,0xF1,0xB0,0x3F,0xF1,0x03,0xA8,0x02,0x38,0xF5,0x9B,0x10,0xFF,0x7F,0xFE,0x3F,0x01,0x40,0x05,0x40,0xF5,0x4E,0x88,0xFF,0x3F,0xFF,0x5F,0x00,0x00,0x05,0x60,0xEA,0x3B,0x21}},
    {3810, 24, 0x0F, 3, 0, {-17480, -20367, -4186187}, {{37, -691, 4247}, {19, -345, 2122}, {39, -691, 4249}}, {{-7, -9, 3}, {-7, -6, 4}}, {0xE2,0x8E,0x01,0x0F,0xE3,0xEE,0xFE,0x71,0xB0,0xBF,0xF6,0x03,0x58,0x02,0x34,0xF5,0x97,0x50,0xFE,0xFF,0xFD,0xFF,0x00,0xC0,0x04,0x38,0xF5,0x4A,0x28,0xFF,0x5F,0xFF,0x9F,0x00,0xE0,0x04,0x68,0xEA,0x33,0x21}},
    {3834, 24, 0x0F, 3, 0, {-17664, -20507, -4186147}, {{40, -689, 4251}, {19, -346, 2128}, {41, -693, 4250}}, {{-4, -10, 3}, {-4, -8, 4}}, {0xFA,0x8E,0x01,0x0F,0x03,0xEC,0xFE,0xE5,0xAF,0xBF,0xFB,0x03,0x88,0x02,0x3C,0xF5,0x9B,0x10,0xFF,0xBF,0xFD,0xFF,0x00,0xC0,0x04,0x30,0xF5,0x50,0x88,0xFF,0x1F,0xFF,0x9F,0x00,0x20,0x05,0x58,0xEA,0x35,0x21}},
    {3858, 24, 0x0F, 3, 0, {-17816, -20615, -4186075}, {{40, -693, 4249}, {20, -346, 2125}, {37, -692, 4249}}, {{-1, -9, 0}, {-5, -7, -5}}, {0x12,0x8F,0x01,0x0F,0xA3,0xE9,0xFE,0x79,0xAF,0xBF,0x04,0x04,0x88,0x02,0x2C,0xF5,0x99,0xD0,0xFF,0xFF,0xFD,0x3F,0x00,0x00,0x05,0x30,0xF5,0x4D,0x68,0xFF,0x3F,0xFF,0x7F,0xFF,0xBF,0x04,0x60,0xEA,0x33,0x21}},
    {3882, 24, 0x0F, 3, 0, {-17896, -20763, -4186071}, {{39, -691, 4246}, {19, -345, 2123}, {37, -687, 4251}}, {{-1, -3, 5}, {-1, -8, 8}}, {0x2A,0x8F,0x01,0x0F,0x63,0xE8,0xFE,0xE5,0xAE,0x3F,0x05,0x04,0x78,0x02,0x34,0xF5,0x96,0xD0,0xFF,0x7F,0xFF,0x7F,0x01,0xC0,0x04,0x38,0xF5,0x4B,0xE8,0xFF,0x1F,0xFF,0x1F,0x01,0xA0,0x04,0x88,0xEA,0x37,0x21}},
    {3906, 24, 0x0F, 3, 0, {-17944, -20867, -4185979}, {{40, -690, 4251}, {21, -345, 2125}, {41, -690, 4251}}, {{0, -8, 3}, {-5, -13, 3}}, {0x42,0x8F,0x01,0x0F,0xA3,0xE7,0xFE,0x7D,0xAE,0xBF,0x10,0x04,0x88,0x02,0x38,0xF5,0x9B,0x10,0x00,0x00,0xFE,0xFF,0x00,0x40,0x05,0x38,0xF5,0x4D,0x68,0xFF,0x7F,0xFE,0x7F,0x00,0x20,0x05,0x70,0xEA,0x37,0x21}},
    {3929, 23, 0x0F, 3, 0, {-18024, -21031, -4185955}, {{41, -689, 4252}, {21, -345, 2126}, {40, -690, 4248}}, {{-2, -8, 9}, {-3, -9, 8}}, {0x59,0x7F,0x01,0x0F,0x63,0xE6,0xFE,0xD9,0xAD,0xBF,0x13,0x04,0x98,0x02,0x3C,0xF5,0x9C,0x90,0xFF,0x3F,0xFE,0x7F,0x02,0x40,0x05,0x38,0xF5,0x4E,0xA8,0xFF,0xFF,0xFE,0x1F,0x01,0x00,0x05,0x70,0xEA,0x31,0x21}},
    {3953, 24, 0x0F, 3, 0, {-18128, -21167, -4185815}, {{40, -690, 4247}, {20, -345, 2123}, {39, -686, 4250}}, {{-3, -8, 1}, {-7, -10, 4}}, {0x71,0x8F,0x01,0x0F,0xC3,0xE4,0xFE,0x51,0xAD,0x3F,0x25,0x04,0x88,0x02,0x38,0xF5,0x97,0x50,0xFF,0x3F,0xFE,0x7F,0x00,0x00,0x05,0x38,0xF5,0x4B,0x28,0xFF,0xDF,0xFE,0x9F,0x00,0xE0,0x04,0x90,0xEA,0x35,0x21}},
    {3977, 24, 0x0F, 3, 0, {-18280, -21319, -4185771}, {{39, -689, 4251}, {20, -345, 2124}, {43, -689, 4251}}, {{-4, -9, 6}, {-3, -9, 3}}, {0x89,0x8F,0x01,0x0F,0x63,0xE2,0xFE,0xB9,0xAC,0xBF,0x2A,0x04,0x78,0x02,0x3C,0xF5,0x9B,0x10,0xFF,0xFF,0xFD,0xBF,0x01,0x00,0x05,0x38,0xF5,0x4C,0xA8,0xFF,0xFF,0xFE,0x7F,0x00,0x60,0x05,0x78,0xEA,0x37,0x21}},
    {4001, 24, 0x0F, 3, 0, {-18408, -21463, -4185723}, {{42, -690, 4253}, {20, -346, 2125}, {40, -693, 4247}}, {{-1, -8, 2}, {1, -9, 5}}, {0xA1,0x8F,0x01,0x0F,0x63,0xE0,0xFE,0x29,0xAC,0xBF,0x30,0x04,0xA8,0x02,0x38,0xF5,0x9D,0xD0,0xFF,0x3F,0xFE,0xBF,0x00,0x00,0x05,0x30,0xF5,0x4D,0x28,0x00,0xE0,0xFE,0xBF,0x00,0x00,0x05,0x58,0xEA,0x2F,0x21}},
    {4025, 24, 0x0F, 3, 0, {-18464, -21615, -4185651}, {{37, -692, 4250}, {20, -345, 2125}, {40, -688, 4251}}, {{-6, -7, 3}, {-1, -9, 1}}, {0xB9,0x8F,0x01,0x0F,0x83,0xDF,0xFE,0x91,0xAB,0xBF,0x39,0x04,0x58,0x02,0x30,0xF5,0x9A,0x90,0xFE,0x7F,0xFE,0xFF,0x00,0x00,0x05,0x38,0xF5,0x4D,0xE8,0xFF,0xFF,0xFE,0x3F,0x00,0x00,0x05,0x80,0xEA,0x37,0x21}},
    {4049, 24, 0x0F, 3, 0, {-18560, -21731, -4185631}, {{41, -688, 4250}, {20, -344, 2125}, {40, -690, 4251}}, {{-4, -9, 3}, {-4, -8, 6}}, {0xD1,0x8F,0x01,0x0F,0x03,0xDE,0xFE,0x1D,0xAB,0x3F,0x3C,0x04,0x98,0x02,0x40,0xF5,0x9A,0x10,0xFF,0xFF,0xFD,0xFF,0x00,0x00,0x05,0x40,0xF5,0x4D,0x88,0xFF,0x1F,0xFF,0xDF,0x00,0x00,0x05,0x70,0xEA,0x37,0x21}},
    {4072, 23, 0x0F, 3, 0, {-18704, -21867, -4185559}, {{39, -689, 4255}, {20, -344, 2126}, {40, -689, 4249}}, {{-4, -8, -4}, {-3, -8, 5}}, {0xE8,0x7F,0x01,0x0F,0xC3,0xDB,0xFE,0x95,0xAA,0x3F,0x45,0x04,0x78,0x02,0x3C,0xF5,0x9F,0x10,0xFF,0x3F,0xFE,0x3F,0xFF,0x3F,0x05,0x40,0xF5,0x4E,0xA8,0xFF,0x1F,0xFF,0xBF,0x00,0x00,0x05,0x78,0xEA,0x33,0x21}},
    {0, 24, 0x0F, 3, 0, {-18824, -21983, -4185531}, {{38, -690, 4250}, {18, -346, 2126}, {39, -690, 4253}}, {{-6, -8, 2}, {-2, -5, 2}}, {0x00,0x80,0x01,0x0F,0xE3,0xD9,0xFE,0x21,0xAA,0xBF,0x48,0x04,0x68,0x02,0x38,0xF5,0x9A,0x90,0xFE,0x3F,0xFE,0xBF,0x00,0x80,0x04,0x30,0xF5,0x4E,0xC8,0xFF,0x7F,0xFF,0x5F,0x00,0xE0,0x04,0x70,0xEA,0x3B,0x21}},
    {24, 24, 0x0F, 3, 0, {-18968, -22083, -4185499}, {{39, -691, 4252}, {19, -345, 2125}, {39, -690, 4251}}, {{0, -3, 1}, {-4, -8, 3}}, {0x18,0x80,0x01,0x0F,0xA3,0xD7,0xFE,0xBD,0xA9,0xBF,0x4C,0x04,0x78,0x02,0x34,0xF5,0x9C,0x10,0x00,0x40,0xFF,0x7F,0x00,0xC0,0x04,0x38,0xF5,0x4D,0x88,0xFF,0x1F,0xFF,0x7F,0x00,0xE0,0x04,0x70,0xEA,0x37,0x21}},
    {48, 24, 0x0F, 3, 0, {-19024, -22191, -4185447}, {{39, -690, 4253}, {20, -344, 2126}, {42, -688, 4251}}, {{0, -8, 5}, {-4, -8, 4}}, {0x30,0x80,0x01,0x0F,0xC3,0xD6,0xFE,0x51,0xA9,0x3F,0x53,0x04,0x78,0x02,0x38,0xF5,0x9D,0x10,0x00,0x00,0xFE,0x7F,0x01,0x00,0x05,0x40,0xF5,0x4E,0x88,0xFF,0x1F,0xFF,0x9F,0x00,0x40,0x05,0x80,0xEA,0x37,0x21}},
    {72, 24, 0x0F, 3, 0, {-19072, -22351, -4185363}, {{41, -690, 4250}, {20, -346, 2122}, {43, -692, 4249}}, {{-8, -9, 2}, {-3, -10, 3}}, {0x48,0x80,0x01,0x0F,0x03,0xD6,0xFE,0xB1,0xA8,0xBF,0x5D,0x04,0x98,0x02,0x38,0xF5,0x9A,0x10,0xFE,0xFF,0xFD,0xBF,0x00,0x00,0x05,0x30,0xF5,0x4A,0xA8,0xFF,0xDF,0xFE,0x7F,0x00,0x60,0x05,0x60,0xEA,0x33,0x21}},
    {95, 23, 0x0F, 3, 0, {-19184, -22495, -4185335}, {{41, -691, 4247}, {20, -346, 2122}, {42, -691, 4246}}, {{-6, -7, 5}, {-2, -4, 2}}, {0x5F,0x70,0x01,0x0F,0x43,0xD4,0xFE,0x21,0xA8,0x3F,0x61,0x04,0x98,0x02,0x34,0xF5,0x97,0x90,0xFE,0x7F,0xFE,0x7F,0x01,0x00,0x05,0x30,0xF5,0x4A,0xC8,0xFF,0x9F,0xFF,0x5F,0x00,0x40,0x05,0x68,0xEA,0x2D,0x21}},
    {119, 24, 0x0F, 3, 0, {-19280, -22599, -4185263}, {{39, -691, 4250}, {19, -346, 2125}, {40, -690, 4251}}, {{-3, -7, 8}, {-4, -8, 5}}, {0x77,0x80,0x01,0x0F,0xC3,0xD2,0xFE,0xB9,0xA7,0x3F,0x6A,0x04,0x78,0x02,0x34,0xF5,0x9A,0x50,0xFF,0x7F,0xFE,0x3F,0x02,0xC0,0x04,0x30,0xF5,0x4D,0x88,0xFF,0x1F,0xFF,0xBF,0x00,0x00,0x05,0x70,0xEA,0x37,0x21}},
    {143, 24, 0x0F, 3, 0, {-19408, -22723, -4185179}, {{41, -689, 4251}, {19, -344, 2125}, {39, -690, 4250}}, {{-6, -11, 4}, {-3, -9, 4}}, {0x8F,0x80,0x01,0x0F,0xC3,0xD0,0xFE,0x3D,0xA7,0xBF,0x74,0x04,0x98,0x02,0x3C,0xF5,0x9B,0x90,0xFE,0x7F,0xFD,0x3F,0x01,0xC0,0x04,0x40,0xF5,0x4D,0xA8,0xFF,0xFF,0xFE,0x9F,0x00,0xE0,0x04,0x70,0xEA,0x35,0x21}},
    {167, 24, 0x0F, 3, 0, {-19536, -22867, -4185131}, {{38, -692, 4249}, {18, -346, 2124}, {35, -692, 4251}}, {{-5, -6, 5}, {-6, -8, 4}}, {0xA7,0x80,0x01,0x0F,0xC3,0xCE,0xFE,0xAD,0xA6,0xBF,0x7A,0x04,0x68,0x02,0x30,0xF5,0x99,0xD0,0xFE,0xBF,0xFE,0x7F,0x01,0x80,0x04,0x30,0xF5,0x4C,0x48,0xFF,0x1F,0xFF,0x9F,0x00,0x60,0x04,0x60,0xEA,0x37,0x21}},
    {191, 24, 0x0F, 3, 0, {-19680, -23003, -4185043}, {{38, -692, 4249}, {20, -345, 2125}, {39, -687, 4250}}, {{-3, -6, -1}, {0, -10, 2}}, {0xBF,0x80,0x01,0x0F,0x83,0xCC,0xFE,0x25,0xA6,0xBF,0x85,0x04,0x68,0x02,0x30,0xF5,0x99,0x50,0xFF,0xBF,0xFE,0xFF,0xFF,0x3F,0x05,0x38,0xF5,0x4D,0x08,0x00,0xC0,0xFE,0x5F,0x00,0xE0,0x04,0x88,0xEA,0x35,0x21}},
    {215, 24, 0x0F, 3, 0, {-19728, -23139, -4185027}, {{39, -692, 4247}, {20, -346, 2125}, {40, -687, 4248}}, {{-2, -6, 3}, {-4, -8, 8}}, {0xD7,0x80,0x01,0x0F,0xC3,0xCB,0xFE,0x9D,0xA5,0xBF,0x87,0x04,0x78,0x02,0x30,0xF5,0x97,0x90,0xFF,0xBF,0xFE,0xFF,0x00,0x00,0x05,0x30,0xF5,0x4D,0x88,0xFF,0x1F,0xFF,0x1F,0x01,0x00,0x05,0x88,0xEA,0x31,0x21}},
    {238, 23, 0x0F, 3, 0, {-19824, -23259, -4184963}, {{41, -689, 4250}, {20, -345, 2125}, {39, -689, 4251}}, {{-4, -11, 1}, {-2, -11, -2}}, {0xEE,0x70,0x01,0x0F,0x43,0xCA,0xFE,0x25,0xA5,0xBF,0x8F,0x04,0x98,0x02,0x3C,0xF5,0x9A,0x10,0xFF,0x7F,0xFD,0x7F,0x00,0x00,0x05,0x38,0xF5,0x4D,0xC8,0xFF,0xBF,0xFE,0xDF,0xFF,0xFF,0x04,0x78,0xEA,0x37,0x21}},
    {262, 24, 0x0F, 3, 0, {-19904, -23403, -4184943}, {{41, -691, 4253}, {21, -345, 2124}, {40, -691, 4251}}, {{-2, -10, 2}, {-3, -10, 7}}, {0x06,0x81,0x01,0x0F,0x03,0xC9,0xFE,0x95,0xA4,0x3F,0x92,0x04,0x98,0x02,0x34,0xF5,0x9D,0x90,0xFF,0xBF,0xFD,0xBF,0x00,0x40,0x05,0x38,0xF5,0x4C,0xA8,0xFF,0xDF,0xFE,0xFF,0x00,0x00,0x05,0x68,0xEA,0x37,0x21}},
    {286, 24, 0x0F, 3, 0, {-19984, -23555, -4184871}, {{41, -690, 4252}, {21, -345, 2127}, {41, -691, 4250}}, {{-3, -7, 1}, {-3, -11, 9}}, {0x1E,0x81,0x01,0x0F,0xC3,0xC7,0xFE,0xFD,0xA3,0x3F,0x9B,0x04,0x98,0x02,0x38,0xF5,0x9C,0x50,0xFF,0x7F,0xFE,0x7F,0x00,0x40,0x05,0x38,0xF5,0x4F,0xA8,0xFF,0xBF,0xFE,0x3F,0x01,0x20,0x05,0x68,0xEA,0x35,0x21}},
    {310, 24, 0x0F, 3, 0, {-20064, -23679, -4184779}, {{40, -693, 4251}, {20, -345, 2124}, {38, -689, 4252}}, {{-2, -6, 4}, {-4, -8, 0}}, {0x36,0x81,0x01,0x0F,0x83,0xC6,0xFE,0x81,0xA3,0xBF,0xA6,0x04,0x88,0x02,0x2C,0xF5,0x9B,0x90,0xFF,0xBF,0xFE,0x3F,0x01,0x00,0x05,0x38,0xF5,0x4C,0x88,0xFF,0x1F,0xFF,0x1F,0x00,0xC0,0x04,0x78,0xEA,0x39,0x21}},
    {334, 24, 0x0F, 3, 0, {-20168, -23803, -4184743}, {{39, -690, 4247}, {20, -346, 2126}, {41, -690, 4251}}, {{-2, -9, 2}, {-3, -5, 3}}, {0x4E,0x81,0x01,0x0F,0xE3,0xC4,0xFE,0x05,0xA3,0x3F,0xAB,0x04,0x78,0x02,0x38,0xF5,0x97,0x90,0xFF,0xFF,0xFD,0xBF,0x00,0x00,0x05,0x30,0xF5,0x4E,0xA8,0xFF,0x7F,0xFF,0x7F,0x00,0x20,0x05,0x70,0xEA,0x37,0x21}},
    {358, 24, 0x0F, 3, 0, {-20272, -23927, -4184703}, {{39, -689, 4249}, {20, -344, 2124}, {40, -689, 4247}}, {{-6, -10, 3}, {-6, -12, 6}}, {0x66,0x81,0x01,0x0F,0x43,0xC3,0xFE,0x89,0xA2,0x3F,0xB0,0x04,0x78,0x02,0x3C,0xF5,0x99,0x90,0xFE,0xBF,0xFD,0xFF,0x00,0x00,0x05,0x40,0xF5,0x4C,0x48,0xFF,0x9F,0xFE,0xDF,0x00,0x00,0x05,0x78,0xEA,0x2F,0x21}},
    {381, 23, 0x0F, 3, 0, {-20416, -24075, -4184643}, {{41, -693, 4250}, {20, -345, 2126}, {38, -688, 4256}}, {{-4, -8, 3}, {-6, -8, 1}}, {0x7D,0x71,0x01,0x0F,0x03,0xC1,0xFE,0xF5,0xA1,0xBF,0xB7,0x04,0x98,0x02,0x2C,0xF5,0x9A,0x10,0xFF,0x3F,0xFE,0xFF,0x00,0x00,0x05,0x38,0xF5,0x4E,0x48,0xFF,0x1F,0xFF,0x3F,0x00,0xC0,0x04,0x80,0xEA,0x41,0x21}},
    {405, 24, 0x0F, 3, 0, {-20568, -24207, -4184587}, {{38, -689, 4255}, {19, -345, 2125}, {41, -689, 4252}}, {{-7, -7, 6}, {0, -6, 4}}, {0x95,0x81,0x01,0x0F,0xA3,0xBE,0xFE,0x71,0xA1,0xBF,0xBE,0x04,0x68,0x02,0x3C,0xF5,0x9F,0x50,0xFE,0x7F,0xFE,0xBF,0x01,0xC0,0x04,0x38,0xF5,0x4D,0x08,0x00,0x40,0xFF,0x9F,0x00,0x20,0x05,0x78,0xEA,0x39,0x21}},
    {429, 24, 0x0F, 3, 0, {-20680, -24323, -4184515}, {{40, -690, 4251}, {19, -344, 2124}, {40, -691, 4247}}, {{0, -8, 1}, {-1, -6, 3}}, {0xAD,0x81,0x01,0x0F,0xE3,0xBC,0xFE,0xFD,0xA0,0xBF,0xC7,0x04,0x88,0x02,0x38,0xF5,0x9B,0x10,0x00,0x00,0xFE,0x7F,0x00,0xC0,0x04,0x40,0xF5,0x4C,0xE8,0xFF,0x5F,0xFF,0x7F,0x00,0x00,0x05,0x68,0xEA,0x2F,0x21}},
    {453, 24, 0x0F, 3, 0, {-20720, -24447, -4184479}, {{40, -689, 4247}, {21, -344, 2125}, {41, -690, 4249}}, {{-4, -7, 6}, {-2, -8, 5}}, {0xC5,0x81,0x01,0x0F,0x43,0xBC,0xFE,0x81,0xA0,0x3F,0xCC,0x04,0x88,0x02,0x3C,0xF5,0x97,0x10,0xFF,0x7F,0xFE,0xBF,0x01,0x40,0x05,0x40,0xF5,0x4D,0xC8,0xFF,0x1F,0xFF,0xBF,0x00,0x20,0x05,0x70,0xEA,0x33,0x21}},
    {477, 24, 0x0F, 3, 0, {-20864, -24599, -4184387}, {{40, -688, 4249}, {21, -345, 2125}, {41, -690, 4249}}, {{-3, -11, 3}, {-7, -8, 0}}, {0xDD,0x81,0x01,0x0F,0x03,0xBA,0xFE,0xE9,0x9F,0xBF,0xD7,0x04,0x88,0x02,0x40,0xF5,0x99,0x50,0xFF,0x7F,0xFD,0xFF,0x00,0x40,0x05,0x38,0xF5,0x4D,0x28,0xFF,0x1F,0xFF,0x1F,0x00,0x20,0x05,0x70,0xEA,0x33,0x21}},
    {501, 24, 0x0F, 3, 0, {-21016, -24735, -4184347}, {{42, -691, 4250}, {21, -345, 2124}, {39, -692, 4250}}, {{-8, -8, 2}, {0, -10, 2}}, {0xF5,0x81,0x01,0x0F,0xA3,0xB7,0xFE,0x61,0x9F,0xBF,0xDC,0x04,0xA8,0x02,0x34,0xF5,0x9A,0x10,0xFE,0x3F,0xFE,0xBF,0x00,0x40,0x05,0x38,0xF5,0x4C,0x08,0x00,0xC0,0xFE,0x5F,0x00,0xE0,0x04,0x60,0xEA,0x35,0x21}},
    {524, 23, 0x0F, 3, 0, {-21120, -24875, -4184291}, {{39, -688, 4251}, {19, -343, 2125}, {42, -690, 4254}}, {{-2, -7, 5}, {-6, -8, 4}}, {0x0C,0x72,0x01,0x0F,0x03,0xB6,0xFE,0xD5,0x9E,0xBF,0xE3,0x04,0x78,0x02,0x40,0xF5,0x9B,0x90,0xFF,0x7F,0xFE,0x7F,0x01,0xC0,0x04,0x48,0xF5,0x4D,0x48,0xFF,0x1F,0xFF,0x9F,0x00,0x40,0x05,0x70,0xEA,0x3D,0x21}},
    {548, 24, 0x0F, 3, 0, {-21248, -25007, -4184231}, {{41, -691, 4255}, {20, -345, 2126}, {43, -690, 4251}}, {{-4, -8, 2}, {-5, -7, 3}}, {0x24,0x82,0x01,0x0F,0x03,0xB4,0xFE,0x51,0x9E,0x3F,0xEB,0x04,0x98,0x02,0x34,0xF5,0x9F,0x10,0xFF,0x3F,0xFE,0xBF,0x00,0x00,0x05,0x38,0xF5,0x4E,0x68,0xFF,0x3F,0xFF,0x7F,0x00,0x60,0x05,0x70,0xEA,0x37,0x21}},
    {572, 24, 0x0F, 3, 0, {-21400, -25143, -4184179}, {{43, -689, 4253}, {21, -346, 2126}, {42, -688, 4254}}, {{-5, -8, -1}, {-3, -10, 8}}, {0x3C,0x82,0x01,0x0F,0xA3,0xB1,0xFE,0xC9,0x9D,0xBF,0xF1,0x04,0xB8,0x02,0x3C,0xF5,0x9D,0xD0,0xFE,0x3F,0xFE,0xFF,0xFF,0x7F,0x05,0x30,0xF5,0x4E,0xA8,0xFF,0xDF,0xFE,0x1F,0x01,0x40,0x05,0x80,0xEA,0x3D,0x21}},
    {596, 24, 0x0F, 3, 0, {-21552, -25303, -4184099}, {{42, -690, 4253}, {20, -344, 2125}, {41, -690, 4250}}, {{-6, -9, 2}, {-7, -8, 1}}, {0x54,0x82,0x01,0x0F,0x43,0xAF,0xFE,0x29,0x9D,0xBF,0xFB,0x04,0xA8,0x02,0x38,0xF5,0x9D,0x90,0xFE,0xFF,0xFD,0xBF,0x00,0x00,0x05,0x40,0xF5,0x4D,0x28,0xFF,0x1F,0xFF,0x3F,0x00,0x20,0x05,0x70,0xEA,0x35,0x21}},
    {620, 24, 0x0F, 3, 0, {-21712, -25451, -4184063}, {{38, -689, 4250}, {20, -344, 2125}, {41, -692, 4254}}, {{-5, -6, 5}, {-1, -5, 2}}, {0x6C,0x82,0x01,0x0F,0xC3,0xAC,0xFE,0x95,0x9C,0x3F,0x00,0x05,0x68,0x02,0x3C,0xF5,0x9A,0xD0,0xFE,0xBF,0xFE,0x7F,0x01,0x00,0x05,0x40,0xF5,0x4D,0xE8,0xFF,0x7F,0xFF,0x5F,0x00,0x20,0x05,0x60,0xEA,0x3D,0x21}},
    {644, 24, 0x0F, 3, 0, {-21768, -25527, -4184007}, {{39, -690, 4253}, {20, -345, 2127}, {42, -690, 4250}}, {{-1, -6, 0}, {-2, -10, 4}}, {0x84,0x82,0x01,0x0F,0xE3,0xAB,0xFE,0x49,0x9C,0x3F,0x07,0x05,0x78,0x02,0x38,0xF5,0x9D,0xD0,0xFF,0xBF,0xFE,0x3F,0x00,0x00,0x05,0x38,0xF5,0x4F,0xC8,0xFF,0xDF,0xFE,0x9F,0x00,0x40,0x05,0x70,0xEA,0x35,0x21}},
    {667, 23, 0x0F, 3, 0, {-21824, -25675, -4183979}, {{41, -689, 4246}, {21, -344, 2125}, {42, -689, 4248}}, {{-4, -6, 1}, {-5, -7, 4}}, {0x9B,0x72,0x01,0x0F,0x03,0xAB,0xFE,0xB5,0x9B,0xBF,0x0A,0x05,0x98,0x02,0x3C,0xF5,0x96,0x10,0xFF,0xBF,0xFE,0x7F,0x00,0x40,0x05,0x40,0xF5,0x4D,0x68,0xFF,0x3F,0xFF,0x9F,0x00,0x40,0x05,0x78,0xEA,0x31,0x21}},
    {691, 24, 0x0F, 3, 0, {-21976, -25771, -4183927}, {{42, -688, 4250}, {20, -344, 2124}, {42, -690, 4251}}, {{-2, -7, 2}, {-6, -8, 3}}, {0xB3,0x82,0x01,0x0F,0xA3,0xA8,0xFE,0x55,0x9B,0x3F,0x11,0x05,0xA8,0x02,0x40,0xF5,0x9A,0x90,0xFF,0x7F,0xFE,0xBF,0x00,0x00,0x05,0x40,0xF5,0x4C,0x48,0xFF,0x1F,0xFF,0x7F,0x00,0x40,0x05,0x70,0xEA,0x37,0x21}},
    {715, 24, 0x0F, 3, 0, {-22112, -25899, -4183867}, {{40, -691, 4250}, {20, -346, 2123}, {39, -691, 4245}}, {{-1, -6, 1}, {-6, -10, 1}}, {0xCB,0x82,0x01,0x0F,0x83,0xA6,0xFE,0xD5,0x9A,0xBF,0x18,0x05,0x88,0x02,0x34,0xF5,0x9A,0xD0,0xFF,0xBF,0xFE,0x7F,0x00,0x00,0x05,0x30,0xF5,0x4B,0x48,0xFF,0xDF,0xFE,0x3F,0x00,0xE0,0x04,0x68,0xEA,0x2B,0x21}},
    {739, 24, 0x0F, 3, 0, {-22216, -26023, -4183843}, {{42, -690, 4249}, {20, -345, 2124}, {40, -689, 4250}}, {{-3, -6, 1}, {-3, -10, 8}}, {0xE3,0x82,0x01,0x0F,0xE3,0xA4,0xFE,0x59,0x9A,0xBF,0x1B,0x05,0xA8,0x02,0x38,0xF5,0x99,0x50,0xFF,0xBF,0xFE,0x7F,0x00,0x00,0x05,0x38,0xF5,0x4C,0xA8,0xFF,0xDF,0xFE,0x1F,0x01,0x00,0x05,0x78,0xEA,0x35,0x21}},
    {763, 24, 0x0F, 3, 0, {-22304, -26159, -4183767}, {{39, -690, 4248}, {20, -346, 2123}, {40, -695, 4251}}, {{-2, -8, 3}, {-3, -7, 6}}, {0xFB,0x82,0x01,0x0F,0x83,0xA3,0xFE,0xD1,0x99,0x3F,0x25,0x05,0x78,0x02,0x38,0xF5,0x98,0x90,0xFF,0x3F,0xFE,0xFF,0x00,0x00,0x05,0x30,0xF5,0x4B,0xA8,0xFF,0x3F,0xFF,0xDF,0x00,0x00,0x05,0x48,0xEA,0x37,0x21}},
    {787, 24, 0x0F, 3, 0, {-22400, -26291, -4183699}, {{40, -695, 4253}, {21, -346, 2125}, {40, -691, 4251}}, {{-5, -10, 1}, {1, -6, 1}}, {0x13,0x83,0x01,0x0F,0x03,0xA2,0xFE,0x4D,0x99,0xBF,0x2D,0x05,0x88,0x02,0x24,0xF5,0x9D,0xD0,0xFE,0xBF,0xFD,0x7F,0x00,0x40,0x05,0x30,0xF5,0x4D,0x28,0x00,0x40,0xFF,0x3F,0x00,0x00,0x05,0x68,0xEA,0x37,0x21}},
    {810, 23, 0x0F, 3, 0, {-22472, -26415, -4183695}, {{40, -691, 4251}, {21, -345, 2125}, {39, -691, 4247}}, {{-5, -4, 3}, {-3, -11, 8}}, {0x2A,0x73,0x01,0x0F,0xE3,0xA0,0xFE,0xD1,0x98,0x3F,0x2E,0x05,0x88,0x02,0x34,0xF5,0x9B,0xD0,0xFE,0x3F,0xFF,0xFF,0x00,0x40,0x05,0x38,0xF5,0x4D,0xA8,0xFF,0xBF,0xFE,0x1F,0x01,0xE0,0x04,0x68,0xEA,0x2F,0x21}},
    {834, 24, 0x0F, 3, 0, {-22568, -26563, -4183639}, {{41, -690, 4247}, {21, -344, 2125}, {40, -688, 4250}}, {{-1, -11, -2}, {-3, -9, 1}}, {0x42,0x83,0x01,0x0F,0x63,0x9F,0xFE,0x3D,0x98,0x3F,0x35,0x05,0x98,0x02,0x38,0xF5,0x97,0xD0,0xFF,0x7F,0xFD,0xBF,0xFF,0x7F,0x05,0x40,0xF5,0x4D,0xA8,0xFF,0xFF,0xFE,0x3F,0x00,0x00,0x05,0x80,0xEA,0x35,0x21}},
    {858, 24, 0x0F, 3, 0, {-22656, -26711, -4183611}, {{41, -688, 4251}, {20, -346, 2125}, {39, -692, 4251}}, {{-3, -7, 1}, {-2, -3, 0}}, {0x5A,0x83,0x01,0x0F,0x03,0x9E,0xFE,0xA9,0x97,0xBF,0x38,0x05,0x98,0x02,0x40,0xF5,0x9B,0x50,0xFF,0x7F,0xFE,0x7F,0x00,0x00,0x05,0x30,0xF5,0x4D,0xC8,0xFF,0xBF,0xFF,0x1F,0x00,0xE0,0x04,0x60,0xEA,0x37,0x21}},
    {882, 24, 0x0F, 3, 0, {-22728, -26795, -4183607}, {{41, -691, 4250}, {20, -345, 2124}, {41, -692, 4249}}, {{-3, -10, 2}, {-1, -5, 5}}, {0x72,0x83,0x01,0x0F,0xE3,0x9C,0xFE,0x55,0x97,0x3F,0x39,0x05,0x98,0x02,0x34,0xF5,0x9A,0x50,0xFF,0xBF,0xFD,0xBF,0x00,0x00,0x05,0x38,0xF5,0x4C,0xE8,0xFF,0x7F,0xFF,0xBF,0x00,0x20,0x05,0x60,0xEA,0x33,0x21}},
    {906, 24, 0x0F, 3, 0, {-22784, -26915, -4183539}, {{39, -691, 4248}, {21, -345, 2125}, {40, -692, 4250}}, {{-2, -5, 0}, {-6, -8, 1}}, {0x8A,0x83,0x01,0x0F,0x03,0x9C,0xFE,0xDD,0x96,0xBF,0x41,0x05,0x78,0x02,0x34,0xF5,0x98,0x90,0xFF,0xFF,0xFE,0x3F,0x00,0x40,0x05,0x38,0xF5,0x4D,0x48,0xFF,0x1F,0xFF,0x3F,0x00,0x00,0x05,0x60,0xEA,0x35,0x21}},
    {929, 23, 0x0F, 3, 0, {-22952, -27023, -4183511}, {{42, -690, 4253}, {21, -346, 2127}, {38, -690, 4253}}, {{-4, -7, 2}, {-1, -7, 3}}, {0xA1,0x73,0x01,0x0F,0x63,0x99,0xFE,0x71,0x96,0x3F,0x45,0x05,0xA8,0x02,0x38,0xF5,0x9D,0x10,0xFF,0x7F,0xFE,0xBF,0x00,0x40,0x05,0x30,0xF5,0x4F,0xE8,0xFF,0x3F,0xFF,0x7F,0x00,0xC0,0x04,0x70,0xEA,0x3B,0x21}},
    {953, 24, 0x0F, 3, 0, {-23056, -27119, -4183471}, {{38, -689, 4252}, {20, -345, 2125}, {38, -688, 4251}}, {{-1, -9, 6}, {-4, -8, 4}}, {0xB9,0x83,0x01,0x0F,0xC3,0x97,0xFE,0x11,0x96,0x3F,0x4A,0x05,0x68,0x02,0x3C,0xF5,0x9C,0xD0,0xFF,0xFF,0xFD,0xBF,0x01,0x00,0x05,0x38,0xF5,0x4D,0x88,0xFF,0x1F,0xFF,0x9F,0x00,0xC0,0x04,0x80,0xEA,0x37,0x21}},
    {977, 24, 0x0F, 3, 0, {-23168, -27251, -4183407}, {{39, -689, 4252}, {20, -345, 2127}, {40, -691, 4252}}, {{0, -10, 2}, {-3, -10, 0}}, {0xD1,0x83,0x01,0x0F,0x03,0x96,0xFE,0x8D,0x95,0x3F,0x52,0x05,0x78,0x02,0x3C,0xF5,0x9C,0x10,0x00,0x80,0xFD,0xBF,0x00,0x00,0x05,0x38,0xF5,0x4F,0xA8,0xFF,0xDF,0xFE,0x1F,0x00,0x00,0x05,0x68,0xEA,0x39,0x21}},
    {1001, 24, 0x0F, 3, 0, {-23240, -27379, -4183399}, {{41, -691, 4248}, {21, -346, 2125}, {42, -690, 4250}}, {{-1, -11, 2}, {-7, -6, 3}}, {0xE9,0x83,0x01,0x0F,0xE3,0x94,0xFE,0x0D,0x95,0x3F,0x53,0x05,0x98,0x02,0x34,0xF5,0x98,0xD0,0xFF,0x7F,0xFD,0xBF,0x00,0x40,0x05,0x30,0xF5,0x4D,0x28,0xFF,0x5F,0xFF,0x7F,0x00,0x40,0x05,0x70,0xEA,0x35,0x21}},
    {1025, 24, 0x0F, 3, 0, {-23352, -27515, -4183383}, {{37, -690, 4250}, {20, -345, 2124}, {40, -690, 4251}}, {{-4, -6, 1}, {-1, -9, 4}}, {0x01,0x84,0x01,0x0F,0x23,0x93,0xFE,0x85,0x94,0x3F,0x55,0x05,0x58,0x02,0x38,0xF5,0x9A,0x10,0xFF,0xBF,0xFE,0x7F,0x00,0x00,0x05,0x38,0xF5,0x4C,0xE8,0xFF,0xFF,0xFE,0x9F,0x00,0x00,0x05,0x70,0xEA,0x37,0x21}},
    {1049, 24, 0x0F, 3, 0, {-23432, -27631, -4183315}, {{40, -689, 4249}, {20, -345, 2126}, {39, -689, 4250}}, {{-4, -7, 3}, {-6, -7, 4}}, {0x19,0x84,0x01,0x0F,0xE3,0x91,0xFE,0x11,0x94,0xBF,0x5D,0x05,0x88,0x02,0x3C,0xF5,0x99,0x10,0xFF,0x7F,0xFE,0xFF,0x00,0x00,0x05,0x38,0xF5,0x4E,0x48,0xFF,0x3F,0xFF,0x9F,0x00,0xE0,0x04,0x78,0xEA,0x35,0x21}},
    {1072, 23, 0x0F, 3, 0, {-23608, -27747, -4183267}, {{40, -690, 4252}, {20, -346, 2126}, {39, -691, 4249}}, {{-3, -9, 0}, {-4, -6, 1}}, {0x30,0x74,0x01,0x0F,0x23,0x8F,0xFE,0x9D,0x93,0xBF,0x63,0x05,0x88,0x02,0x38,0xF5,0x9C,0x50,0xFF,0xFF,0xFD,0x3F,0x00,0x00,0x05,0x30,0xF5,0x4E,0x88,0xFF,0x5F,0xFF,0x3F,0x00,0xE0,0x04,0x68,0xEA,0x33,0x21}},
    {1096, 24, 0x0F, 3, 0, {-23704, -27867, -4183223}, {{37, -691, 4247}, {20, -344, 2125}, {39, -693, 4252}}, {{1, -8, 4}, {-6, -9, 2}}, {0x48,0x84,0x01,0x0F,0xA3,0x8D,0xFE,0x25,0x93,0x3F,0x69,0x05,0x58,0x02,0x34,0xF5,0x97,0x50,0x00,0x00,0xFE,0x3F,0x01,0x00,0x05,0x40,0xF5,0x4D,0x48,0xFF,0xFF,0xFE,0x5F,0x00,0xE0,0x04,0x58,0xEA,0x39,0x21}},
    {1120, 24, 0x0F, 3, 0, {-23792, -28015, -4183187}, {{41, -691, 4252}, {21, -344, 2125}, {41, -692, 4249}}, {{-1, -6, 3}, {-1, -9, 3}}, {0x60,0x84,0x01,0x0F,0x43,0x8C,0xFE,0x91,0x92,0xBF,0x6D,0x05,0x98,0x02,0x34,0xF5,0x9C,0xD0,0xFF,0xBF,0xFE,0xFF,0x00,0x40,0x05,0x40,0xF5,0x4D,0xE8,0xFF,0xFF,0xFE,0x7F,0x00,0x20,0x05,0x60,0xEA,0x33,0x21}},
    {1144, 24, 0x0F, 3, 0, {-23848, -28167, -4183119}, {{42, -694, 4251}, {21, -346, 2127}, {40, -688, 4253}}, {{-2, -8, 1}, {-1, -7, 2}}, {0x78,0x84,0x01,0x0F,0x63,0x8B,0xFE,0xF9,0x91,0x3F,0x76,0x05,0xA8,0x02,0x28,0xF5,0x9B,0x90,0xFF,0x3F,0xFE,0x7F,0x00,0x40,0x05,0x30,0xF5,0x4F,0xE8,0xFF,0x3F,0xFF,0x5F,0x00,0x00,0x05,0x80,0xEA,0x3B,0x21}},
    {1168, 24, 0x0F, 3, 0, {-23904, -28295, -4183091}, {{39, -690, 4249}, {20, -345, 2126}, {40, -692, 4250}}, {{-1, -8, 1}, {-2, -5, 8}}, {0x90,0x84,0x01,0x0F,0x83,0x8A,0xFE,0x79,0x91,0xBF,0x79,0x05,0x78,0x02,0x38,0xF5,0x99,0xD0,0xFF,0x3F,0xFE,0x7F,0x00,0x00,0x05,0x38,0xF5,0x4E,0xC8,0xFF,0x7F,0xFF,0x1F,0x01,0x00,0x05,0x60,0xEA,0x35,0x21}},
    {1192, 24, 0x0F, 3, 0, {-23968, -28411, -4183039}, {{40, -691, 4252}, {21, -345, 2127}, {40, -688, 4252}}, {{-4, -7, 4}, {-2, -10, 7}}, {0xA8,0x84,0x01,0x0F,0x83,0x89,0xFE,0x05,0x91,0x3F,0x80,0x05,0x88,0x02,0x34,0xF5,0x9C,0x10,0xFF,0x7F,0xFE,0x3F,0x01,0x40,0x05,0x38,0xF5,0x4F,0xC8,0xFF,0xDF,0xFE,0xFF,0x00,0x00,0x05,0x80,0xEA,0x39,0x21}},
    {1215, 23, 0x0F, 3, 0, {-24080, -28555, -4182943}, {{39, -689, 4253}, {21, -346, 2127}, {38, -693, 4249}}, {{-2, -9, 3}, {-5, -8, 3}}, {0xBF,0x74,0x01,0x0F,0xC3,0x87,0xFE,0x75,0x90,0x3F,0x8C,0x05,0x78,0x02,0x3C,0xF5,0x9D,0x90,0xFF,0xFF,0xFD,0xFF,0x00,0x40,0x05,0x30,0xF5,0x4F,0x68,0xFF,0x1F,0xFF,0x7F,0x00,0xC0,0x04,0x58,0xEA,0x33,0x21}},
    {1239, 24, 0x0F, 3, 0, {-24160, -28703, -4182891}, {{38, -692, 4249}, {21, -345, 2126}, {42, -690, 4252}}, {{-4, -7, 3}, {-1, -10, 3}}, {0xD7,0x84,0x01,0x0F,0x83,0x86,0xFE,0xE1,0x8F,0xBF,0x92,0x05,0x68,0x02,0x30,0xF5,0x99,0x10,0xFF,0x7F,0xFE,0xFF,0x00,0x40,0x05,0x38,0xF5,0x4E,0xE8,0xFF,0xDF,0xFE,0x7F,0x00,0x40,0x05,0x70,0xEA,0x39,0x21}},
    {1263, 24, 0x0F, 3, 0, {-24272, -28843, -4182831}, {{42, -689, 4251}, {21, -345, 2124}, {39, -688, 4250}}, {{-4, -7, 8}, {-6, -7, 8}}, {0xEF,0x84,0x01,0x0F,0xC3,0x84,0xFE,0x55,0x8F,0x3F,0x9A,0x05,0xA8,0x02,0x3C,0xF5,0x9B,0x10,0xFF,0x7F,0xFE,0x3F,0x02,0x40,0x05,0x38,0xF5,0x4C,0x48,0xFF,0x3F,0xFF,0x1F,0x01,0xE0,0x04,0x80,0xEA,0x35,0x21}},
    {1287, 24, 0x0F, 3, 0, {-24440, -28959, -4182723}, {{40, -690, 4254}, {19, -345, 2126}, {39, -688, 4251}}, {{-3, -7, 6}, {-2, -11, 5}}, {0x07,0x85,0x01,0x0F,0x23,0x82,0xFE,0xE1,0x8E,0xBF,0xA7,0x05,0x88,0x02,0x38,0xF5,0x9E,0x50,0xFF,0x7F,0xFE,0xBF,0x01,0xC0,0x04,0x38,0xF5,0x4E,0xC8,0xFF,0xBF,0xFE,0xBF,0x00,0xE0,0x04,0x80,0xEA,0x37,0x21}},
    {1311, 24, 0x0F, 3, 0, {-24552, -29099, -4182627}, {{40, -688, 4249}, {20, -345, 2125}, {41, -691, 4252}}, {{-3, -8, 3}, {-4, -6, -3}}, {0x1F,0x85,0x01,0x0F,0x63,0x80,0xFE,0x55,0x8E,0xBF,0xB3,0x05,0x88,0x02,0x40,0xF5,0x99,0x50,0xFF,0x3F,0xFE,0xFF,0x00,0x00,0x05,0x38,0xF5,0x4D,0x88,0xFF,0x5F,0xFF,0xBF,0xFF,0x3F,0x05,0x68,0xEA,0x39,0x21}},
    {1335, 24, 0x0F, 3, 0, {-24664, -29231, -4182615}, {{41, -692, 4253}, {21, -346, 2124}, {42, -691, 4251}}, {{-1, -7, 7}, {-1, -7, 3}}, {0x37,0x85,0x01,0x0F,0xA3,0x7E,0xFE,0xD1,0x8D,0x3F,0xB5,0x05,0x98,0x02,0x30,0xF5,0x9D,0xD0,0xFF,0x7F,0xFE,0xFF,0x01,0x40,0x05,0x30,0xF5,0x4C,0xE8,0xFF,0x3F,0xFF,0x7F,0x00,0x40,0x05,0x68,0xEA,0x37,0x21}},
    {1358, 23, 0x0F, 3, 0, {-24712, -29359, -4182539}, {{38, -693, 4251}, {19, -345, 2125}, {41, -692, 4251}}, {{-2, -9, 4}, {-6, -8, 3}}, {0x4E,0x75,0x01,0x0F,0xE3,0x7D,0xFE,0x51,0x8D,0xBF,0xBE,0x05,0x68,0x02,0x2C,0xF5,0x9B,0x90,0xFF,0xFF,0xFD,0x3F,0x01,0xC0,0x04,0x38,0xF5,0x4D,0x48,0xFF,0x1F,0xFF,0x7F,0x00,0x20,0x05,0x60,0xEA,0x37,0x21}},
    {1382, 24, 0x0F, 3, 0, {-24824, -29495, -4182483}, {{41, -691, 4252}, {21, -345, 2126}, {39, -690, 4251}}, {{0, -6, 2}, {-1, -5, -2}}, {0x66,0x85,0x01,0x0F,0x23,0x7C,0xFE,0xC9,0x8C,0xBF,0xC5,0x05,0x98,0x02,0x34,0xF5,0x9C,0x10,0x00,0x80,0xFE,0xBF,0x00,0x40,0x05,0x38,0xF5,0x4E,0xE8,0xFF,0x7F,0xFF,0xDF,0xFF,0xFF,0x04,0x70,0xEA,0x37,0x21}},
    {1406, 24, 0x0F, 3, 0, {-24864, -29591, -4182483}, {{38, -691, 4248}, {19, -347, 2124}, {40, -694, 4250}}, {{0, -9, 5}, {-4, -8, 8}}, {0x7E,0x85,0x01,0x0F,0x83,0x7B,0xFE,0x69,0x8C,0xBF,0xC5,0x05,0x68,0x02,0x34,0xF5,0x98,0x10,0x00,0xC0,0xFD,0x7F,0x01,0xC0,0x04,0x28,0xF5,0x4C,0x88,0xFF,0x1F,0xFF,0x1F,0x01,0x00,0x05,0x50,0xEA,0x35,0x21}},
    {1430, 24, 0x0F, 3, 0, {-24944, -29715, -4182399}, {{41, -690, 4253}, {20, -344, 2125}, {40, -688, 4254}}, {{-2, -8, -1}, {-2, -9, 0}}, {0x96,0x85,0x01,0x0F,0x43,0x7A,0xFE,0xED,0x8B,0x3F,0xD0,0x05,0x98,0x02,0x38,0xF5,0x9D,0x90,0xFF,0x3F,0xFE,0xFF,0xFF,0x3F,0x05,0x40,0xF5,0x4D,0xC8,0xFF,0xFF,0xFE,0x1F,0x00,0x00,0x05,0x80,0xEA,0x3D,0x21}},
    {1454, 24, 0x0F, 3, 0, {-25008, -29847, -4182387}, {{40, -688, 4252}, {20, -344, 2128}, {42, -690, 4252}}, {{-4, -10, 2}, {-1, -10, 0}}, {0xAE,0x85,0x01,0x0F,0x43,0x79,0xFE,0x69,0x8B,0xBF,0xD1,0x05,0x88,0x02,0x40,0xF5,0x9C,0x10,0xFF,0xBF,0xFD,0xBF,0x00,0x00,0x05,0x40,0xF5,0x50,0xE8,0xFF,0xDF,0xFE,0x1F,0x00,0x40,0x05,0x70,0xEA,0x39,0x21}},
    {1478, 24, 0x0F, 3, 0, {-25096, -29999, -4182355}, {{41, -691, 4252}, {19, -345, 2128}, {38, -691, 4251}}, {{-3, -8, 4}, {-3, -11, 0}}, {0xC6,0x85,0x01,0x0F,0xE3,0x77,0xFE,0xD1,0x8A,0xBF,0xD5,0x05,0x98,0x02,0x34,0xF5,0x9C,0x50,0xFF,0x3F,0xFE,0x3F,0x01,0xC0,0x04,0x38,0xF5,0x50,0xA8,0xFF,0xBF,0xFE,0x1F,0x00,0xC0,0x04,0x68,0xEA,0x37,0x21}},
    {1501, 23, 0x0F, 3, 0, {-25176, -30167, -4182323}, {{40, -688, 4252}, {21, -344, 2125}, {41, -689, 4252}}, {{-3, -3, -2}, {-3, -7, 1}}, {0xDD,0x75,0x01,0x0F,0xA3,0x76,0xFE,0x29,0x8A,0xBF,0xD9,0x05,0x88,0x02,0x40,0xF5,0x9C,0x50,0xFF,0x7F,0xFF,0xBF,0xFF,0x7F,0x05,0x40,0xF5,0x4D,0xA8,0xFF,0x3F,0xFF,0x3F,0x00,0x20,0x05,0x78,0xEA,0x39,0x21}},
    {1525, 24, 0x0F, 3, 0, {-25288, -30263, -4182311}, {{40, -689, 4251}, {20, -345, 2126}, {44, -689, 4251}}, {{-4, -8, 7}, {-3, -11, 1}}, {0xF5,0x85,0x01,0x0F,0xE3,0x74,0xFE,0xC9,0x89,0x3F,0xDB,0x05,0x88,0x02,0x3C,0xF5,0x9B,0x10,0xFF,0x3F,0xFE,0xFF,0x01,0x00,0x05,0x38,0xF5,0x4E,0xA8,0xFF,0xBF,0xFE,0x3F,0x00,0x80,0x05,0x78,0xEA,0x37,0x21}},
    {1549, 24, 0x0F, 3, 0, {-25384, -30423, -4182247}, {{42, -688, 4252}, {20, -345, 2125}, {42, -690, 4249}}, {{-1, -9, -1}, {-3, -11, 5}}, {0x0D,0x86,0x01,0x0F,0x63,0x73,0xFE,0x29,0x89,0x3F,0xE3,0x05,0xA8,0x02,0x40,0xF5,0x9C,0xD0,0xFF,0xFF,0xFD,0xFF,0xFF,0x3F,0x05,0x38,0xF5,0x4D,0xA8,0xFF,0xBF,0xFE,0xBF,0x00,0x40,0x05,0x70,0xEA,0x33,0x21}},
    {1573, 24, 0x0F, 3, 0, {-25448, -30579, -4182187}, {{41, -692, 4250}, {19, -345, 2126}, {38, -689, 4253}}, {{-2, -5, 7}, {-3, -8, 2}}, {0x25,0x86,0x01,0x0F,0x63,0x72,0xFE,0x8D,0x88,0xBF,0xEA,0x05,0x98,0x02,0x30,0xF5,0x9A,0x90,0xFF,0xFF,0xFE,0xFF,0x01,0xC0,0x04,0x38,0xF5,0x4E,0xA8,0xFF,0x1F,0xFF,0x5F,0x00,0xC0,0x04,0x78,0xEA,0x3B,0x21}},
    {1597, 24, 0x0F, 3, 0, {-25568, -30695, -4182131}, {{38, -690, 4251}, {20, -345, 2125}, {40, -689, 4251}}, {{-3, -9, 4}, {-5, -8, 5}}, {0x3D,0x86,0x01,0x0F,0x83,0x70,0xFE,0x19,0x88,0xBF,0xF1,0x05,0x68,0x02,0x38,0xF5,0x9B,0x50,0xFF,0xFF,0xFD,0x3F,0x01,0x00,0x05,0x38,0xF5,0x4D,0x68,0xFF,0x1F,0xFF,0xBF,0x00,0x00,0x05,0x78,0xEA,0x37,0x21}},
    {1621, 24, 0x0F, 3, 0, {-25696, -30847, -4182079}, {{41, -688, 4248}, {20, -345, 2123}, {42, -689, 4250}}, {{-5, -9, 5}, {-2, -9, 2}}, {0x55,0x86,0x01,0x0F,0x83,0x6E,0xFE,0x81,0x87,0x3F,0xF8,0x05,0x98,0x02,0x40,0xF5,0x98,0xD0,0xFE,0xFF,0xFD,0x7F,0x01,0x00,0x05,0x38,0xF5,0x4B,0xC8,0xFF,0xFF,0xFE,0x5F,0x00,0x40,0x05,0x78,0xEA,0x35,0x21}},
    {1644, 23, 0x0F, 3, 0, {-25800, -30987, -4182039}, {{40, -693, 4251}, {21, -346, 2127}, {40, -693, 4248}}, {{-2, -7, 3}, {-5, -7, -2}}, {0x6C,0x76,0x01,0x0F,0xE3,0x6C,0xFE,0xF5,0x86,0x3F,0xFD,0x05,0x88,0x02,0x2C,0xF5,0x9B,0x90,0xFF,0x7F,0xFE,0xFF,0x00,0x40,0x05,0x30,0xF5,0x4F,0x68,0xFF,0x3F,0xFF,0xDF,0xFF,0x1F,0x05,0x58,0xEA,0x31,0x21}},
    {1668, 24, 0x0F, 3, 0, {-25872, -31103, -4182011}, {{41, -690, 4244}, {21, -345, 2123}, {40, -688, 4249}}, {{-5, -9, 4}, {-3, -8, 8}}, {0x84,0x86,0x01,0x0F,0xC3,0x6B,0xFE,0x81,0x86,0xBF,0x00,0x06,0x98,0x02,0x38,0xF5,0x94,0xD0,0xFE,0xFF,0xFD,0x3F,0x01,0x40,0x05,0x38,0xF5,0x4B,0xA8,0xFF,0x1F,0xFF,0x1F,0x01,0x00,0x05,0x80,0xEA,0x33,0x21}},
    {1692, 24, 0x0F, 3, 0, {-25984, -31251, -4181915}, {{39, -690, 4249}, {21, -345, 2124}, {38, -690, 4253}}, {{-1, -9, 4}, {-3, -7, 8}}, {0x9C,0x86,0x01,0x0F,0x03,0x6A,0xFE,0xED,0x85,0xBF,0x0C,0x06,0x78,0x02,0x38,0xF5,0x99,0xD0,0xFF,0xFF,0xFD,0x3F,0x01,0x40,0x05,0x38,0xF5,0x4C,0xA8,0xFF,0x3F,0xFF,0x1F,0x01,0xC0,0x04,0x70,0xEA,0x3B,0x21}},
    {1716, 24, 0x0F, 3, 0, {-26096, -31379, -4181815}, {{40, -687, 4247}, {21, -344, 2123}, {40, -691, 4252}}, {{-2, -7, 4}, {-4, -5, -1}}, {0xB4,0x86,0x01,0x0F,0x43,0x68,0xFE,0x6D,0x85,0x3F,0x19,0x06,0x88,0x02,0x44,0xF5,0x97,0x90,0xFF,0x7F,0xFE,0x3F,0x01,0x40,0x05,0x40,0xF5,0x4B,0x88,0xFF,0x7F,0xFF,0xFF,0xFF,0x1F,0x05,0x68,0xEA,0x39,0x21}},
    {1740, 24, 0x0F, 3, 0, {-26208, -31495, -4181771}, {{42, -690, 4250}, {20, -345, 2125}, {41, -690, 4251}}, {{-4, -8, 2}, {-4, -8, 2}}, {0xCC,0x86,0x01,0x0F,0x83,0x66,0xFE,0xF9,0x84,0xBF,0x1E,0x06,0xA8,0x02,0x38,0xF5,0x9A,0x10,0xFF,0x3F,0xFE,0xBF,0x00,0x00,0x05,0x38,0xF5,0x4D,0x88,0xFF,0x1F,0xFF,0x5F,0x00,0x20,0x05,0x70,0xEA,0x37,0x21}},
    {1763, 23, 0x0F, 3, 0, {-26312, -31619, -4181731}, {{41, -689, 4257}, {20, -345, 2127}, {40, -691, 4250}}, {{-3, -6, 2}, {-2, -6, 4}}, {0xE3,0x76,0x01,0x0F,0xE3,0x64,0xFE,0x7D,0x84,0xBF,0x23,0x06,0x98,0x02,0x3C,0xF5,0xA1,0x50,0xFF,0xBF,0xFE,0xBF,0x00,0x00,0x05,0x38,0xF5,0x4F,0xC8,0xFF,0x5F,0xFF,0x9F,0x00,0x00,0x05,0x68,0xEA,0x35,0x21}},
    {1787, 24, 0x0F, 3, 0, {-26376, -31723, -4181679}, {{42, -690, 4253}, {20, -345, 2125}, {41, -692, 4250}}, {{-6, -8, 2}, {-3, -8, 4}}, {0xFB,0x86,0x01,0x0F,0xE3,0x63,0xFE,0x15,0x84,0x3F,0x2A,0x06,0xA8,0x02,0x38,0xF5,0x9D,0x90,0xFE,0x3F,0xFE,0xBF,0x00,0x00,0x05,0x38,0xF5,0x4D,0xA8,0xFF,0x1F,0xFF,0x9F,0x00,0x20,0x05,0x60,0xEA,0x35,0x21}},
    {1811, 24, 0x0F, 3, 0, {-26504, -31851, -4181639}, {{39, -690, 4254}, {20, -346, 2124}, {42, -689, 4249}}, {{-4, -6, 5}, {-1, -8, 9}}, {0x13,0x87,0x01,0x0F,0xE3,0x61,0xFE,0x95,0x83,0x3F,0x2F,0x06,0x78,0x02,0x38,0xF5,0x9E,0x10,0xFF,0xBF,0xFE,0x7F,0x01,0x00,0x05,0x30,0xF5,0x4C,0xE8,0xFF,0x1F,0xFF,0x3F,0x01,0x40,0x05,0x78,0xEA,0x33,0x21}},
    {1835, 24, 0x0F, 3, 0, {-26616, -31979, -4181543}, {{39, -690, 4249}, {19, -345, 2125}, {42, -688, 4255}}, {{-4, -8, -1}, {-5, -10, 3}}, {0x2B,0x87,0x01,0x0F,0x23,0x60,0xFE,0x15,0x83,0x3F,0x3B,0x06,0x78,0x02,0x38,0xF5,0x99,0x10,0xFF,0x3F,0xFE,0xFF,0xFF,0xFF,0x04,0x38,0xF5,0x4D,0x68,0xFF,0xDF,0xFE,0x7F,0x00,0x40,0x05,0x80,0xEA,0x3F,0x21}},
    {1859, 24, 0x0F, 3, 0, {-26800, -32127, -4181503}, {{39, -689, 4254}, {19, -344, 2125}, {39, -692, 4250}}, {{0, -7, 6}, {-3, -8, 7}}, {0x43,0x87,0x01,0x0F,0x43,0x5D,0xFE,0x81,0x82,0x3F,0x40,0x06,0x78,0x02,0x3C,0xF5,0x9E,0x10,0x00,0x40,0xFE,0xBF,0x01,0xC0,0x04,0x40,0xF5,0x4D,0xA8,0xFF,0x1F,0xFF,0xFF,0x00,0xE0,0x04,0x60,0xEA,0x35,0x21}},
    {1883, 24, 0x0F, 3, 0, {-26872, -32243, -4181411}, {{39, -690, 4252}, {19, -344, 2125}, {40, -688, 4245}}, {{-3, -8, -1}, {-4, -10, 2}}, {0x5B,0x87,0x01,0x0F,0x23,0x5C,0xFE,0x0D,0x82,0xBF,0x4B,0x06,0x78,0x02,0x38,0xF5,0x9C,0x50,0xFF,0x3F,0xFE,0xFF,0xFF,0xFF,0x04,0x40,0xF5,0x4D,0x88,0xFF,0xDF,0xFE,0x5F,0x00,0x00,0x05,0x80,0xEA,0x2B,0x21}},
    {1906, 23, 0x0F, 3, 0, {-26984, -32383, -4181387}, {{38, -690, 4246}, {19, -346, 2124}, {39, -691, 4248}}, {{-5, -11, 5}, {-5, -5, 4}}, {0x72,0x77,0x01,0x0F,0x63,0x5A,0xFE,0x81,0x81,0xBF,0x4E,0x06,0x68,0x02,0x38,0xF5,0x96,0xD0,0xFE,0x7F,0xFD,0x7F,0x01,0xC0,0x04,0x30,0xF5,0x4C,0x68,0xFF,0x7F,0xFF,0x9F,0x00,0xE0,0x04,0x68,0xEA,0x31,0x21}},
    {1930, 24, 0x0F, 3, 0, {-27120, -32495, -4181307}, {{42, -693, 4251}, {21, -346, 2125}, {41, -691, 4251}}, {{-1, -7, 5}, {-4, -8, 6}}, {0x8A,0x87,0x01,0x0F,0x43,0x58,0xFE,0x11,0x81,0xBF,0x58,0x06,0xA8,0x02,0x2C,0xF5,0x9B,0xD0,0xFF,0x7F,0xFE,0x7F,0x01,0x40,0x05,0x30,0xF5,0x4D,0x88,0xFF,0x1F,0xFF,0xDF,0x00,0x20,0x05,0x68,0xEA,0x37,0x21}},
    {1954, 24, 0x0F, 3, 0, {-27248, -32615, -4181183}, {{40, -692, 4249}, {21, -346, 2125}, {41, -688, 4251}}, {{-4, -9, 3}, {-4, -8, 6}}, {0xA2,0x87,0x01,0x0F,0x43,0x56,0xFE,0x99,0x80,0x3F,0x68,0x06,0x88,0x02,0x30,0xF5,0x99,0x10,0xFF,0xFF,0xFD,0xFF,0x00,0x40,0x05,0x30,0xF5,0x4D,0x88,0xFF,0x1F,0xFF,0xDF,0x00,0x20,0x05,0x80,0xEA,0x37,0x21}},
    {1978, 24, 0x0F, 3, 0, {-27368, -32731, -4181119}, {{41, -687, 4251}, {20, -345, 2126}, {41, -690, 4249}}, {{-2, -9, 5}, {-4, -5, 7}}, {0xBA,0x87,0x01,0x0F,0x63,0x54,0xFE,0x25,0x80,0x3F,0x70,0x06,0x98,0x02,0x44,0xF5,0x9B,0x90,0xFF,0xFF,0xFD,0x7F,0x01,0x00,0x05,0x38,0xF5,0x4E,0x88,0xFF,0x7F,0xFF,0xFF,0x00,0x20,0x05,0x70,0xEA,0x33,0x21}},
    {2002, 24, 0x0F, 3, 0, {-27496, -32851, -4181043}, {{41, -689, 4250}, {21, -344, 2125}, {41, -688, 4251}}, {{-5, -8, 3}, {-2, -8, 3}}, {0xD2,0x87,0x01,0x0F,0x63,0x52,0xFE,0xAD,0x7F,0xBF,0x79,0x06,0x98,0x02,0x3C,0xF5,0x9A,0xD0,0xFE,0x3F,0xFE,0xFF,0x00,0x40,0x05,0x40,0xF5,0x4D,0xC8,0xFF,0x1F,0xFF,0x7F,0x00,0x20,0x05,0x80,0xEA,0x37,0x21}},
    {2026, 24, 0x0F, 3, 0, {-27616, -32987, -4181027}, {{43, -691, 4250}, {20, -346, 2124}, {40, -691, 4248}}, {{-3, -8, 3}, {-1, -6, 4}}, {0xEA,0x87,0x01,0x0F,0x83,0x50,0xFE,0x25,0x7F,0xBF,0x7B,0x06,0xB8,0x02,0x34,0xF5,0x9A,0x50,0xFF,0x3F,0xFE,0xFF,0x00,0x00,0x05,0x30,0xF5,0x4C,0xE8,0xFF,0x5F,0xFF,0x9F,0x00,0x00,0x05,0x68,0xEA,0x31,0x21}},
    {2049, 23, 0x0F, 3, 0, {-27664, -33111, -4180971}, {{39, -690, 4250}, {19, -345, 2124}, {40, -691, 4251}}, {{-2, -9, 5}, {-1, -7, 4}}, {0x01,0x78,0x01,0x0F,0xC3,0x4F,0xFE,0xA9,0x7E,0xBF,0x82,0x06,0x78,0x02,0x38,0xF5,0x9A,0x90,0xFF,0xFF,0xFD,0x7F,0x01,0xC0,0x04,0x38,0xF5,0x4C,0xE8,0xFF,0x3F,0xFF,0x9F,0x00,0x00,0x05,0x68,0xEA,0x37,0x21}},
    {2073, 24, 0x0F, 3, 0, {-27744, -33227, -4180903}, {{41, -690, 4251}, {22, -345, 2125}, {44, -688, 4252}}, {{-7, -5, -2}, {-5, -8, -1}}, {0x19,0x88,0x01,0x0F,0x83,0x4E,0xFE,0x35,0x7E,0x3F,0x8B,0x06,0x98,0x02,0x38,0xF5,0x9B,0x50,0xFE,0xFF,0xFE,0xBF,0xFF,0xBF,0x05,0x38,0xF5,0x4D,0x68,0xFF,0x1F,0xFF,0xFF,0xFF,0x9F,0x05,0x80,0xEA,0x39,0x21}},
    {2097, 24, 0x0F, 3, 0, {-27920, -33323, -4180895}, {{40, -689, 4246}, {21, -345, 2125}, {42, -692, 4251}}, {{-6, -9, 1}, {-3, -8, 5}}, {0x31,0x88,0x01,0x0F,0xC3,0x4B,0xFE,0xD5,0x7D,0x3F,0x8C,0x06,0x88,0x02,0x3C,0xF5,0x96,0x90,0xFE,0xFF,0xFD,0x7F,0x00,0x40,0x05,0x38,0xF5,0x4D,0xA8,0xFF,0x1F,0xFF,0xBF,0x00,0x40,0x05,0x60,0xEA,0x37,0x21}},
    {2121, 24, 0x0F, 3, 0, {-28088, -33459, -4180843}, {{40, -693, 4247}, {20, -346, 2126}, {43, -691, 4253}}, {{-2, -9, 7}, {-2, -9, 3}}, {0x49,0x88,0x01,0x0F,0x23,0x49,0xFE,0x4D,0x7D,0xBF,0x92,0x06,0x88,0x02,0x2C,0xF5,0x97,0x90,0xFF,0xFF,0xFD,0xFF,0x01,0x00,0x05,0x30,0xF5,0x4E,0xC8,0xFF,0xFF,0xFE,0x7F,0x00,0x60,0x05,0x68,0xEA,0x3B,0x21}},
    {2145, 24, 0x0F, 3, 0, {-28152, -33591, -4180787}, {{41, -692, 4254}, {22, -345, 2125}, {43, -689, 4252}}, {{-5, -9, 5}, {-5, -10, 1}}, {0x61,0x88,0x01,0x0F,0x23,0x48,0xFE,0xC9,0x7C,0xBF,0x99,0x06,0x98,0x02,0x30,0xF5,0x9E,0xD0,0xFE,0xFF,0xFD,0x7F,0x01,0x80,0x05,0x38,0xF5,0x4D,0x68,0xFF,0xDF,0xFE,0x3F,0x00,0x60,0x05,0x78,0xEA,0x39,0x21}},
    {2169, 24, 0x0F, 3, 0, {-28312, -33755, -4180751}, {{42, -690, 4251}, {20, -346, 2124}, {41, -690, 4247}}, {{-4, -7, 3}, {-3, -7, 3}}, {0x79,0x88,0x01,0x0F,0xA3,0x45,0xFE,0x25,0x7C,0x3F,0x9E,0x06,0xA8,0x02,0x38,0xF5,0x9B,0x10,0xFF,0x7F,0xFE,0xFF,0x00,0x00,0x05,0x30,0xF5,0x4C,0xA8,0xFF,0x3F,0xFF,0x7F,0x00,0x20,0x05,0x70,0xEA,0x2F,0x21}},
    {2192, 23, 0x0F, 3, 0, {-28432, -33867, -4180723}, {{40, -690, 4251}, {20, -345, 2127}, {40, -688, 4250}}, {{-3, -8, 0}, {-4, -7, 1}}, {0x90,0x78,0x01,0x0F,0xC3,0x43,0xFE,0xB5,0x7B,0xBF,0xA1,0x06,0x88,0x02,0x38,0xF5,0x9B,0x50,0xFF,0x3F,0xFE,0x3F,0x00,0x00,0x05,0x38,0xF5,0x4F,0x88,0xFF,0x3F,0xFF,0x3F,0x00,0x00,0x05,0x80,0xEA,0x35,0x21}},
    {2216, 24, 0x0F, 3, 0, {-28568, -33987, -4180719}, {{39, -691, 4251}, {21, -345, 2124}, {40, -688, 4251}}, {{-1, -8, 2}, {-2, -10, 4}}, {0xA8,0x88,0x01,0x0F,0xA3,0x41,0xFE,0x3D,0x7B,0x3F,0xA2,0x06,0x78,0x02,0x34,0xF5,0x9B,0xD0,0xFF,0x3F,0xFE,0xBF,0x00,0x40,0x05,0x38,0xF5,0x4C,0xC8,0xFF,0xDF,0xFE,0x9F,0x00,0x00,0x05,0x80,0xEA,0x37,0x21}},
    {2240, 24, 0x0F, 3, 0, {-28648, -34139, -4180651}, {{42, -688, 4249}, {20, -345, 2124}, {42, -690, 4251}}, {{-2, -10, 4}, {-5, -9, 9}}, {0xC0,0x88,0x01,0x0F,0x63,0x40,0xFE,0xA5,0x7A,0xBF,0xAA,0x06,0xA8,0x02,0x40,0xF5,0x99,0x90,0xFF,0xBF,0xFD,0x3F,0x01,0x00,0x05,0x38,0xF5,0x4C,0x68,0xFF,0xFF,0xFE,0x3F,0x01,0x40,0x05,0x70,0xEA,0x37,0x21}},
    {2264, 24, 0x0F, 3, 0, {-28744, -34299, -4180559}, {{40, -690, 4250}, {20, -345, 2125}, {41, -691, 4250}}, {{-3, -8, 1}, {-3, -7, 0}}, {0xD8,0x88,0x01,0x0F,0xE3,0x3E,0xFE,0x05,0x7A,0x3F,0xB6,0x06,0x88,0x02,0x38,0xF5,0x9A,0x50,0xFF,0x3F,0xFE,0x7F,0x00,0x00,0x05,0x38,0xF5,0x4D,0xA8,0xFF,0x3F,0xFF,0x1F,0x00,0x20,0x05,0x68,0xEA,0x35,0x21}},
    {2288, 24, 0x0F, 3, 0, {-28856, -34431, -4180547}, {{39, -691, 4253}, {21, -344, 2127}, {42, -691, 4252}}, {{-3, -9, 1}, {-5, -6, 0}}, {0xF0,0x88,0x01,0x0F,0x23,0x3D,0xFE,0x81,0x79,0xBF,0xB7,0x06,0x78,0x02,0x34,0xF5,0x9D,0x50,0xFF,0xFF,0xFD,0x7F,0x00,0x40,0x05,0x40,0xF5,0x4F,0x68,0xFF,0x5F,0xFF,0x1F,0x00,0x40,0x05,0x68,0xEA,0x39,0x21}},
    {2312, 24, 0x0F, 3, 0, {-28976, -34547, -4180543}, {{42, -689, 4253}, {20, -343, 2125}, {42, -690, 4250}}, {{-1, -8, 5}, {-8, -8, 4}}, {0x08,0x89,0x01,0x0F,0x43,0x3B,0xFE,0x0D,0x79,0x3F,0xB8,0x06,0xA8,0x02,0x3C,0xF5,0x9D,0xD0,0xFF,0x3F,0xFE,0x7F,0x01,0x00,0x05,0x48,0xF5,0x4D,0x08,0xFF,0x1F,0xFF,0x9F,0x00,0x40,0x05,0x70,0xEA,0x35,0x21}},
    {2335, 23, 0x0F, 3, 0, {-29104, -34683, -4180483}, {{40, -691, 4250}, {20, -345, 2125}, {38, -689, 4250}}, {{-5, -7, 4}, {-3, -9, 0}}, {0x1F,0x79,0x01,0x0F,0x43,0x39,0xFE,0x85,0x78,0xBF,0xBF,0x06,0x88,0x02,0x34,0xF5,0x9A,0xD0,0xFE,0x7F,0xFE,0x3F,0x01,0x00,0x05,0x38,0xF5,0x4D,0xA8,0xFF,0xFF,0xFE,0x1F,0x00,0xC0,0x04,0x78,0xEA,0x35,0x21}},
    {2359, 24, 0x0F, 3, 0, {-29264, -34819, -4180415}, {{40, -689, 4244}, {20, -345, 2123}, {39, -690, 4246}}, {{-5, -10, 9}, {0, -10, 4}}, {0x37,0x89,0x01,0x0F,0xC3,0x36,0xFE,0xFD,0x77,0x3F,0xC8,0x06,0x88,0x02,0x3C,0xF5,0x94,0xD0,0xFE,0xBF,0xFD,0x7F,0x02,0x00,0x05,0x38,0xF5,0x4B,0x08,0x00,0xC0,0xFE,0x9F,0x00,0xE0,0x04,0x70,0xEA,0x2D,0x21}},
    {2383, 24, 0x0F, 3, 0, {-29360, -34983, -4180315}, {{41, -692, 4247}, {21, -345, 2125}, {40, -691, 4252}}, {{-4, -7, 4}, {-2, -8, 3}}, {0x4F,0x89,0x01,0x0F,0x43,0x35,0xFE,0x59,0x77,0xBF,0xD4,0x06,0x98,0x02,0x30,0xF5,0x97,0x10,0xFF,0x7F,0xFE,0x3F,0x01,0x40,0x05,0x38,0xF5,0x4D,0xC8,0xFF,0x1F,0xFF,0x7F,0x00,0x00,0x05,0x68,0xEA,0x39,0x21}},
    {2407, 24, 0x0F, 3, 0, {-29488, -35111, -4180259}, {{41, -691, 4249}, {19, -345, 2124}, {38, -688, 4248}}, {{-4, -12, 4}, {-5, -7, 9}}, {0x67,0x89,0x01,0x0F,0x43,0x33,0xFE,0xD9,0x76,0xBF,0xDB,0x06,0x98,0x02,0x34,0xF5,0x99,0x10,0xFF,0x3F,0xFD,0x3F,0x01,0xC0,0x04,0x38,0xF5,0x4C,0x68,0xFF,0x3F,0xFF,0x3F,0x01,0xC0,0x04,0x80,0xEA,0x31,0x21}},
    {2431, 24, 0x0F, 3, 0, {-29592, -35239, -4180175}, {{37, -692, 4251}, {20, -345, 2124}, {39, -692, 4256}}, {{1, -7, 1}, {-2, -9, 1}}, {0x7F,0x89,0x01,0x0F,0xA3,0x31,0xFE,0x59,0x76,0x3F,0xE6,0x06,0x58,0x02,0x30,0xF5,0x9B,0x50,0x00,0x40,0xFE,0x7F,0x00,0x00,0x05,0x38,0xF5,0x4C,0xC8,0xFF,0xFF,0xFE,0x3F,0x00,0xE0,0x04,0x60,0xEA,0x41,0x21}},
    {2455, 24, 0x0F, 3, 0, {-29648, -35359, -4180155}, {{41, -693, 4252}, {20, -346, 2125}, {42, -693, 4249}}, {{-4, -8, 6}, {-8, -7, 6}}, {0x97,0x89,0x01,0x0F,0xC3,0x30,0xFE,0xE1,0x75,0xBF,0xE8,0x06,0x98,0x02,0x2C,0xF5,0x9C,0x10,0xFF,0x3F,0xFE,0xBF,0x01,0x00,0x05,0x30,0xF5,0x4D,0x08,0xFF,0x3F,0xFF,0xDF,0x00,0x40,0x05,0x58,0xEA,0x33,0x21}},
    {2478, 23, 0x0F, 3, 0, {-29856, -35487, -4180059}, {{40, -691, 4248}, {20, -345, 2125}, {41, -690, 4249}}, {{-5, -5, -1}, {-6, -5, 5}}, {0xAE,0x79,0x01,0x0F,0x83,0x2D,0xFE,0x61,0x75,0xBF,0xF4,0x06,0x88,0x02,0x34,0xF5,0x98,0xD0,0xFE,0xFF,0xFE,0xFF,0xFF,0x3F,0x05,0x38,0xF5,0x4D,0x48,0xFF,0x7F,0xFF,0xBF,0x00,0x20,0x05,0x70,0xEA,0x33,0x21}},
    {2502, 24, 0x0F, 3, 0, {-30016, -35583, -4180031}, {{40, -691, 4253}, {20, -345, 2126}, {38, -690, 4253}}, {{-4, -7, 6}, {0, -7, 3}}, {0xC6,0x89,0x01,0x0F,0x03,0x2B,0xFE,0x01,0x75,0x3F,0xF8,0x06,0x88,0x02,0x34,0xF5,0x9D,0x10,0xFF,0x7F,0xFE,0xBF,0x01,0x00,0x05,0x38,0xF5,0x4E,0x08,0x00,0x20,0xFF,0x7F,0x00,0xC0,0x04,0x70,0xEA,0x3B,0x21}},
    {2526, 24, 0x0F, 3, 0, {-30088, -35691, -4179947}, {{39, -689, 4253}, {19, -344, 2124}, {38, -689, 4252}}, {{-7, -9, 2}, {-2, -7, 7}}, {0xDE,0x89,0x01,0x0F,0xE3,0x29,0xFE,0x95,0x74,0xBF,0x02,0x07,0x78,0x02,0x3C,0xF5,0x9D,0x50,0xFE,0xFF,0xFD,0xBF,0x00,0xC0,0x04,0x40,0xF5,0x4C,0xC8,0xFF,0x3F,0xFF,0xFF,0x00,0xC0,0x04,0x78,0xEA,0x39,0x21}},
    {2550, 24, 0x0F, 3, 0, {-30240, -35835, -4179847}, {{38, -688, 4251}, {19, -345, 2126}, {39, -690, 4251}}, {{-3, -8, 3}, {-4, -8, 3}}, {0xF6,0x89,0x01,0x0F,0x83,0x27,0xFE,0x05,0x74,0x3F,0x0F,0x07,0x68,0x02,0x40,0xF5,0x9B,0x50,0xFF,0x3F,0xFE,0xFF,0x00,0xC0,0x04,0x38,0xF5,0x4E,0x88,0xFF,0x1F,0xFF,0x7F,0x00,0xE0,0x04,0x70,0xEA,0x37,0x21}},
    {2574, 24, 0x0F, 3, 0, {-30360, -35967, -4179807}, {{41, -692, 4252}, {20, -347, 2124}, {38, -691, 4246}}, {{-5, -9, 4}, {-3, -8, 0}}, {0x0E,0x8A,0x01,0x0F,0xA3,0x25,0xFE,0x81,0x73,0x3F,0x14,0x07,0x98,0x02,0x30,0xF5,0x9C,0xD0,0xFE,0xFF,0xFD,0x3F,0x01,0x00,0x05,0x28,0xF5,0x4C,0xA8,0xFF,0x1F,0xFF,0x1F,0x00,0xC0,0x04,0x68,0xEA,0x2D,0x21}},
    {2597, 23, 0x0F, 3, 0, {-30504, -36111, -4179783}, {{37, -689, 4250}, {19, -344, 2124}, {40, -689, 4254}}, {{-1, -6, 3}, {-3, -6, 4}}, {0x25,0x7A,0x01,0x0F,0x63,0x23,0xFE,0xF1,0x72,0x3F,0x17,0x07,0x58,0x02,0x3C,0xF5,0x9A,0xD0,0xFF,0xBF,0xFE,0xFF,0x00,0xC0,0x04,0x40,0xF5,0x4C,0xA8,0xFF,0x5F,0xFF,0x9F,0x00,0x00,0x05,0x78,0xEA,0x3D,0x21}},
    {130, 441, 0x0F, 3, 0, {212024, 782146, -2904999}, {{42, 193, 4313}, {22, 134, 2152}, {43, 302, 4320}}, {{241, -9, 6}, {511, -13, 2}}, {0x82,0x90,0x1B,0x0F,0xE3,0xF0,0x0C,0x42,0xEF,0x2B,0x8B,0x75,0xAA,0x02,0x04,0x03,0xD9,0x50,0x3C,0xC0,0xFD,0xBF,0x01,0x80,0x05,0x30,0x04,0x68,0xE8,0x3F,0x60,0xFE,0x5F,0x00,0x60,0x05,0x70,0x09,0xC0,0x21}},
    {743, 101, 0x0F, 3, 0, {831008, 863966, -2818819}, {{48, 831, 4237}, {24, 421, 2127}, {51, 868, 4241}}, {{542, -13, 3}, {669, -16, 2}}, {0xE7,0x52,0x06,0x0F,0x83,0xB8,0x32,0xDE,0x2E,0xAD,0x9F,0x9F,0x0A,0x03,0xFC,0x0C,0x8D,0x90,0x87,0xC0,0xFC,0xFF,0x00,0x00,0x06,0x28,0x0D,0x4F,0xA8,0x53,0x00,0xFE,0x5F,0x00,0x60,0x06,0x20,0x1B,0x22,0x21}},
};

// Edge cases the corpus never reaches: slot limits, negative extremes,
// and byte-straddling values. Expected bytes come from
// tools/ns2_motion_packet.py, which is byte-exact over the corpus above.

#define NS2_MOTION40_CATCHUP_EDGE_COUNT 7u

static const ns2_motion40_catchup_fixture_t
    ns2_motion40_catchup_edges[NS2_MOTION40_CATCHUP_EDGE_COUNT] = {
    {0, 15, 0x0F, 3, 0, {-2097152, -1048576, -4194304}, {{-8192, 8191, 0}, {-4096, 4095, 0}, {-8192, 8191, 0}}, {{32767, 0, -1}, {32767, 0, -1}}, {0x00,0xF0,0x00,0x0F,0x03,0x00,0x80,0x00,0x00,0x10,0x00,0x00,0x08,0x00,0xFE,0x7F,0x00,0xC0,0xFF,0x1F,0x00,0xC0,0xFF,0x3F,0x00,0xFC,0x7F,0x00,0xE0,0xFF,0x0F,0x00,0xE0,0xFF,0x1F,0x00,0xFC,0xFF,0x00,0x00}},
    {4095, 4095, 0x0F, 3, 1, {2097151, 1048575, 4194303}, {{8191, 0, -1}, {4095, 0, -1}, {8191, 0, -1}}, {{0, -1, 1}, {0, -1, 1}}, {0xFF,0xFF,0xFF,0x0F,0xFF,0xFF,0x7F,0xFF,0xFF,0xEF,0xFF,0xFF,0xF7,0xFF,0x01,0x00,0xFF,0x3F,0x00,0xC0,0xFF,0x7F,0x00,0xC0,0xFF,0x03,0x00,0xFF,0x1F,0x00,0xE0,0xFF,0x3F,0x00,0xE0,0xFF,0x03,0x00,0xFE,0xFF}},
    {1, 16, 0x0F, 3, 0, {0, 0, 0}, {{0, -1, 1}, {0, -1, 1}, {0, -1, 1}}, {{-1, 1, 16384}, {-1, 1, 16384}}, {0x01,0x00,0x01,0x0F,0x03,0x00,0x00,0x00,0x00,0x00,0x00,0x00,0x00,0x00,0xFC,0xFF,0x01,0xC0,0xFF,0x7F,0x00,0x00,0x00,0x10,0x00,0xF8,0xFF,0x01,0xE0,0xFF,0x3F,0x00,0x00,0x00,0x08,0x00,0xF8,0xFF,0x03,0x00}},
    {2048, 24, 0x0F, 3, 1, {-1, -1, -1}, {{-1, 1, 4096}, {-1, 1, 2048}, {-1, 1, 4096}}, {{1, 16384, -16384}, {1, 16384, -16384}}, {0x00,0x88,0x01,0x0F,0xFF,0xFF,0xFF,0xFF,0xFF,0xFF,0xFF,0xFF,0xFF,0xFF,0x07,0x00,0x00,0x50,0x00,0x00,0x00,0x10,0x00,0xF0,0xFF,0x0F,0x00,0x00,0x28,0x00,0x00,0x00,0x08,0x00,0xF8,0xFF,0x0F,0x00,0x00,0xA0}},
    {2047, 100, 0x0F, 3, 0, {1, 1, 1}, {{1, 4096, -4096}, {1, 2048, -2048}, {1, 4096, -4096}}, {{16384, -16384, -32768}, {16384, -16384, -32768}}, {0xFF,0x47,0x06,0x0F,0x07,0x00,0x00,0x01,0x00,0x20,0x00,0x00,0x10,0x00,0x00,0x40,0x00,0x30,0x00,0x10,0x00,0x30,0x00,0x60,0x00,0x00,0x40,0x00,0x18,0x00,0x08,0x00,0x18,0x00,0x30,0x00,0x00,0x80,0x00,0x60}},
    {42, 15, 0x0F, 3, 1, {1048576, 524288, 2097152}, {{4096, -4096, -8192}, {2048, -2048, -4096}, {4096, -4096, -8192}}, {{-16384, -32768, 32767}, {-16384, -32768, 32767}}, {0x2A,0xF0,0x00,0x0F,0x03,0x00,0x40,0x00,0x00,0x08,0x00,0x00,0x04,0x00,0x01,0xC0,0x00,0x20,0x00,0x30,0x00,0xE0,0xFF,0x1F,0x00,0x02,0xC0,0x00,0x10,0x00,0x18,0x00,0xF0,0xFF,0x0F,0x00,0x02,0x80,0x01,0xC0}},
    {4095, 4095, 0x0F, 3, 0, {-1048576, -524288, -2097152}, {{-4096, -8192, 8191}, {-2048, -4096, 4095}, {-4096, -8192, 8191}}, {{-32768, 32767, 0}, {-32768, 32767, 0}}, {0xFF,0xFF,0xFF,0x0F,0x03,0x00,0xC0,0x00,0x00,0x18,0x00,0x00,0x0C,0x00,0x03,0x80,0xFF,0x1F,0x00,0xE0,0xFF,0x1F,0x00,0x00,0x00,0x06,0x80,0xFF,0x0F,0x00,0xF0,0xFF,0x0F,0x00,0x00,0x00,0x06,0x00,0xFF,0x3F}},
};

#endif  // NS2_MOTION40_CATCHUP_FIXTURE_H
