// GENERATED by tools/gen_motion40_fixture.py -- do not edit by hand.
//
// Genuine HIGH-RATE length-0x28 PDUs (elapsed 0..10, status 0x0D).
// This is the layout the translator targets, because it is the one
// with paired length-0x1E ground truth: 768 of 773 paired packets.
//
// The C packer must rebuild `bytes` from `fields` exactly.
//
// packets: 858   captures: 30
// sha256(concatenated PDUs): e1c6a08287442d1f40bcb649f7ba6415748abb8a320319996a9fc61b3946baaa

#ifndef NS2_MOTION40_HIGH_RATE_FIXTURE_H
#define NS2_MOTION40_HIGH_RATE_FIXTURE_H

#include <stdint.h>

typedef struct {
    uint16_t tick;
    uint16_t elapsed_ticks;
    uint8_t  status;
    uint8_t  packing_mode;
    uint16_t tail_value;
    int32_t  carrier[3];
    int32_t  accel[2][3];
    int32_t  gyro[1][3];
    uint8_t  bytes[40];
} ns2_motion40_high_rate_fixture_t;

#define NS2_MOTION40_HIGH_RATE_FIXTURE_COUNT 858u

static const ns2_motion40_high_rate_fixture_t
    ns2_motion40_high_rate_fixtures[NS2_MOTION40_HIGH_RATE_FIXTURE_COUNT] = {
    {807, 7, 0x0D, 3, 384, {-64173, 184545, 1614775}, {{21613, 997183, 373955}, {20982, 996607, 372309}}, {{-1363, -66753, -22833}}, {0x27,0x73,0x00,0x0D,0x4F,0x15,0xFC,0x87,0x43,0x0B,0x6E,0x47,0x31,0xB4,0x51,0x01,0x3F,0x37,0xCF,0x30,0x6D,0xD1,0xAA,0xFF,0xFF,0xEC,0xFB,0xCF,0xA6,0xBF,0x7D,0x14,0xF0,0x4F,0xF3,0x54,0xB9,0x16,0x80,0x01}},
    {831, 7, 0x0D, 3, 384, {-142413, 294989, 1591631}, {{19688, 995841, 377278}, {19697, 995754, 377769}}, {{-1363, -67672, -22669}}, {0x3F,0x73,0x00,0x0D,0xCF,0x4E,0xF7,0x37,0x01,0x12,0x9E,0x92,0x30,0xA0,0x33,0x01,0x01,0x32,0x8F,0x6F,0x70,0xD1,0xAA,0xFF,0xA3,0xDE,0xFB,0x73,0xA7,0x7F,0x3C,0x13,0xA0,0x1A,0xF3,0xA4,0x0E,0x17,0x80,0x01}},
    {861, 7, 0x0D, 3, 384, {-242341, 436885, 1562487}, {{20335, 995649, 372988}, {19872, 996183, 373498}}, {{-2396, -68798, -23948}}, {0x5D,0x73,0x00,0x0D,0x6F,0x35,0xF1,0x57,0xAA,0x1A,0xEE,0xAE,0x2F,0xBC,0x3D,0x01,0x41,0x31,0x0F,0x3F,0x6C,0x41,0x6A,0xFF,0x0B,0xCD,0xFB,0x74,0xA2,0x3F,0x68,0x13,0x70,0x35,0xF3,0xE8,0xCB,0x16,0x80,0x01}},
    {872, 7, 0x0D, 3, 384, {-278517, 489629, 1551147}, {{18862, 996098, 374202}, {18672, 995926, 375976}}, {{-1971, -68530, -22838}}, {0x68,0x73,0x00,0x0D,0x2F,0x00,0xEF,0x77,0xE2,0x1D,0x56,0x56,0x2F,0xB8,0x26,0x01,0x02,0x33,0x8F,0x6E,0x6D,0xD1,0x84,0xFF,0x3B,0xD1,0xFB,0xCA,0xA6,0x3F,0x3C,0x12,0x60,0x25,0xF3,0xA0,0xF2,0x16,0x80,0x01}},
    {885, 7, 0x0D, 3, 384, {-322453, 551393, 1537863}, {{18792, 995778, 376250}, {19866, 995243, 375807}}, {{-1530, -68019, -22576}}, {0x75,0x73,0x00,0x0D,0xAF,0x51,0xEC,0x87,0xA7,0x21,0x8E,0xEE,0x2E,0xA0,0x25,0x01,0xC2,0x31,0x8F,0x6E,0x6F,0x61,0xA0,0xFF,0x37,0xD9,0xFB,0xD0,0xA7,0xBF,0x66,0x13,0xB0,0xFA,0xF2,0xFC,0xEF,0x16,0x80,0x01}},
    {896, 7, 0x0D, 3, 384, {-359133, 603377, 1526731}, {{20267, 995586, 374650}, {20039, 996013, 375717}}, {{-2314, -67519, -22659}}, {0x80,0x73,0x00,0x0D,0x8F,0x14,0xEA,0xC7,0xD3,0x24,0x96,0x97,0x2E,0xAC,0x3C,0x01,0x02,0x31,0x8F,0xDE,0x6D,0x61,0x6F,0xFF,0x07,0xE1,0xFB,0x7D,0xA7,0xFF,0x91,0x13,0xD0,0x2A,0xF3,0x94,0xEE,0x16,0x80,0x01}},
    {920, 7, 0x0D, 3, 384, {-436837, 715505, 1502947}, {{18605, 996225, 375805}, {18418, 996268, 376487}}, {{-1872, -65288, -21987}}, {0x98,0x73,0x00,0x0D,0x6F,0x56,0xE5,0xC7,0xAB,0x2B,0xC6,0xDD,0x2D,0xB4,0x22,0x01,0x81,0x33,0x4F,0xFF,0x6E,0x01,0x8B,0xFF,0xE3,0x03,0xFC,0x1D,0xAA,0xBF,0xFC,0x11,0xC0,0x3A,0xF3,0x9C,0xFA,0x16,0x80,0x01}},
    {950, 7, 0x0D, 3, 384, {-532669, 852889, 1473143}, {{19823, 995586, 377786}, {18933, 995414, 378109}}, {{-1698, -64192, -22153}}, {0xB6,0x73,0x00,0x0D,0x0F,0x7D,0xDF,0x67,0x0E,0x34,0xEE,0xF4,0x2C,0xBC,0x35,0x01,0x02,0x31,0x8F,0xEE,0x70,0xE1,0x95,0xFF,0x03,0x15,0xFC,0x77,0xA9,0x7F,0x7D,0x12,0x60,0x05,0xF3,0xF4,0x13,0x17,0x80,0x01}},
    {974, 7, 0x0D, 3, 384, {-611517, 963353, 1449999}, {{17831, 996162, 374843}, {19269, 995841, 374439}}, {{-2048, -65638, -21464}}, {0xCE,0x73,0x00,0x0D,0x0F,0xAD,0xDA,0x67,0xCC,0x3A,0x1E,0x40,0x2C,0x9C,0x16,0x01,0x42,0x33,0xCF,0x0E,0x6E,0x01,0x80,0xFF,0x6B,0xFE,0xFB,0x28,0xAC,0x7F,0xD1,0x12,0x10,0x20,0xF3,0x9C,0xDA,0x16,0x80,0x01}},
    {1004, 7, 0x0D, 3, 384, {-712765, 1107269, 1419247}, {{20138, 995391, 376705}, {20382, 995583, 376065}}, {{-1461, -69651, -23777}}, {0xEC,0x73,0x00,0x0D,0x0F,0x7F,0xD4,0x17,0x95,0x43,0xDE,0x4F,0x2B,0xA8,0x3A,0x01,0x3F,0x30,0x4F,0xE0,0x6F,0xB1,0xA4,0xFF,0xB7,0xBF,0xFB,0x1F,0xA3,0xBF,0xE7,0x13,0xF0,0x0F,0xF3,0x04,0xF4,0x16,0x80,0x01}},
    {1015, 7, 0x0D, 3, 384, {-751541, 1162613, 1407587}, {{20458, 995841, 375165}, {21061, 996012, 375290}}, {{-2557, -71676, -23940}}, {0xF7,0x73,0x00,0x0D,0x2F,0x21,0xD2,0xD7,0xF5,0x46,0xC6,0xF4,0x2A,0xA8,0x3F,0x01,0x01,0x32,0x4F,0x5F,0x6E,0x31,0x60,0xFF,0x13,0xA0,0xFB,0x7C,0xA2,0x7F,0x91,0x14,0xC0,0x2A,0xF3,0xE8,0xE7,0x16,0x80,0x01}},
    {1028, 7, 0x0D, 3, 384, {-797909, 1230501, 1392627}, {{22701, 994178, 377401}, {22686, 993963, 377941}}, {{-1716, -73820, -25657}}, {0x04,0x74,0x00,0x0D,0xAF,0x4C,0xCF,0x97,0x1A,0x4B,0xE6,0x7F,0x2A,0xB4,0x62,0x01,0x82,0x2B,0x4F,0x8E,0x70,0xC1,0x94,0xFF,0x93,0x7E,0xFB,0xC7,0x9B,0xBF,0x27,0x16,0xB0,0xAA,0xF2,0x54,0x11,0x17,0x80,0x01}},
    {1039, 7, 0x0D, 3, 384, {-838581, 1289617, 1380499}, {{21933, 994688, 379008}, {21574, 995328, 379221}}, {{-1544, -75277, -25734}}, {0x0F,0x74,0x00,0x0D,0x2F,0xD1,0xCC,0x47,0xB6,0x4E,0x26,0x21,0x2A,0xB4,0x56,0x01,0x80,0x2D,0x0F,0x20,0x72,0x81,0x9F,0xFF,0xCF,0x67,0xFB,0x7A,0x9B,0xBF,0x11,0x15,0x00,0x00,0xF3,0x54,0x25,0x17,0x80,0x01}},
    {1069, 7, 0x0D, 3, 384, {-954397, 1457301, 1346115}, {{17259, 995394, 377594}, {16710, 995329, 377851}}, {{-2302, -78850, -27012}}, {0x2D,0x74,0x00,0x0D,0x8F,0xBF,0xC5,0x57,0xF2,0x58,0x86,0x14,0x29,0xAC,0x0D,0x01,0x42,0x30,0x8F,0xBE,0x70,0x21,0x70,0xFF,0xFB,0x2F,0xFB,0x7C,0x96,0xBF,0x51,0x10,0x10,0x00,0xF3,0xEC,0x0F,0x17,0x80,0x01}},
    {1093, 7, 0x0D, 3, 384, {-1052797, 1597513, 1316775}, {{23151, 995392, 375488}, {22860, 995327, 375039}}, {{-1788, -81400, -28884}}, {0x45,0x74,0x00,0x0D,0x0F,0xBE,0xBF,0x27,0x81,0x61,0x4E,0x2F,0x28,0xBC,0x69,0x01,0x40,0x30,0x0F,0xB0,0x6E,0x41,0x90,0xFF,0x23,0x08,0xFB,0x2C,0x8F,0x3F,0x53,0x16,0xF0,0xFF,0xF2,0xFC,0xE3,0x16,0x80,0x01}},
    {1123, 7, 0x0D, 3, 384, {-1178245, 1778093, 1278475}, {{19363, 996483, 376760}, {20549, 996097, 377769}}, {{-1868, -82596, -28305}}, {0x63,0x74,0x00,0x0D,0xEF,0x15,0xB8,0xB7,0x86,0x6C,0x16,0x04,0x27,0x8C,0x2E,0x01,0x83,0x34,0x0F,0xEE,0x6F,0x41,0x8B,0xFF,0x73,0xF5,0xFA,0x6F,0x91,0x7F,0x11,0x14,0x10,0x30,0xF3,0xA4,0x0E,0x17,0x80,0x01}},
    {1147, 7, 0x0D, 3, 384, {-1279485, 1923941, 1248483}, {{18409, 995905, 376380}, {17050, 996353, 376061}}, {{-2126, -80985, -27440}}, {0x7B,0x74,0x00,0x0D,0x0F,0xE8,0xB1,0x97,0x6D,0x75,0xC6,0x19,0x26,0xA4,0x1F,0x01,0x41,0x32,0x0F,0x8F,0x6F,0x21,0x7B,0xFF,0x9F,0x0E,0xFB,0xD0,0x94,0xBF,0xA6,0x10,0x10,0x40,0xF3,0xF4,0xF3,0x16,0x80,0x01}},
    {1158, 7, 0x0D, 3, 374, {-1326037, 1989473, 1234299}, {{17121, 995587, 376696}, {17303, 995245, 377167}}, {{-2482, -79196, -26331}}, {0x86,0x74,0x00,0x0D,0xAF,0x10,0xAF,0x87,0x6D,0x79,0xF6,0xAA,0x25,0x84,0x0B,0x01,0x03,0x31,0x0F,0xDE,0x6F,0xE1,0x64,0xFF,0x93,0x2A,0xFB,0x25,0x99,0xFF,0xE5,0x10,0xD0,0xFA,0xF2,0x3C,0x05,0x17,0x76,0x01}},
    {1182, 7, 0x0D, 3, 384, {-1422765, 2128265, 1204799}, {{19434, 995201, 379006}, {18587, 994901, 377939}}, {{-1610, -74928, -25491}}, {0x9E,0x74,0x00,0x0D,0x4F,0x29,0xA9,0x27,0xE6,0x81,0x7E,0xC4,0x24,0xA8,0x2F,0x01,0x81,0x2F,0x8F,0x1F,0x72,0x61,0x9B,0xFF,0x43,0x6D,0xFB,0x6D,0x9C,0xFF,0x26,0x12,0x50,0xE5,0xF2,0x4C,0x11,0x17,0x80,0x01}},
    {1212, 7, 0x0D, 3, 384, {-1535397, 2289093, 1169899}, {{17193, 995716, 376757}, {16878, 995928, 377936}}, {{-2208, -65808, -21552}}, {0xBC,0x74,0x00,0x0D,0x6F,0x49,0xA2,0x17,0xB7,0x8B,0xD6,0xB3,0x23,0xA4,0x0C,0x01,0x84,0x31,0x4F,0xED,0x6F,0x01,0x76,0xFF,0xC3,0xFB,0xFB,0xD0,0xAB,0xBF,0x7B,0x10,0x80,0x25,0xF3,0x40,0x11,0x17,0x80,0x01}},
    {1236, 7, 0x0D, 3, 374, {-1613701, 2397597, 1146475}, {{15592, 995393, 376957}, {15089, 995499, 376061}}, {{-1439, -52516, -17049}}, {0xD4,0x74,0x00,0x0D,0xEF,0x81,0x9D,0x77,0x56,0x92,0xD6,0xFC,0x22,0xA0,0xF3,0x00,0x41,0x30,0x4F,0x1F,0x70,0x11,0xA6,0xFF,0x73,0xCB,0xFC,0x67,0xBD,0x7F,0xBC,0x0E,0xB0,0x0A,0xF3,0xF4,0xF3,0x16,0x76,0x01}},
    {1266, 7, 0x0D, 3, 384, {-1687213, 2499161, 1124219}, {{17840, 994945, 377726}, {17740, 994729, 378028}}, {{-440, -36148, -11926}}, {0xF2,0x74,0x00,0x0D,0x4F,0x05,0x99,0x67,0x89,0x98,0xF6,0x4E,0x22,0xC0,0x16,0x01,0x81,0x2E,0x8F,0xDF,0x70,0x81,0xE4,0xFF,0x33,0xCB,0xFD,0x6A,0xD1,0x3F,0x53,0x11,0x90,0xDA,0xF2,0xB0,0x12,0x17,0x80,0x01}},
    {1290, 7, 0x0D, 3, 384, {-1728213, 2556681, 1112055}, {{16756, 995200, 375805}, {16118, 995414, 377428}}, {{-843, -25823, -7930}}, {0x0A,0x75,0x00,0x0D,0xAF,0x84,0x96,0x27,0x0C,0x9C,0xEE,0xEF,0x21,0xD0,0x05,0x01,0x80,0x2F,0x4F,0xFF,0x6E,0x51,0xCB,0xFF,0x87,0x6C,0xFE,0x06,0xE1,0xBF,0xBD,0x0F,0x60,0x05,0xF3,0x50,0x09,0x17,0x80,0x01}},
    {1301, 7, 0x0D, 3, 384, {-1742629, 2576641, 1107255}, {{16822, 996225, 377274}, {16802, 996012, 378281}}, {{-759, -20885, -6211}}, {0x15,0x75,0x00,0x0D,0x6F,0xA3,0x95,0x07,0x44,0x9D,0x6E,0xCA,0x21,0xD8,0x06,0x01,0x81,0x33,0x8F,0x6E,0x70,0x91,0xD0,0xFF,0xAF,0xB9,0xFE,0xBD,0xE7,0xBF,0x68,0x10,0xC0,0x2A,0xF3,0xA4,0x16,0x17,0x80,0x01}},
    {1325, 7, 0x0D, 3, 365, {-1764189, 2605345, 1100511}, {{17530, 996928, 376767}, {16806, 996779, 377514}}, {{-266, -9373, -2811}}, {0x2D,0x75,0x00,0x0D,0x8F,0x52,0x94,0x87,0x04,0x9F,0xBE,0x95,0x21,0xE8,0x11,0x01,0x40,0x36,0xCF,0xEF,0x6F,0x61,0xEF,0xFF,0x8F,0x6D,0xFF,0x05,0xF5,0xBF,0x69,0x10,0xB0,0x5A,0xF3,0xA8,0x0A,0x17,0x6D,0x01}},
    {1355, 7, 0x0D, 3, 384, {-1771461, 2613329, 1097631}, {{17790, 995840, 377727}, {17491, 995327, 378197}}, {{91, 2811, 1543}}, {0x4B,0x75,0x00,0x0D,0xEF,0xE0,0x93,0x47,0x81,0x9F,0x3E,0x7F,0x21,0xF8,0x15,0x01,0x00,0x32,0xCF,0xDF,0x70,0xB1,0x05,0x00,0xEC,0x2B,0x00,0x07,0x06,0xC0,0x14,0x11,0xF0,0xFF,0xF2,0x54,0x15,0x17,0x80,0x01}},
    {1379, 7, 0x0D, 3, 384, {-1769221, 2607365, 1098259}, {{20348, 995903, 378177}, {20479, 995413, 377515}}, {{-156, 1528, 763}}, {0x63,0x75,0x00,0x0D,0xEF,0x03,0x94,0x17,0x24,0x9F,0x26,0x84,0x21,0xF0,0x3D,0x01,0x3F,0x32,0x4F,0x50,0x71,0x41,0xF6,0xFF,0xE3,0x17,0x00,0xFB,0x02,0xC0,0xFF,0x13,0x50,0x05,0xF3,0xAC,0x0A,0x17,0x80,0x01}},
    {1409, 7, 0x0D, 3, 384, {-1770813, 2607973, 1097331}, {{19643, 994880, 378047}, {19539, 995071, 377428}}, {{-97, -1539, 261}}, {0x81,0x75,0x00,0x0D,0x0F,0xEB,0x93,0x97,0x2D,0x9F,0xE6,0x7C,0x21,0xEC,0x32,0x01,0x40,0x2E,0xCF,0x2F,0x71,0xF1,0xF9,0xFF,0xF7,0xE7,0xFF,0x05,0x01,0xC0,0x14,0x13,0xF0,0xEF,0xF2,0x50,0x09,0x17,0x80,0x01}},
    {1433, 7, 0x0D, 3, 384, {-1772629, 2608149, 1096211}, {{17725, 995456, 378175}, {17660, 995243, 378620}}, {{-528, 928, 1195}}, {0x99,0x75,0x00,0x0D,0xAF,0xCE,0x93,0x57,0x30,0x9F,0x26,0x74,0x21,0xF4,0x14,0x01,0x80,0x30,0xCF,0x4F,0x71,0x01,0xDF,0xFF,0x83,0x0E,0x00,0xAB,0x04,0x00,0x3F,0x11,0xB0,0xFA,0xF2,0xF0,0x1B,0x17,0x80,0x01}},
    {1444, 7, 0x0D, 3, 384, {-1773141, 2607117, 1095727}, {{18358, 994496, 377598}, {19365, 994560, 377344}}, {{162, 80, 1120}}, {0xA4,0x75,0x00,0x0D,0xAF,0xC6,0x93,0x37,0x20,0x9F,0x5E,0x70,0x21,0xD8,0x1E,0x01,0xC0,0x2C,0x8F,0xBF,0x70,0x21,0x0A,0x00,0x40,0x01,0x00,0x60,0x04,0x40,0xE9,0x12,0x00,0xD0,0xF2,0x00,0x08,0x17,0x80,0x01}},
    {1468, 7, 0x0D, 3, 384, {-1775597, 2607801, 1094795}, {{20476, 995264, 377726}, {19625, 995841, 377598}}, {{-426, -1021, 85}}, {0xBC,0x75,0x00,0x0D,0x4F,0xA0,0x93,0xE7,0x2A,0x9F,0x16,0x69,0x21,0xF0,0x3F,0x01,0xC0,0x2F,0x8F,0xDF,0x70,0x61,0xE5,0xFF,0x0F,0xF0,0xFF,0x55,0x00,0x40,0x2A,0x13,0x10,0x20,0xF3,0xF8,0x0B,0x17,0x80,0x01}},
    {1498, 7, 0x0D, 3, 384, {-1777293, 2607713, 1093371}, {{21120, 995328, 376893}, {21758, 995074, 377254}}, {{-777, 436, 349}}, {0xDA,0x75,0x00,0x0D,0xCF,0x85,0x93,0x87,0x29,0x9F,0xF6,0x5D,0x21,0x00,0x4A,0x01,0x00,0x30,0x4F,0x0F,0x70,0x71,0xCF,0xFF,0xD3,0x06,0x00,0x5D,0x01,0x80,0x3F,0x15,0x20,0xF0,0xF2,0x98,0x06,0x17,0x80,0x01}},
    {1522, 7, 0x0D, 3, 374, {-1775989, 2607745, 1092295}, {{19456, 995393, 378171}, {19029, 994646, 378451}}, {{-256, -92, -91}}, {0xF2,0x75,0x00,0x0D,0x2F,0x9A,0x93,0x07,0x2A,0x9F,0x8E,0x55,0x21,0x00,0x30,0x01,0x41,0x30,0xCF,0x4E,0x71,0x01,0xF0,0xFF,0x93,0xFE,0xFF,0xA5,0xFF,0x7F,0x95,0x12,0x60,0xD5,0xF2,0x4C,0x19,0x17,0x76,0x01}},
    {3525, 7, 0x0D, 3, 640, {-5578400, -1398513, -13236611}, {{49426, 1117027, 243898}, {68204, 1100171, 249207}}, {{-171135, -199913, 687109}}, {0xC5,0x7D,0x00,0x0D,0x83,0x85,0xAB,0x3E,0xA4,0xAA,0xFB,0x0C,0x6C,0x4A,0x04,0x03,0x63,0x0B,0x91,0x2E,0xEE,0x10,0x38,0xD6,0x5F,0xCC,0xF3,0x05,0x7C,0x0A,0x9B,0x42,0xB0,0x98,0x0C,0xDD,0x35,0x0F,0x80,0x02}},
    {3555, 7, 0x0D, 3, 640, {-5841272, -2498485, -12498519}, {{265391, 887967, 332075}, {292217, 865387, 336992}}, {{-47907, -214723, 725910}}, {0xE3,0x7D,0x00,0x0D,0x23,0x7A,0x9B,0x2E,0x81,0x67,0x53,0x93,0x82,0xBE,0x32,0x10,0x9F,0x8C,0xCD,0x4A,0x44,0xD1,0x4D,0xF4,0xF7,0xE4,0xF2,0x96,0x13,0x4B,0x5E,0x1D,0xB1,0x46,0xD3,0x80,0x91,0x14,0x80,0x02}},
    {3579, 7, 0x0D, 3, 640, {-5511240, -3364325, -11887483}, {{346416, 809787, 338194}, {343667, 818252, 344081}}, {{103903, -202122, 670066}}, {0xFB,0x7D,0x00,0x0D,0xE3,0x9E,0xAF,0x6E,0xA8,0x32,0x0B,0x39,0x95,0xC2,0x24,0x15,0x3B,0x5B,0x8C,0x44,0x4A,0xF1,0x5D,0x19,0xD8,0xA9,0xF3,0x72,0x39,0xCA,0x9C,0x4F,0xC1,0xC4,0xC7,0x44,0x00,0x15,0x80,0x02}},
    {3603, 7, 0x0D, 3, 640, {-4665200, 4119919, -11153267}, {{432175, 797795, 324240}, {449502, 800702, 304915}}, {{195548, -203247, 794029}}, {0x13,0x7E,0x00,0x0D,0x43,0x42,0xE3,0xBE,0x75,0xFB,0x1A,0xA1,0xAB,0xBE,0x60,0x1A,0x63,0x2C,0x0C,0xA4,0x3C,0xC1,0xBD,0x2F,0x44,0x98,0xF3,0xAD,0x1D,0x8C,0xF7,0xB6,0xE1,0x7B,0xC3,0x4C,0x9C,0x12,0x80,0x02}},
    {3633, 7, 0x0D, 3, 640, {-3580360, 2880171, -9985055}, {{573329, 810628, 160386}, {591332, 811367, 150247}}, {{99816, -97121, 776016}}, {0x31,0x7E,0x00,0x0D,0xE3,0x78,0x25,0xAF,0xCA,0xAF,0xC2,0x47,0xCF,0x46,0xFE,0x22,0x84,0x5E,0x8C,0xA0,0x9C,0x80,0x5E,0x18,0x7C,0x12,0xFA,0x50,0xD7,0x0B,0x79,0x41,0x72,0x16,0xC6,0x9C,0x2B,0x09,0x80,0x02}},
    {3644, 7, 0x0D, 3, 640, {-3358376, 2456179, -9550695}, {{611856, 807268, 143168}, {623992, 795886, 144202}}, {{55657, -52608, 766732}}, {0x3C,0x7E,0x00,0x0D,0x63,0x05,0x33,0xCF,0xE9,0x95,0x32,0x89,0xDC,0x42,0x58,0x25,0x64,0x51,0x0C,0xD0,0x8B,0x90,0x96,0x0D,0x00,0xCA,0xFC,0x0C,0xB3,0x0B,0x5E,0x61,0xE2,0x4E,0xC2,0x28,0xCD,0x08,0x80,0x02}},
    {3657, 7, 0x0D, 3, 640, {-3185856, 1970083, -9028903}, {{653942, 763562, 175143}, {661659, 753995, 191085}}, {{59599, -41771, 756083}}, {0x49,0x7E,0x00,0x0D,0x03,0x8D,0x3D,0x8F,0x3E,0x78,0xB2,0x75,0xEC,0xDA,0xE9,0x27,0xAA,0xA6,0xCB,0x09,0xAB,0xF0,0x8C,0x0E,0x54,0x73,0xFD,0x73,0x89,0xCB,0x26,0x86,0xB2,0x14,0xB8,0xB4,0xA9,0x0B,0x80,0x02}},
    {3668, 7, 0x0D, 3, 640, {-2979544, 1550735, -8569863}, {{673180, 743717, 221759}, {689116, 733865, 232463}}, {{125581, -69135, 749938}}, {0x54,0x7E,0x00,0x0D,0xA3,0x24,0x4A,0x3F,0xA6,0x5E,0xF2,0x77,0xFA,0x72,0x16,0x29,0x25,0x59,0xCB,0x8F,0xD8,0xD0,0xA8,0x1E,0xC4,0xC7,0xFB,0x72,0x71,0x0B,0xF7,0xA0,0x92,0x2A,0xB3,0x3C,0x30,0x0E,0x80,0x02}},
    {3698, 7, 0x0D, 3, 640, {-1556080, 256167, -7211231}, {{776350, 727227, 134417}, {794225, 721977, 102133}}, {{223354, -183738, 719246}}, {0x72,0x7E,0x00,0x0D,0x43,0x06,0xA1,0x9F,0xA2,0x0F,0x42,0xEE,0x23,0x7B,0x62,0x2F,0xBB,0x18,0x4B,0x44,0x83,0xA0,0x87,0x36,0x18,0xC9,0xF4,0x8E,0xF9,0x4A,0x9C,0x07,0x93,0x43,0xB0,0xD4,0x3B,0x06,0x80,0x02}},
    {3722, 7, 0x0D, 3, 630, {-404280, -929413, -6146404}, {{840113, 646759, 51265}, {846536, 629515, 63685}}, {{75364, -180496, 705279}}, {0x8A,0x7E,0x00,0x0D,0x23,0x53,0xE7,0xEF,0x45,0xC7,0x39,0x6D,0x44,0xC7,0x46,0x33,0x67,0xDE,0x49,0x10,0x32,0x40,0x66,0x12,0xC0,0xFB,0xF4,0xFF,0xC2,0x0A,0xB2,0x3A,0xB3,0xB0,0x99,0x14,0xE3,0x03,0x76,0x02}},
    {3752, 7, 0x0D, 3, 640, {-4613575, 3288472, -471185}, {{949436, 558539, 183929}, {963724, 546244, 170553}}, {{175010, -218160, 694878}}, {0xA8,0x7E,0x00,0x0D,0xE7,0x68,0xE6,0x62,0xB6,0xC8,0xDE,0x9E,0xF1,0xF3,0xF2,0x39,0xCB,0x85,0x48,0x9E,0xB3,0x20,0xBA,0x2A,0x40,0xAF,0xF2,0x5E,0x9A,0x0A,0x23,0xAD,0x43,0x5C,0x85,0xE4,0x68,0x0A,0x80,0x02}},
    {3776, 7, 0x0D, 3, 640, {-6272311, 3971276, -1139317}, {{1009826, 444236, 75853}, {1008641, 419184, 57347}}, {{140322, -134199, 614156}}, {0xC0,0x7E,0x00,0x0D,0x27,0x2B,0x81,0x32,0x63,0xF2,0x16,0x3B,0xDD,0x8B,0xA2,0x3D,0x4C,0xC7,0x46,0x13,0x4A,0x20,0x42,0x22,0x24,0xCF,0xF7,0x0C,0x5F,0x49,0x00,0xD9,0x03,0x57,0x66,0x0C,0x80,0x03,0x80,0x02}},
    {3787, 7, 0x0D, 3, 640, {-7036239, -4078896, -1353525}, {{1000464, 371360, 32943}, {998476, 347778, 28128}}, {{83310, -93717, 620452}}, {0xCB,0x7E,0x00,0x0D,0xC7,0x8A,0x52,0x42,0x0B,0x07,0x97,0xB1,0xD6,0x43,0x10,0x3D,0xA0,0xAA,0xC5,0x2B,0x20,0xE0,0x56,0x14,0xAC,0x47,0xFA,0xA4,0x77,0x09,0x13,0xCF,0x23,0xE8,0x54,0x80,0xB7,0x01,0x80,0x02}},
    {3811, 7, 0x0D, 3, 640, {7791729, -3205792, -1642325}, {{992889, 204975, 45278}, {996225, 185768, 49855}}, {{35113, -46214, 661111}}, {0xE3,0x7E,0x00,0x0D,0xC7,0x91,0xDB,0x81,0x55,0x3C,0x57,0xE1,0xCD,0xE7,0x99,0x3C,0xAF,0x20,0x83,0x37,0x2C,0x90,0x92,0x08,0xE8,0x2D,0xFD,0x77,0x16,0x4A,0xE0,0xCC,0x83,0x5A,0x2D,0xFC,0x0A,0x03,0x80,0x02}},
    {3841, 7, 0x0D, 3, 640, {4897113, -1885536, -1969001}, {{1006745, 149440, 51584}, {1014629, 148483, 48332}}, {{39982, -82096, 728633}}, {0x01,0x7F,0x00,0x0D,0x67,0xE5,0x2A,0x81,0xEA,0x8C,0x2F,0xE9,0xC3,0x67,0x72,0x3D,0xC0,0x47,0x02,0x60,0x32,0xE0,0xC2,0x09,0x40,0xFD,0xFA,0x39,0x1E,0x4B,0xD9,0xDE,0x33,0x40,0x24,0x30,0xF3,0x02,0x80,0x02}},
    {3865, 7, 0x0D, 3, 640, {2366185, -805348, -2303649}, {{1083593, 109462, 15594}, {1086223, 96844, 4268}}, {{20463, -88150, 660597}}, {0x19,0x7F,0x00,0x0D,0xA7,0x6B,0x90,0x70,0xD8,0xCE,0xBF,0xB2,0xB9,0x27,0x23,0x42,0x96,0xAB,0x81,0x3A,0x0F,0xF0,0xFE,0x04,0xA8,0x9E,0xFA,0x75,0x14,0xCA,0xC3,0x24,0xC4,0xA4,0x17,0xB0,0x42,0x00,0x80,0x02}},
    {3895, 7, 0x0D, 3, 640, {-5874973, -529905, 9239}, {{1042746, -44423, -14920}, {1033875, -66976, -16303}}, {{-118753, -20980, 623442}}, {0x37,0x7F,0x00,0x0D,0x8F,0x6B,0x99,0x3E,0xA8,0xDF,0x2F,0x48,0x00,0xE8,0xA4,0x3F,0x79,0x52,0x3F,0x6E,0xF1,0xFF,0x01,0xE3,0x33,0xB8,0xFE,0x52,0x83,0xC9,0xA4,0xF1,0x03,0xA6,0xEF,0x47,0x01,0xFF,0x80,0x02}},
    {3919, 7, 0x0D, 3, 640, {806674, 4139684, 1953732}, {{1044050, -90047, 86524}, {1067800, -98318, 94457}}, {{-39527, -118806, 651395}}, {0x4F,0x7F,0x00,0x0D,0x4B,0x3C,0x31,0x90,0xAA,0xFC,0x88,0x9F,0x3B,0x48,0xB9,0x3F,0x41,0xA0,0x3E,0x7F,0x54,0x90,0x59,0xF6,0xAB,0xBF,0xF8,0x83,0xF0,0x09,0xC6,0x12,0x24,0xFF,0xE7,0xE7,0xC3,0x05,0x80,0x02}},
    {3930, 7, 0x0D, 3, 640, {1064106, -3654724, 2481960}, {{1125445, -96360, 100558}, {1145230, -88759, 98939}}, {{62562, -124369, 645419}}, {0x5A,0x7F,0x00,0x0D,0xAB,0xF2,0x40,0xF0,0xEE,0x20,0x51,0xBE,0x4B,0x14,0xB1,0x44,0x98,0x87,0xBE,0x33,0x62,0x20,0x46,0x0F,0xBC,0x68,0xF8,0x2B,0xD9,0x89,0x63,0x5E,0x94,0x54,0xEA,0xEF,0x09,0x06,0x80,0x02}},
    {3954, 7, 0x0D, 3, 640, {1209378, -2471164, 3352376}, {{1088096, 52776, -7611}, {1066184, 55588, -24804}}, {{79943, -120889, 557122}}, {0x72,0x7F,0x00,0x0D,0x8B,0xD0,0x49,0x10,0x2C,0x69,0x71,0x4E,0x66,0x80,0x69,0x42,0x28,0xCE,0x40,0x91,0xF8,0x7F,0x84,0x13,0x1C,0x9F,0xF8,0x42,0x80,0x08,0x32,0x11,0x44,0x92,0x0D,0x70,0x7C,0xFE,0x80,0x02}},
    {3984, 7, 0x0D, 3, 640, {1506018, -1447752, 4248600}, {{1212089, -134585, 55727}, {1194139, -148993, 79347}}, {{15853, -11240, 312010}}, {0x90,0x7F,0x00,0x0D,0x8B,0xEB,0x5B,0xE0,0xA2,0xA7,0x31,0xA8,0x81,0xE4,0xFA,0x49,0x47,0xF2,0xFD,0x6B,0x36,0xD0,0xDE,0x03,0x60,0x50,0xFF,0xCA,0xC2,0xC4,0x26,0x8E,0xF4,0x9F,0xDB,0xCF,0xD7,0x04,0x80,0x02}},
    {4008, 7, 0x0D, 3, 640, {1612586, -1108184, 4671988}, {{1111330, -214606, 4410}, {1090715, -232943, -9505}}, {{-25162, 41167, 198878}}, {0xA8,0x7F,0x00,0x0D,0xAB,0x6C,0x62,0xA0,0x5C,0xBC,0xE9,0x93,0x8E,0x88,0xD4,0x43,0xB2,0xB9,0xBC,0x4E,0x04,0x60,0xDB,0xF9,0x3F,0x83,0x02,0xDE,0x08,0xC3,0x26,0x29,0x14,0x21,0xC7,0x7F,0x6B,0xFF,0x80,0x02}},
    {4038, 7, 0x0D, 3, 640, {1572402, -661884, 5194044}, {{858023, -394813, -69323}, {845265, -409633, -73359}}, {{89008, -29745, 460680}}, {0xC6,0x7F,0x00,0x0D,0xCB,0xF8,0x5F,0x10,0x9A,0xD7,0x79,0x82,0x9E,0x9C,0x5E,0x34,0xC3,0xF9,0x79,0x4D,0xBC,0x0F,0xBB,0x15,0x3C,0x2F,0xFE,0x88,0x07,0x47,0x74,0x39,0xF3,0xFD,0x9B,0xC7,0x85,0xFB,0x80,0x02}},
    {4062, 7, 0x0D, 3, 640, {1191490, 96488, 5805273}, {{1001156, -238245, -29101}, {1009249, -224458, -20347}}, {{192824, 32662, 526410}}, {0xDE,0x7F,0x00,0x0D,0x0B,0xB9,0x48,0xA0,0xE3,0x05,0xB2,0x29,0xB1,0x10,0x1B,0x3D,0x5B,0x5D,0xFC,0x94,0xE3,0x8F,0x13,0x2F,0x58,0xFE,0x01,0x4A,0x08,0x48,0x98,0xD9,0x63,0x33,0xC9,0x17,0xC2,0xFE,0x80,0x02}},
    {4073, 7, 0x0D, 3, 640, {858130, 410724, 6081805}, {{1013788, -249077, -37526}, {1012759, -278329, -47412}}, {{172188, 76622, 550448}}, {0xE9,0x7F,0x00,0x0D,0x4B,0x60,0x34,0x90,0x11,0x19,0x1A,0x9A,0xB9,0x70,0xE0,0x3D,0x0B,0x33,0xBC,0x5A,0xDB,0xCF,0x09,0x2A,0x38,0xAD,0x04,0x30,0x66,0xC8,0x05,0xDD,0x73,0x0C,0xBC,0x33,0x1B,0xFD,0x80,0x02}},
    {1, 7, 0x0D, 3, 640, {274154, 1063448, 6850413}, {{1044987, -394030, 22022}, {1045364, -420297, 37363}}, {{99148, 136665, 578345}}, {0x01,0x70,0x00,0x0D,0xAB,0xBB,0x10,0x60,0xE8,0x40,0xDA,0x0E,0xD1,0xEC,0xC7,0x3F,0xD2,0xFC,0xB9,0x81,0x15,0xC0,0x34,0x18,0x64,0x57,0x08,0x29,0xD3,0x08,0xDD,0xFC,0x73,0x63,0x99,0xCF,0x47,0x02,0x80,0x02}},
    {31, 7, 0x0D, 3, 640, {-3774549, 400930, 392155}, {{951826, -546808, 99450}, {940128, -554503, 92818}}, {{234013, 217915, 527280}}, {0x1F,0x70,0x00,0x0D,0xAF,0x9E,0x19,0x8B,0x78,0x18,0xB6,0xF7,0x0B,0x48,0x18,0x3A,0x08,0xA8,0xB7,0x1E,0x61,0xD0,0x21,0x39,0xEC,0x4C,0x0D,0xB0,0x0B,0x08,0x18,0x96,0x93,0x9F,0x78,0x4B,0xAA,0x05,0x80,0x02}},
    {55, 7, 0x0D, 3, 640, {-5004477, -528258, 993502}, {{868560, -575469, 94780}, {853761, -577484, 106172}}, {{243040, 234700, 465131}}, {0x37,0x70,0x00,0x0D,0x0F,0x8D,0xCE,0xFA,0xC1,0xDF,0xBD,0x51,0x1E,0x40,0x03,0x35,0x13,0x38,0x37,0x8F,0x5C,0x00,0x56,0x3B,0x30,0x53,0x0E,0xEB,0x18,0x47,0xC0,0x41,0x43,0x03,0x73,0xF3,0x7A,0x06,0x80,0x02}},
    {85, 7, 0x0D, 3, 640, {-6414957, -1447286, 1655658}, {{812809, -635207, 185944}, {802981, -642159, 188383}}, {{209551, 80381, 432648}}, {0x55,0x70,0x00,0x0D,0x4F,0x76,0x78,0x2A,0xAA,0xA7,0xD5,0x86,0x32,0x24,0x9C,0x31,0xB9,0x4E,0x36,0x96,0xB5,0xF0,0x28,0x33,0xF4,0xE7,0x04,0x08,0x9A,0x46,0x29,0x10,0x13,0x39,0x63,0x7F,0x7F,0x0B,0x80,0x02}},
    {96, 7, 0x0D, 3, 640, {-6946957, -1698558, 1817862}, {{784221, -652781, 198410}, {777013, -659547, 202413}}, {{174857, 37084, 424809}}, {0x60,0x70,0x00,0x0D,0xCF,0xFD,0x57,0x0A,0x54,0x98,0x0D,0x7A,0x37,0x74,0xDD,0x2F,0x13,0x0A,0xB6,0xC2,0xC1,0x90,0xB0,0x2A,0x70,0x43,0x02,0x69,0x7B,0x46,0xCD,0xF6,0x52,0xFA,0x5E,0xB7,0x5A,0x0C,0x80,0x02}},
    {109, 7, 0x0D, 3, 640, {-7549661, -1959546, 1956538}, {{763438, -677214, 206565}, {760685, -687968, 213683}}, {{138276, 22422, 401716}}, {0x6D,0x70,0x00,0x0D,0x8F,0x34,0x33,0x1A,0x66,0x88,0x75,0xB5,0x3B,0xB8,0x98,0x2E,0xA2,0xAA,0x75,0xB9,0xC9,0x40,0xC2,0x21,0x58,0x5E,0x01,0x34,0x21,0x46,0xDB,0xE6,0x02,0x0A,0x58,0xCF,0x0A,0x0D,0x80,0x02}},
    {120, 7, 0x0D, 3, 640, {-8011909, -2160386, 2052162}, {{775127, -719395, 226869}, {785490, -737042, 227902}}, {{132572, 27205, 364880}}, {0x78,0x70,0x00,0x0D,0xEF,0xFD,0x16,0xFA,0x23,0x7C,0x85,0xA0,0x3E,0x5C,0x4F,0x2F,0xDD,0x05,0x75,0x8D,0xDD,0xC0,0x5D,0x20,0x14,0xA9,0x01,0x50,0x91,0x85,0x14,0xFF,0xE2,0x0E,0x4C,0xFB,0xE8,0x0D,0x80,0x02}},
    {150, 7, 0x0D, 3, 640, {7665435, -2636854, 2346782}, {{759413, -788267, 260182}, {747312, -789458, 258862}}, {{165638, 33163, 333775}}, {0x96,0x70,0x00,0x0D,0x6F,0xDC,0xD3,0x29,0x0F,0x5F,0x3D,0x9E,0x47,0xD4,0x59,0x2E,0xD5,0xF8,0xB3,0x15,0xFE,0x60,0x70,0x28,0x2C,0x06,0x02,0xCF,0x17,0x05,0xCC,0xD9,0xE2,0x42,0x3F,0xBB,0xCC,0x0F,0x80,0x02}},
    {174, 7, 0x0D, 3, 640, {6860675, -3019614, 2597898}, {{667300, -818452, 284761}, {653613, -826889, 286641}}, {{124745, 63267, 303587}}, {0xAE,0x70,0x00,0x0D,0x0F,0xBE,0xA2,0x89,0xB2,0x47,0x15,0x48,0x4F,0x90,0xBA,0x28,0xEC,0x82,0x73,0x16,0x16,0x91,0x74,0x1E,0x8C,0xDC,0x03,0xE3,0xA1,0x44,0x4B,0x7E,0x72,0x1F,0x36,0xC7,0x7E,0x11,0x80,0x02}},
    {3218, 7, 0x0D, 3, 466, {-2278573, 732467, 12982682}, {{21838, -160704, 1090880}, {21511, -161364, 1090900}}, {{-860, 6901, -37399}}, {0x92,0x7C,0x00,0x0D,0x4F,0xED,0x74,0xCF,0xB4,0x2C,0x34,0x33,0x8C,0x39,0x55,0x01,0x40,0x8C,0x3D,0x50,0x29,0x44,0xCA,0xFF,0xD7,0x6B,0x00,0xE9,0x6D,0xFF,0x01,0x15,0xC0,0x9A,0xD8,0x53,0x95,0x42,0xD2,0x01}},
    {3248, 7, 0x0D, 3, 457, {-2095957, 735755, 12981842}, {{20550, -161150, 1091647}, {20743, -161193, 1091755}}, {{-695, 6226, -34366}}, {0xB0,0x7C,0x00,0x0D,0xAF,0x12,0x80,0x2F,0xE8,0x2C,0xA4,0x2C,0x8C,0x19,0x41,0x01,0x82,0x8A,0xFD,0x0F,0x2A,0x94,0xD4,0xFF,0x4B,0x61,0x00,0xC2,0x79,0xFF,0x41,0x14,0x70,0xA5,0xD8,0xAF,0xA2,0x42,0xC9,0x01}},
    {3272, 7, 0x0D, 3, 466, {-1960861, 738327, 12981286}, {{20617, -161219, 1092031}, {20313, -160597, 1091669}}, {{-508, 5367, -31901}}, {0xC8,0x7C,0x00,0x0D,0x8F,0x51,0x88,0x5F,0x10,0x2D,0x4C,0x28,0x8C,0x25,0x42,0x01,0x3D,0x8A,0xFD,0x6F,0x2A,0x44,0xE0,0xFF,0xDF,0x53,0x00,0x63,0x83,0x7F,0xD6,0x13,0xB0,0xCA,0xD8,0x57,0xA1,0x42,0xD2,0x01}},
    {3283, 7, 0x0D, 3, 457, {-1903605, 739515, 12980822}, {{20422, -159678, 1091584}, {19802, -159744, 1091839}}, {{-510, 5114, -29416}}, {0xD3,0x7C,0x00,0x0D,0x2F,0xD0,0x8B,0xEF,0x22,0x2D,0xAC,0x24,0x8C,0x19,0x3F,0x01,0x42,0x90,0x3D,0x00,0x2A,0x24,0xE0,0xFF,0xEB,0x4F,0x00,0x18,0x8D,0xBF,0x56,0x13,0x00,0x00,0xD9,0xFF,0xA3,0x42,0xC9,0x01}},
    {3296, 7, 0x0D, 3, 457, {-1841189, 740715, 12980566}, {{19592, -161347, 1091519}, {19202, -161537, 1090900}}, {{-251, 4428, -27101}}, {0xE0,0x7C,0x00,0x0D,0x6F,0x9F,0x8F,0xAF,0x35,0x2D,0xAC,0x22,0x8C,0x21,0x32,0x01,0xBD,0x89,0xFD,0xEF,0x29,0x54,0xF0,0xFF,0x33,0x45,0x00,0x23,0x96,0xBF,0xC0,0x12,0xF0,0x8F,0xD8,0x53,0x95,0x42,0xC9,0x01}},
    {3307, 7, 0x0D, 3, 448, {-1792461, 741775, 12980294}, {{19526, -161473, 1091135}, {19203, -161194, 1091584}}, {{-692, 4167, -25304}}, {0xEB,0x7C,0x00,0x0D,0xCF,0x98,0x92,0x3F,0x46,0x2D,0x8C,0x20,0x8C,0x19,0x31,0x01,0x3F,0x89,0xFD,0x8F,0x29,0xC4,0xD4,0xFF,0x1F,0x41,0x00,0x28,0x9D,0xFF,0xC0,0x12,0x60,0xA5,0xD8,0x03,0xA0,0x42,0xC0,0x01}},
    {3337, 7, 0x0D, 3, 457, {-1670917, 744063, 12979594}, {{20936, -161473, 1092351}, {21337, -161707, 1091328}}, {{-436, 4018, -22850}}, {0x09,0x7D,0x00,0x0D,0xEF,0x03,0x9A,0xFF,0x69,0x2D,0x14,0x1B,0x8C,0x21,0x47,0x01,0x3F,0x89,0xFD,0xBF,0x2A,0xC4,0xE4,0xFF,0xCB,0x3E,0x00,0xBE,0xA6,0x7F,0xD6,0x14,0x50,0x85,0xD8,0x03,0x9C,0x42,0xC9,0x01}},
    {3361, 7, 0x0D, 3, 457, {-1577045, 745731, 12979346}, {{24264, -161476, 1091647}, {24324, -161027, 1090815}}, {{75, 4354, -24040}}, {0x21,0x7D,0x00,0x0D,0xAF,0xBE,0x9F,0x0F,0x84,0x2D,0x24,0x19,0x8C,0x21,0x7B,0x01,0x3C,0x89,0xFD,0x0F,0x2A,0xB4,0x04,0x00,0x08,0x44,0x00,0x18,0xA2,0x3F,0xC1,0x17,0xD0,0xAF,0xD8,0xFF,0x93,0x42,0xC9,0x01}},
    {3391, 7, 0x0D, 3, 448, {-1444501, 748147, 12978430}, {{25222, -162367, 1090559}, {25094, -163072, 1090901}}, {{-771, 5366, -28721}}, {0x3F,0x7D,0x00,0x0D,0xAF,0xD5,0xA7,0xCF,0xA9,0x2D,0xFC,0x11,0x8C,0x19,0x8A,0x01,0xC1,0x85,0xFD,0xFF,0x28,0xD4,0xCF,0xFF,0xDB,0x53,0x00,0xCF,0x8F,0xBF,0x81,0x18,0x00,0x30,0xD8,0x57,0x95,0x42,0xC0,0x01}},
    {3415, 7, 0x0D, 3, 457, {-1314037, 750327, 12977646}, {{27336, -162366, 1091648}, {27481, -162642, 1091839}}, {{-1372, 5979, -36306}}, {0x57,0x7D,0x00,0x0D,0x2F,0xCC,0xAF,0xDF,0xCB,0x2D,0xDC,0x0B,0x8C,0x21,0xAB,0x01,0xC2,0x85,0x3D,0x10,0x2A,0x44,0xAA,0xFF,0x6F,0x5D,0x00,0x2E,0x72,0x7F,0xD6,0x1A,0xE0,0x4A,0xD8,0xFF,0xA3,0x42,0xC9,0x01}},
    {3426, 7, 0x0D, 3, 457, {-1243477, 751347, 12976942}, {{27148, -163131, 1090240}, {26888, -162729, 1090986}}, {{-1122, 7334, -39542}}, {0x62,0x7D,0x00,0x0D,0xAF,0x1A,0xB4,0xCF,0xDB,0x2D,0x5C,0x06,0x8C,0x31,0xA8,0x01,0xC5,0x82,0x3D,0xB0,0x28,0xE4,0xB9,0xFF,0x9B,0x72,0x00,0x8A,0x65,0x3F,0x42,0x1A,0x70,0x45,0xD8,0xAB,0x96,0x42,0xC9,0x01}},
    {3450, 7, 0x0D, 3, 448, {-1068973, 753979, 12975786}, {{24717, -162812, 1091584}, {25096, -163156, 1091668}}, {{-1285, 8285, -44830}}, {0x7A,0x7D,0x00,0x0D,0x4F,0xC1,0xBE,0xEF,0x04,0x2E,0x54,0xFD,0x8B,0x35,0x82,0x01,0x04,0x84,0x3D,0x00,0x2A,0xB4,0xAF,0xFF,0x77,0x81,0x00,0xE2,0x50,0x3F,0x82,0x18,0xC0,0x2A,0xD8,0x53,0xA1,0x42,0xC0,0x01}},
    {3480, 7, 0x0D, 3, 466, {-821669, 757447, 12974842}, {{23761, -162491, 1092032}, {24157, -162558, 1092010}}, {{-1453, 9038, -50972}}, {0x98,0x7D,0x00,0x0D,0x6F,0xD9,0xCD,0x1F,0x3B,0x2E,0xF4,0xF5,0x8B,0x45,0x73,0x01,0x45,0x85,0x3D,0x70,0x2A,0x34,0xA5,0xFF,0x3B,0x8D,0x00,0xE4,0x38,0x7F,0x97,0x17,0x20,0x50,0xD8,0xAB,0xA6,0x42,0xD2,0x01}},
    {3504, 7, 0x0D, 3, 466, {-602981, 760671, 12973518}, {{25366, -163521, 1092031}, {25017, -162817, 1091839}}, {{-943, 10663, -54129}}, {0xB0,0x7D,0x00,0x0D,0x6F,0x32,0xDB,0x7F,0x6D,0x2E,0x9C,0xEB,0x8B,0x59,0x8C,0x01,0x3F,0x81,0xFD,0x6F,0x2A,0x14,0xC5,0xFF,0x9F,0xA6,0x00,0x8F,0x2C,0x7F,0x6E,0x18,0xF0,0x3F,0xD8,0xFF,0xA3,0x42,0xD2,0x01}},
    {3534, 7, 0x0D, 3, 448, {-312773, 764975, 12972838}, {{20754, -162108, 1091840}, {21001, -162132, 1091925}}, {{-1368, 10155, -55665}}, {0xCE,0x7D,0x00,0x0D,0xEF,0xE8,0xEC,0xBF,0xB0,0x2E,0x4C,0xE6,0x8B,0x49,0x44,0x01,0xC4,0x86,0x3D,0x40,0x2A,0x84,0xAA,0xFF,0xAF,0x9E,0x00,0x8F,0x26,0x7F,0x82,0x14,0xC0,0x6A,0xD8,0x57,0xA5,0x42,0xC0,0x01}},
    {3558, 7, 0x0D, 3, 448, {-75165, 768731, 12971570}, {{21906, -161725, 1090944}, {21601, -162303, 1091327}}, {{-1188, 10565, -56251}}, {0xE6,0x7D,0x00,0x0D,0x8F,0x69,0xFB,0x6F,0xEB,0x2E,0x64,0xDC,0x8B,0x49,0x56,0x01,0x43,0x88,0x3D,0x60,0x29,0xC4,0xB5,0xFF,0x17,0xA5,0x00,0x45,0x24,0x7F,0x18,0x15,0x10,0x60,0xD8,0xFF,0x9B,0x42,0xC0,0x01}},
    {3569, 7, 0x0D, 3, 448, {1539592, -3801890, -17371}, {{21716, -162180, 1092031}, {21262, -161793, 1091838}}, {{-863, 10653, -55842}}, {0xF1,0x7D,0x00,0x0D,0x23,0xF8,0x5D,0x78,0xF3,0x17,0x4B,0x78,0xFF,0x53,0x53,0x01,0x7C,0x86,0xFD,0x6F,0x2A,0x14,0xCA,0xFF,0x77,0xA6,0x00,0xDE,0x25,0xBF,0xC3,0x14,0xF0,0x7F,0xD8,0xFB,0xA3,0x42,0xC0,0x01}},
    {3593, 7, 0x0D, 3, 448, {1536256, -3776514, -133963}, {{19788, -161209, 1092224}, {20321, -161532, 1091926}}, {{-1619, 9896, -53207}}, {0x09,0x7E,0x00,0x0D,0x03,0xC4,0x5D,0xF8,0x7F,0x19,0x6B,0xE9,0xFB,0x33,0x35,0x01,0x47,0x8A,0x3D,0xA0,0x2A,0xD4,0x9A,0xFF,0xA3,0x9A,0x00,0x29,0x30,0x7F,0xD8,0x13,0x40,0x90,0xD8,0x5B,0xA5,0x42,0xC0,0x01}},
    {3623, 7, 0x0D, 3, 457, {1532248, -3747618, -266175}, {{17163, -160828, 1090816}, {16903, -161276, 1091328}}, {{-1298, 8189, -47078}}, {0x27,0x7E,0x00,0x0D,0x63,0x85,0x5D,0x78,0x43,0x1B,0x83,0xE0,0xF7,0x2F,0x0C,0x01,0xC4,0x8B,0x3D,0x40,0x29,0xE4,0xAE,0xFF,0xF7,0x7F,0x00,0x1A,0x48,0xFF,0x81,0x10,0x40,0xA0,0xD8,0x03,0x9C,0x42,0xC9,0x01}},
    {3647, 7, 0x0D, 3, 457, {1529496, -3726994, -361951}, {{18638, -162237, 1092800}, {18951, -162217, 1092265}}, {{-1033, 7847, -44153}}, {0x3F,0x7E,0x00,0x0D,0x63,0x5A,0x5D,0xB8,0x85,0x1C,0x43,0xF4,0xF4,0x3B,0x23,0x01,0x43,0x86,0x3D,0x30,0x2B,0x74,0xBF,0xFF,0x9F,0x7A,0x00,0x87,0x53,0xFF,0x81,0x12,0x70,0x65,0xD8,0xA7,0xAA,0x42,0xC9,0x01}},
    {3677, 7, 0x0D, 3, 448, {1527128, -3702830, -474923}, {{19979, -162046, 1090175}, {20062, -162471, 1090304}}, {{-1451, 8093, -43296}}, {0x5D,0x7E,0x00,0x0D,0x63,0x35,0x5D,0x48,0xFF,0x1D,0xAB,0x81,0xF1,0x2F,0x38,0x01,0x02,0x87,0xFD,0x9F,0x28,0x54,0xA5,0xFF,0x77,0x7E,0x00,0xE0,0x56,0xBF,0x97,0x13,0x90,0x55,0xD8,0x03,0x8C,0x42,0xC0,0x01}},
    {3701, 7, 0x0D, 3, 457, {1524864, -3683182, -565423}, {{21390, -162753, 1090239}, {21600, -162217, 1090645}}, {{-1121, 8349, -44763}}, {0x75,0x7E,0x00,0x0D,0x03,0x12,0x5D,0x48,0x32,0x1F,0xA3,0xBE,0xEE,0x3B,0x4E,0x01,0x3F,0x84,0xFD,0xAF,0x28,0xF4,0xB9,0xFF,0x77,0x82,0x00,0x25,0x51,0x3F,0x18,0x15,0x70,0x65,0xD8,0x57,0x91,0x42,0xC9,0x01}},
    {3712, 7, 0x0D, 3, 448, {1523920, -3673742, -608055}, {{21582, -162371, 1091647}, {21429, -162391, 1092180}}, {{-853, 8528, -45948}}, {0x80,0x7E,0x00,0x0D,0x43,0x03,0x5D,0xC8,0xC5,0x1F,0x93,0x71,0xED,0x3B,0x51,0x01,0xBD,0x85,0xFD,0x0F,0x2A,0xB4,0xCA,0xFF,0x43,0x85,0x00,0x84,0x4C,0x7F,0xED,0x14,0x90,0x5A,0xD8,0x53,0xA9,0x42,0xC0,0x01}},
    {3736, 7, 0x0D, 3, 457, {1521680, -3652910, -704179}, {{22090, -163650, 1091839}, {22196, -163669, 1091498}}, {{-942, 8868, -48244}}, {0x98,0x7E,0x00,0x0D,0x43,0xE0,0x5C,0x48,0x0B,0x21,0x9B,0x82,0xEA,0x2B,0x59,0x01,0xBE,0x80,0xFD,0x3F,0x2A,0x24,0xC5,0xFF,0x93,0x8A,0x00,0x8C,0x43,0x3F,0xAD,0x15,0xB0,0x0A,0xD8,0xAB,0x9E,0x42,0xC9,0x01}},
    {3766, 7, 0x0D, 3, 457, {1518184, -3626238, -825255}, {{18380, -162302, 1092224}, {18012, -162645, 1092095}}, {{-691, 8098, -46288}}, {0xB6,0x7E,0x00,0x0D,0xA3,0xA9,0x5C,0x08,0xAC,0x22,0xB3,0xD0,0xE6,0x33,0x1F,0x01,0x02,0x86,0x3D,0xA0,0x2A,0xD4,0xD4,0xFF,0x8B,0x7E,0x00,0x30,0x4B,0x3F,0x97,0x11,0xB0,0x4A,0xD8,0xFF,0xA7,0x42,0xC9,0x01}},
    {3790, 7, 0x0D, 3, 448, {1516184, -3605986, -916447}, {{18767, -160896, 1091391}, {19296, -161364, 1092522}}, {{-857, 8369, -43728}}, {0xCE,0x7E,0x00,0x0D,0x63,0x8A,0x5C,0x78,0xE8,0x23,0x43,0x08,0xE4,0x3F,0x25,0x01,0x80,0x8B,0xFD,0xCF,0x29,0x74,0xCA,0xFF,0xC7,0x82,0x00,0x30,0x55,0x3F,0xD8,0x12,0xC0,0x9A,0xD8,0xAB,0xAE,0x42,0xC0,0x01}},
    {3820, 7, 0x0D, 3, 457, {1514136, -3582254, -1023175}, {{18189, -162048, 1091392}, {18612, -161621, 1091668}}, {{-524, 7593, -40647}}, {0xEC,0x7E,0x00,0x0D,0x63,0x6A,0x5C,0x48,0x5B,0x25,0x73,0xC6,0xE0,0x37,0x1C,0x01,0x00,0x87,0x3D,0xD0,0x29,0x44,0xDF,0xFF,0xA7,0x76,0x00,0x39,0x61,0x3F,0x2D,0x12,0xB0,0x8A,0xD8,0x53,0xA1,0x42,0xC9,0x01}},
    {3831, 7, 0x0D, 3, 448, {1513416, -3574054, -1060271}, {{18188, -161408, 1092287}, {18185, -161281, 1091925}}, {{-510, 7420, -39562}}, {0xF7,0x7E,0x00,0x0D,0x23,0x5F,0x5C,0x68,0xDB,0x25,0xA3,0xA4,0xDF,0x33,0x1C,0x01,0x80,0x89,0xFD,0xAF,0x2A,0x24,0xE0,0xFF,0xF3,0x73,0x00,0x76,0x65,0x7F,0xC2,0x11,0xF0,0x9F,0xD8,0x57,0xA5,0x42,0xC0,0x01}},
    {3844, 7, 0x0D, 3, 448, {1512624, -3564762, -1102283}, {{18379, -161152, 1091392}, {18950, -161878, 1091412}}, {{-598, 6990, -38276}}, {0x04,0x7F,0x00,0x0D,0xC3,0x52,0x5C,0x98,0x6C,0x26,0x6B,0x5C,0xDE,0x2F,0x1F,0x01,0x80,0x8A,0x3D,0xD0,0x29,0xA4,0xDA,0xFF,0x3B,0x6D,0x00,0x7C,0x6A,0xBF,0x81,0x12,0xA0,0x7A,0xD8,0x53,0x9D,0x42,0xC0,0x01}},
    {3855, 7, 0x0D, 3, 448, {1511720, -3557114, -1136895}, {{18956, -162110, 1091520}, {18610, -161792, 1090900}}, {{-512, 6902, -37425}}, {0x0F,0x7F,0x00,0x0D,0xA3,0x44,0x5C,0x18,0xE4,0x26,0x03,0x4E,0xDD,0x33,0x28,0x01,0xC2,0x86,0x3D,0xF0,0x29,0x04,0xE0,0xFF,0xDB,0x6B,0x00,0xCF,0x6D,0xBF,0x2C,0x12,0x00,0x80,0xD8,0x53,0x95,0x42,0xC0,0x01}},
    {3885, 7, 0x0D, 3, 457, {1510096, -3537350, -1226603}, {{18764, -162370, 1091135}, {18184, -162901, 1090388}}, {{-430, 6401, -34629}}, {0x2D,0x7F,0x00,0x0D,0x43,0x2B,0x5C,0xE8,0x18,0x28,0x2B,0x91,0xDA,0x33,0x25,0x01,0xBE,0x85,0xFD,0x8F,0x29,0x24,0xE5,0xFF,0x07,0x64,0x00,0xBB,0x78,0x3F,0xC2,0x11,0xB0,0x3A,0xD8,0x53,0x8D,0x42,0xC9,0x01}},
    {3909, 7, 0x0D, 3, 448, {1509072, -3522630, -1293515}, {{18053, -161085, 1090304}, {17924, -160937, 1090986}}, {{-947, 5452, -33079}}, {0x45,0x7F,0x00,0x0D,0x43,0x1B,0x5C,0xE8,0xFE,0x28,0x6B,0x86,0xD8,0x17,0x1A,0x01,0xC3,0x8A,0x3D,0xC0,0x28,0xD4,0xC4,0xFF,0x33,0x55,0x00,0xC9,0x7E,0x3F,0x81,0x11,0x70,0xB5,0xD8,0xAB,0x96,0x42,0xC0,0x01}},
    {3939, 7, 0x0D, 3, 448, {1507736, -3505658, -1371775}, {{17417, -162752, 1092479}, {17073, -162987, 1092523}}, {{-516, 5542, -30010}}, {0x63,0x7F,0x00,0x0D,0x63,0x06,0x5C,0x18,0x08,0x2A,0x03,0x23,0xD6,0x27,0x10,0x01,0x40,0x84,0xFD,0xDF,0x2A,0xC4,0xDF,0xFF,0x9B,0x56,0x00,0xC6,0x8A,0x7F,0xAC,0x10,0x50,0x35,0xD8,0xAF,0xAE,0x42,0xC0,0x01}},
    {3375, 7, 0x0D, 3, 338, {8176504, -1801656, -2118532}, {{15414, -193086, 1085952}, {15351, -193193, 1086379}}, {{496, -12440, 61385}}, {0x2F,0x7D,0x00,0x0D,0xE3,0x0D,0xF3,0x21,0x09,0x92,0xF9,0x58,0xBF,0xDB,0xF0,0x00,0xC2,0x0D,0x3D,0x80,0x24,0x04,0x1F,0x00,0xA0,0x3D,0xFF,0xC9,0xEF,0xC0,0xFD,0x0E,0x70,0xD5,0xD0,0xAF,0x4E,0x42,0x52,0x01}},
    {3386, 7, 0x0D, 3, 320, {8107584, -1802744, -2058496}, {{14578, -194049, 1086015}, {14072, -194304, 1085952}}, {{937, -12347, 61384}}, {0x3A,0x7D,0x00,0x0D,0x03,0xD9,0xEE,0x21,0xF8,0x91,0x01,0x2E,0xC1,0xCB,0xE3,0x00,0xFF,0x09,0xFD,0x8F,0x24,0x94,0x3A,0x00,0x14,0x3F,0xFF,0xC8,0xEF,0x00,0xBE,0x0D,0x00,0x90,0xD0,0x03,0x48,0x42,0x40,0x01}},
    {3399, 7, 0x0D, 3, 320, {8025728, -1803708, -1987316}, {{13685, -193665, 1084991}, {13049, -193795, 1085866}}, {{1199, -12524, 62483}}, {0x47,0x7D,0x00,0x0D,0x03,0xDA,0xE9,0x11,0xE9,0x91,0x19,0x5A,0xC3,0xD7,0xD5,0x00,0x7F,0x0B,0xFD,0x8F,0x23,0xF4,0x4A,0x00,0x50,0x3C,0xFF,0x13,0xF4,0x40,0xBE,0x0C,0xD0,0xAF,0xD0,0xAB,0x46,0x42,0x40,0x01}},
    {3410, 7, 0x0D, 3, 320, {7954744, -1804528, -1925696}, {{13046, -193280, 1085760}, {12708, -192853, 1085183}}, {{748, -12609, 63495}}, {0x52,0x7D,0x00,0x0D,0xE3,0x84,0xE5,0x41,0xDC,0x91,0x81,0x3B,0xC5,0xDB,0xCB,0x00,0x00,0x0D,0x3D,0x50,0x24,0xC4,0x2E,0x00,0xFC,0x3A,0xFF,0x07,0xF8,0x00,0x69,0x0C,0xB0,0xEA,0xD0,0xFF,0x3B,0x42,0x40,0x01}},
    {3440, 7, 0x0D, 3, 320, {7752880, -1806604, -1750056}, {{13109, -192771, 1085887}, {13302, -192258, 1085951}}, {{1272, -13634, 67159}}, {0x70,0x7D,0x00,0x0D,0xC3,0x32,0xD9,0xD1,0xBB,0x91,0xB1,0x97,0xCA,0xD7,0xCC,0x00,0xFD,0x0E,0xFD,0x6F,0x24,0x84,0x4F,0x00,0xF8,0x2A,0xFF,0x57,0x06,0x81,0xFD,0x0C,0xE0,0x0F,0xD1,0xFF,0x47,0x42,0x40,0x01}},
    {3464, 7, 0x0D, 3, 320, {7582440, -1808628, -1601640}, {{12915, -193665, 1086399}, {12873, -193708, 1086293}}, {{1097, -14318, 69298}}, {0x88,0x7D,0x00,0x0D,0xA3,0xCB,0xCE,0x31,0x9C,0x91,0x31,0x1F,0xCF,0xCF,0xC9,0x00,0x7F,0x0B,0xFD,0xEF,0x24,0x94,0x44,0x00,0x48,0x20,0xFF,0xB2,0x0E,0x41,0x92,0x0C,0x40,0xB5,0xD0,0x57,0x4D,0x42,0x40,0x01}},
    {3494, 7, 0x0D, 3, 320, {7361528, -1811124, -1409304}, {{13561, -193152, 1084864}, {13562, -193026, 1084671}}, {{1352, -13637, 71507}}, {0xA6,0x7D,0x00,0x0D,0xE3,0x4F,0xC1,0x31,0x75,0x91,0xD1,0xFD,0xD4,0xE7,0xD3,0x00,0x80,0x0D,0x3D,0x70,0x23,0x84,0x54,0x00,0xEC,0x2A,0xFF,0x53,0x17,0x81,0x3E,0x0D,0xE0,0xDF,0xD0,0xFF,0x33,0x42,0x40,0x01}},
    {3518, 7, 0x0D, 3, 329, {7177480, -1812856, -1250248}, {{13300, -193473, 1086015}, {12962, -193366, 1085952}}, {{1019, -14311, 72361}}, {0xBE,0x7D,0x00,0x0D,0x23,0x14,0xB6,0x21,0x5A,0x91,0x71,0xD8,0xD9,0xD3,0xCF,0x00,0x3F,0x0C,0xFD,0x8F,0x24,0xB4,0x3F,0x00,0x64,0x20,0xFF,0xA9,0x1A,0x81,0xA8,0x0C,0xA0,0xCA,0xD0,0x03,0x48,0x42,0x49,0x01}},
    {3529, 7, 0x0D, 3, 320, {7092560, -1813824, -1176328}, {{13872, -193602, 1086271}, {14329, -193195, 1085781}}, {{1090, -14150, 72785}}, {0xC9,0x7D,0x00,0x0D,0x43,0xE5,0xB0,0x01,0x4B,0x91,0xF1,0x19,0xDC,0xC3,0xD8,0x00,0xBE,0x0B,0xFD,0xCF,0x24,0x24,0x44,0x00,0xE8,0x22,0xFF,0x51,0x1C,0x41,0xFE,0x0D,0x50,0xD5,0xD0,0x57,0x45,0x42,0x40,0x01}},
    {3553, 7, 0x0D, 3, 329, {6905384, -1814992, -1015436}, {{14905, -193729, 1086079}, {14841, -194049, 1086464}}, {{1102, -13814, 71183}}, {0xE1,0x7D,0x00,0x0D,0xA3,0x78,0xA5,0xC1,0x38,0x91,0xE9,0x02,0xE1,0xE7,0xE8,0x00,0x3F,0x0B,0xFD,0x9F,0x24,0xE4,0x44,0x00,0x28,0x28,0xFF,0x0F,0x16,0x41,0x7E,0x0E,0xF0,0x9F,0xD0,0x03,0x50,0x42,0x49,0x01}},
    {3583, 7, 0x0D, 3, 329, {6680960, -1816600, -821128}, {{16378, -193538, 1086719}, {15525, -193364, 1087488}}, {{937, -12780, 65658}}, {0xFF,0x7D,0x00,0x0D,0x03,0xC6,0x97,0xA1,0x1F,0x91,0xF1,0xF0,0xE6,0xEB,0xFF,0x00,0xFE,0x0B,0xFD,0x3F,0x25,0x94,0x3A,0x00,0x50,0x38,0xFF,0x7A,0x00,0x41,0x29,0x0F,0xC0,0xCA,0xD0,0x03,0x60,0x42,0x49,0x01}},
    {3607, 7, 0x0D, 3, 320, {6511080, -1818460, -673428}, {{15609, -193407, 1084864}, {15527, -193707, 1084842}}, {{1021, -11754, 63162}}, {0x17,0x7E,0x00,0x0D,0xA3,0x67,0x8D,0x91,0x02,0x91,0xD9,0x72,0xEB,0xE7,0xF3,0x00,0x81,0x0C,0x3D,0x70,0x23,0xD4,0x3F,0x00,0x58,0x48,0xFF,0xBA,0xF6,0xC0,0x29,0x0F,0x50,0xB5,0xD0,0xAB,0x36,0x42,0x40,0x01}},
    {3637, 7, 0x0D, 3, 320, {6307888, -1820552, -497696}, {{16627, -193917, 1085312}, {17061, -193706, 1085183}}, {{855, -11429, 58823}}, {0x35,0x7E,0x00,0x0D,0xC3,0x00,0x81,0xE1,0xE1,0x90,0xC1,0xCF,0xF0,0xCF,0x03,0x01,0x83,0x0A,0x3D,0xE0,0x23,0x74,0x35,0x00,0x6C,0x4D,0xFF,0xC7,0xE5,0x40,0xA9,0x10,0x60,0xB5,0xD0,0xFF,0x3B,0x42,0x40,0x01}},
    {3661, 7, 0x0D, 3, 338, {6152088, -1821500, -364364}, {{14521, -193600, 1085695}, {14502, -193621, 1085696}}, {{598, -10909, 55653}}, {0x4D,0x7E,0x00,0x0D,0x63,0x7E,0x77,0x11,0xD3,0x90,0x69,0xE1,0xF4,0xE7,0xE2,0x00,0xC0,0x0B,0xFD,0x3F,0x24,0x64,0x25,0x00,0x8C,0x55,0xFF,0x65,0xD9,0x80,0x29,0x0E,0xB0,0xBA,0xD0,0x03,0x44,0x42,0x52,0x01}},
    {3672, 7, 0x0D, 3, 320, {6083128, -1822508, -304816}, {{14901, -193597, 1085056}, {15012, -193363, 1085184}}, {{438, -11001, 54980}}, {0x58,0x7E,0x00,0x0D,0xE3,0x48,0x73,0x51,0xC3,0x90,0xA1,0xB2,0xF6,0xD7,0xE8,0x00,0xC3,0x0B,0x3D,0xA0,0x23,0x64,0x1B,0x00,0x1C,0x54,0xFF,0xC4,0xD6,0x00,0xA9,0x0E,0xD0,0xCA,0xD0,0x03,0x3C,0x42,0x40,0x01}},
    {3696, 7, 0x0D, 3, 320, {5934304, -1824572, -177480}, {{13558, -194046, 1086464}, {13304, -194045, 1086975}}, {{258, -10994, 53695}}, {0x70,0x7E,0x00,0x0D,0x83,0x33,0x6A,0x11,0xA3,0x90,0x71,0x95,0xFA,0xDB,0xD3,0x00,0x02,0x0A,0x3D,0x00,0x25,0x24,0x10,0x00,0x38,0x54,0xFF,0xBF,0xD1,0x00,0xFE,0x0C,0x30,0xA0,0xD0,0xFF,0x57,0x42,0x40,0x01}},
    {3726, 7, 0x0D, 3, 320, {5750896, -1827488, -19816}, {{14204, -192702, 1086016}, {13482, -192253, 1086037}}, {{336, -9723, 52683}}, {0x8E,0x7E,0x00,0x0D,0xC3,0x01,0x5F,0x81,0x75,0x90,0x31,0x65,0xFF,0xF3,0xDD,0x00,0x42,0x0F,0x3D,0x90,0x24,0x04,0x15,0x00,0x14,0x68,0xFF,0xCB,0xCD,0x80,0x2A,0x0D,0x30,0x10,0xD1,0x57,0x49,0x42,0x40,0x01}},
    {3750, 7, 0x0D, 3, 320, {-213221, 2890515, 6623392}, {{13298, -191422, 1086400}, {12962, -190971, 1086635}}, {{-84, -10650, 53367}}, {0xA6,0x7E,0x00,0x0D,0x6F,0xFC,0xF2,0x4F,0x6C,0xB0,0x40,0x21,0xCA,0xC8,0xCF,0x00,0x42,0x14,0x3D,0xF0,0x24,0xC4,0xFA,0xFF,0x9B,0x59,0xFF,0x77,0xD0,0x80,0xA8,0x0C,0x50,0x60,0xD1,0xAF,0x52,0x42,0x40,0x01}},
    {3780, 7, 0x0D, 3, 320, {-537165, 2930551, 6718152}, {{11317, -191550, 1085120}, {11767, -191485, 1085867}}, {{239, -11431, 56874}}, {0xC4,0x7E,0x00,0x0D,0xCF,0x36,0xDF,0xDF,0xDD,0xB2,0x90,0x05,0xCD,0xD4,0xB0,0x00,0xC2,0x13,0x3D,0xB0,0x23,0xF4,0x0E,0x00,0x64,0x4D,0xFF,0x2A,0xDE,0xC0,0x7D,0x0B,0x30,0x40,0xD1,0xAF,0x46,0x42,0x40,0x01}},
    {3804, 7, 0x0D, 3, 320, {-812925, 2964171, 6799972}, {{9852, -192384, 1087039}, {8784, -193023, 1087232}}, {{425, -12024, 61720}}, {0xDC,0x7E,0x00,0x0D,0x0F,0x62,0xCE,0x2F,0xEB,0xB4,0xC8,0x84,0xCF,0xF0,0x99,0x00,0x80,0x10,0xFD,0x8F,0x25,0x94,0x1A,0x00,0x20,0x44,0xFF,0x18,0xF1,0x00,0x94,0x08,0x10,0xE0,0xD0,0x03,0x5C,0x42,0x40,0x01}},
    {3815, 7, 0x0D, 3, 329, {-946525, 2980955, 6839324}, {{8880, -192767, 1086592}, {9289, -191831, 1086463}}, {{772, -13220, 63507}}, {0xE7,0x7E,0x00,0x0D,0x8F,0x3A,0xC6,0x6F,0xF1,0xB5,0x38,0xB8,0xD0,0xC0,0x8A,0x00,0x01,0x0F,0x3D,0x20,0x25,0x44,0x30,0x00,0x70,0x31,0xFF,0x13,0xF8,0x40,0x12,0x09,0x90,0x2A,0xD1,0xFF,0x4F,0x42,0x49,0x01}},
    {3839, 7, 0x0D, 3, 329, {-1246197, 3018875, 6928416}, {{11383, -192323, 1086463}, {11430, -192087, 1086292}}, {{1015, -12618, 65733}}, {0xFF,0x7E,0x00,0x0D,0x2F,0xF0,0xB3,0xEF,0x41,0xB8,0x40,0x70,0xD3,0xDC,0xB1,0x00,0xBD,0x10,0xFD,0xFF,0x24,0x74,0x3F,0x00,0xD8,0x3A,0xFF,0xC5,0x00,0x81,0x29,0x0B,0x90,0x1A,0xD1,0x53,0x4D,0x42,0x49,0x01}},
    {3869, 7, 0x0D, 3, 338, {-1620661, 3065939, 7039860}, {{14071, -192255, 1085887}, {14075, -192854, 1085525}}, {{838, -12199, 64528}}, {0x1D,0x7F,0x00,0x0D,0x2F,0x15,0x9D,0x4F,0x21,0xBB,0xE8,0xD6,0xD6,0xDC,0xDB,0x00,0x01,0x11,0xFD,0x6F,0x24,0x64,0x34,0x00,0x64,0x41,0xFF,0x10,0xFC,0xC0,0xBE,0x0D,0xA0,0xEA,0xD0,0x57,0x41,0x42,0x52,0x01}},
    {3893, 7, 0x0D, 3, 320, {-1910413, 3102407, 7126028}, {{12781, -191486, 1084800}, {13473, -190975, 1084843}}, {{749, -12869, 63343}}, {0x35,0x7F,0x00,0x0D,0xCF,0x65,0x8B,0x1F,0x5B,0xBD,0x18,0x78,0xD9,0xB4,0xC7,0x00,0x02,0x14,0x3D,0x60,0x23,0xD4,0x2E,0x00,0xEC,0x36,0xFF,0x6F,0xF7,0x40,0x28,0x0D,0x10,0x60,0xD1,0xAF,0x36,0x42,0x40,0x01}},
    {3923, 7, 0x0D, 3, 320, {-2267501, 3146831, 7231896}, {{10478, -191549, 1086272}, {11079, -191485, 1085184}}, {{420, -13906, 64128}}, {0x53,0x7F,0x00,0x0D,0x4F,0x9A,0x75,0x3F,0x11,0xC0,0x30,0xB3,0xDC,0xB8,0xA3,0x00,0xC3,0x13,0x3D,0xD0,0x24,0x44,0x1A,0x00,0xB8,0x26,0xFF,0x80,0xFA,0xC0,0xD1,0x0A,0x30,0x40,0xD1,0x03,0x3C,0x42,0x40,0x01}},
    {3947, 7, 0x0D, 3, 320, {-2556165, 3183387, 7316940}, {{13881, -191425, 1085439}, {13737, -191404, 1085610}}, {{1096, -11929, 65656}}, {0x6B,0x7F,0x00,0x0D,0xEF,0xFB,0x63,0x6F,0x4C,0xC2,0x98,0x4B,0xDF,0xE4,0xD8,0x00,0x3F,0x14,0xFD,0xFF,0x23,0x84,0x44,0x00,0x9C,0x45,0xFF,0x78,0x00,0x41,0x6A,0x0D,0x40,0x45,0xD1,0xAB,0x42,0x42,0x40,0x01}},
    {3958, 7, 0x0D, 3, 320, {-2688077, 3199399, 7356840}, {{11962, -190847, 1085888}, {10662, -190805, 1086548}}, {{772, -12527, 65990}}, {0x76,0x7F,0x00,0x0D,0xCF,0xEE,0x5B,0x9F,0x46,0xC3,0x50,0x83,0xE0,0xE8,0xBA,0x00,0x81,0x16,0x3D,0x70,0x24,0x44,0x30,0x00,0x44,0x3C,0xFF,0xC6,0x01,0x81,0x69,0x0A,0xB0,0x6A,0xD1,0x53,0x51,0x42,0x40,0x01}},
    {3982, 7, 0x0D, 3, 320, {-2979197, 3236031, 7443044}, {{12532, -192831, 1086528}, {12795, -192768, 1086121}}, {{931, -12706, 66669}}, {0x8E,0x7F,0x00,0x0D,0x0F,0x2A,0x4A,0xFF,0x82,0xC5,0xC8,0x24,0xE3,0xD0,0xC3,0x00,0xC1,0x0E,0x3D,0x10,0x25,0x34,0x3A,0x00,0x78,0x39,0xFF,0x6D,0x04,0xC1,0x7E,0x0C,0x00,0xF0,0xD0,0xA7,0x4A,0x42,0x40,0x01}},
    {4012, 7, 0x0D, 3, 320, {-3339053, 3281355, 7550220}, {{12271, -191808, 1087423}, {12618, -191486, 1087233}}, {{589, -13713, 65981}}, {0xAC,0x7F,0x00,0x0D,0x4F,0x33,0x34,0x2F,0x47,0xC8,0x18,0x6A,0xE6,0xBC,0xBF,0x00,0xC0,0x12,0xFD,0xEF,0x25,0xD4,0x24,0x00,0xBC,0x29,0xFF,0xBD,0x01,0x81,0x52,0x0C,0x20,0x40,0xD1,0x07,0x5C,0x42,0x40,0x01}},
    {4036, 7, 0x0D, 3, 320, {-3619525, 3316187, 7633760}, {{12984, -191488, 1087360}, {12876, -191662, 1087316}}, {{1181, -12794, 64115}}, {0xC4,0x7F,0x00,0x0D,0xEF,0x14,0x23,0x6F,0x67,0xCA,0xC0,0xF6,0xE8,0xE0,0xCA,0x00,0x00,0x14,0x3D,0xE0,0x25,0xD4,0x49,0x00,0x18,0x38,0xFF,0x73,0xFA,0x00,0x93,0x0C,0x20,0x35,0xD1,0x53,0x5D,0x42,0x40,0x01}},
    {4066, 7, 0x0D, 3, 329, {-3954101, 3357767, 7734104}, {{12986, -192450, 1085760}, {12111, -192003, 1085951}}, {{1090, -12025, 61899}}, {0xE2,0x7F,0x00,0x0D,0x2F,0xA9,0x0E,0x1F,0xF1,0xCC,0xB0,0x06,0xEC,0xE8,0xCA,0x00,0x3E,0x10,0x3D,0x50,0x24,0x24,0x44,0x00,0x1C,0x44,0xFF,0xCB,0xF1,0xC0,0xD3,0x0B,0xD0,0x1F,0xD1,0xFF,0x47,0x42,0x49,0x01}},
    {4077, 7, 0x0D, 3, 320, {-4073141, 3372839, 7769768}, {{12661, -190979, 1087615}, {12706, -190976, 1087146}}, {{855, -12193, 61133}}, {0xED,0x7F,0x00,0x0D,0x2F,0x65,0x07,0x9F,0xDC,0xCD,0x50,0x1D,0xED,0xD4,0xC5,0x00,0xFD,0x15,0xFD,0x1F,0x26,0x74,0x35,0x00,0x7C,0x41,0xFF,0xCD,0xEE,0x80,0x68,0x0C,0x00,0x60,0xD1,0xAB,0x5A,0x42,0x40,0x01}},
    {4090, 7, 0x0D, 3, 320, {-4211709, 3390155, 7811048}, {{13429, -191295, 1086272}, {13394, -191828, 1086378}}, {{851, -11417, 60956}}, {0xFA,0x7F,0x00,0x0D,0x0F,0xF0,0xFE,0x2E,0xEB,0xCE,0xD0,0x5F,0xEE,0xD4,0xD1,0x00,0xC1,0x14,0x3D,0xD0,0x24,0x34,0x35,0x00,0x9C,0x4D,0xFF,0x1C,0xEE,0x80,0x14,0x0D,0xC0,0x2A,0xD1,0xAB,0x4E,0x42,0x40,0x01}},
    {5, 7, 0x0D, 3, 320, {-4327333, 3404715, 7846060}, {{12470, -191815, 1086399}, {12540, -191749, 1086206}}, {{1709, -11506, 60449}}, {0x05,0x70,0x00,0x0D,0x6F,0xE1,0xF7,0xAE,0xCE,0xCF,0x58,0x71,0xEF,0xD8,0xC2,0x00,0xB9,0x12,0xFD,0xEF,0x24,0xD4,0x6A,0x00,0x38,0x4C,0xFF,0x21,0xEC,0x00,0x3F,0x0C,0xB0,0x2F,0xD1,0xFB,0x4B,0x42,0x40,0x01}},
    {3927, 7, 0x0D, 3, 256, {-5839992, 2367366, 8088545}, {{54687, 873794, 654892}, {54632, 881212, 644141}}, {{361287, -22083, -38365}}, {0x57,0x7F,0x00,0x0D,0x23,0x8E,0x9B,0x1A,0x7E,0x90,0xC2,0xD7,0xF6,0x7C,0x56,0x03,0x42,0x55,0x0D,0x8B,0x7F,0x72,0x34,0x58,0xF4,0xA6,0xFE,0x23,0x6A,0x3F,0x5A,0x35,0xC0,0x23,0xD7,0xB4,0x50,0x27,0x00,0x01}},
    {3951, 7, 0x0D, 3, 210, {-4985296, 2107990, 8101569}, {{65495, 905327, 604428}, {68977, 908959, 601237}}, {{355817, -15776, -34609}}, {0x6F,0x7F,0x00,0x0D,0xC3,0xB8,0xCF,0x5A,0xA9,0x80,0x82,0x3D,0xF7,0x5C,0xFF,0x03,0x6F,0xD0,0x0D,0x43,0x4E,0x92,0xDE,0x56,0x80,0x09,0xFF,0xCF,0x78,0x7F,0x5C,0x43,0xF0,0xE9,0xDD,0x54,0xB2,0x24,0xD2,0x00}},
    {3981, 7, 0x0D, 3, 246, {-3823000, 1788330, 8133913}, {{69210, 920487, 562011}, {69644, 920668, 556273}}, {{409189, 5869, -34265}}, {0x8D,0x7F,0x00,0x0D,0xA3,0xA9,0x16,0xAB,0x26,0x6D,0x32,0x3A,0xF8,0x68,0x39,0x04,0xA7,0x0B,0xCE,0xD6,0x24,0x52,0xE6,0x63,0xB4,0x5B,0x00,0x27,0x7A,0x3F,0x03,0x44,0xC0,0xC5,0xE0,0xC4,0xF3,0x21,0xF6,0x00}},
    {4005, 7, 0x0D, 3, 256, {-2728976, 1494506, 8183745}, {{66660, 939570, 490325}, {65262, 947754, 473683}}, {{429824, -4250, -33080}}, {0xA5,0x7F,0x00,0x0D,0xC3,0x6F,0x59,0xAB,0x37,0x5B,0x82,0xBF,0xF9,0x90,0x11,0x04,0x32,0x56,0x4E,0xD5,0xDE,0x01,0xF0,0x68,0x98,0xBD,0xFF,0xC8,0x7E,0xBF,0xBB,0x3F,0xA0,0x62,0xE7,0x4C,0xE9,0x1C,0x00,0x01}},
    {4016, 7, 0x0D, 3, 256, {-2234072, 1356162, 8202117}, {{63777, 958680, 446878}, {63634, 962491, 435095}}, {{402725, -4099, -30942}}, {0xB0,0x7F,0x00,0x0D,0xA3,0xA4,0x77,0x0B,0xC6,0x52,0x0A,0x4F,0xFA,0x84,0xE4,0x03,0xD8,0xA0,0x8E,0x67,0xB4,0x51,0x52,0x62,0xF4,0xBF,0xFF,0x22,0x87,0xBF,0x24,0x3E,0xB0,0xFB,0xEA,0x5C,0x8E,0x1A,0x00,0x01}},
    {4040, 7, 0x0D, 3, 256, {-1240424, 1084390, 8245293}, {{43083, 967435, 400060}, {40241, 966335, 394691}}, {{361110, -2899, -27879}}, {0xC8,0x7F,0x00,0x0D,0x63,0x4A,0xB4,0x9B,0x2F,0x42,0x5A,0xA0,0xFB,0x2C,0xA1,0x02,0x0B,0xC3,0x0E,0xAF,0x86,0x61,0x29,0x58,0xB4,0xD2,0xFF,0x19,0x93,0x7F,0x4C,0x27,0xF0,0xEB,0xEB,0x0C,0x17,0x18,0x00,0x01}},
    {4070, 7, 0x0D, 3, 237, {3240, 713171, 8287917}, {{24953, 950521, 370476}, {24164, 950005, 362496}}, {{416090, -26106, -12173}}, {0xE6,0x7F,0x00,0x0D,0xA3,0x32,0x00,0x4C,0x87,0x2B,0x5A,0xED,0xFC,0xE4,0x85,0x01,0xF9,0x80,0x0E,0xCB,0x69,0xA1,0x95,0x65,0x18,0x68,0xFE,0x73,0xD0,0x3F,0x99,0x17,0x50,0xEF,0xE7,0x00,0x20,0x16,0xED,0x00}},
    {4094, 7, 0x0D, 3, 256, {1199768, 313031, 8358141}, {{17889, 952413, 313741}, {16938, 955905, 298512}}, {{501103, -46544, 12452}}, {0xFE,0x7F,0x00,0x0D,0x63,0x3A,0x49,0x1C,0x1B,0x13,0xFA,0x11,0xFF,0x84,0x17,0x01,0x5D,0x88,0x4E,0x63,0x32,0xF1,0x56,0x7A,0xC0,0x28,0xFD,0xA4,0x30,0x80,0x8A,0x10,0x10,0x60,0xE9,0x40,0x38,0x12,0x00,0x01}},
    {28, 7, 0x0D, 3, 228, {2924384, -316297, 8504324}, {{24874, 989833, 240671}, {22573, 996722, 230734}}, {{557940, -54475, 45359}}, {0x1C,0x70,0x00,0x0D,0x83,0x7D,0xB2,0xDC,0xB1,0xEC,0x09,0x88,0x03,0xA9,0x84,0x01,0x89,0x1A,0xCF,0x07,0xEB,0x40,0x37,0x88,0xD4,0xAC,0xFC,0x2F,0xB1,0x40,0x0B,0x16,0x20,0x57,0xF3,0x38,0x15,0x0E,0xE4,0x00}},
    {52, 7, 0x0D, 3, 237, {4442976, -903965, 8645144}, {{35216, 982970, 152671}, {35648, 983081, 136628}}, {{565293, -86292, 42525}}, {0x34,0x70,0x00,0x0D,0x83,0x2D,0x0F,0x8D,0xD3,0xC8,0x31,0xD4,0x07,0x41,0x26,0x02,0xBA,0xFF,0xCE,0x17,0x95,0xD0,0x02,0x8A,0xB0,0xBB,0xFA,0x1D,0xA6,0x00,0xD0,0x22,0x90,0x02,0xF0,0xD0,0x56,0x08,0xED,0x00}},
    {63, 7, 0x0D, 3, 237, {5158656, -1199673, 8697692}, {{25863, 994453, 115739}, {16821, 1005398, 116550}}, {{567924, -107430, 52419}}, {0x3F,0x70,0x00,0x0D,0x03,0xDC,0x3A,0x1D,0xC7,0xB6,0xB9,0x6E,0x09,0x1D,0x94,0x01,0x95,0x2C,0xCF,0x06,0x71,0x40,0xA7,0x8A,0x68,0x71,0xF9,0xC3,0xCC,0x40,0x6D,0x10,0x60,0x75,0xF5,0x18,0x1D,0x07,0xED,0x00}},
    {87, 7, 0x0D, 3, 237, {6842504, -1955933, 8808448}, {{42180, 983571, 57963}, {34984, 984977, 41565}}, {{613117, -156691, 61975}}, {0x57,0x70,0x00,0x0D,0x23,0xA2,0xA1,0x8D,0x9E,0x88,0x01,0xD0,0x0C,0x11,0x93,0x02,0x13,0x02,0xCF,0x9A,0x38,0xD0,0xAF,0x95,0xB4,0x6F,0xF6,0x17,0xF2,0x00,0x2A,0x22,0x10,0x79,0xF0,0x74,0x89,0x02,0xED,0x00}},
    {117, 7, 0x0D, 3, 246, {-7534856, -3092345, 8980696}, {{56174, 934820, -57068}, {42742, 940743, -71572}}, {{678851, -161730, 103659}}, {0x75,0x70,0x00,0x0D,0xE3,0x1B,0x34,0x1E,0x42,0x43,0xB1,0x11,0x12,0xB9,0x6D,0x03,0xA4,0x43,0x0E,0x45,0xC8,0x3F,0xBC,0xA5,0xF8,0x20,0xF6,0xEB,0x94,0x81,0xBD,0x29,0x70,0xAC,0xE5,0xB0,0xA1,0xFB,0xF6,0x00}},
    {141, 7, 0x0D, 3, 237, {-5347000, -4182281, 9200192}, {{75432, 928692, -181743}, {84225, 924914, -209620}}, {{700559, -174840, 127970}}, {0x8D,0x70,0x00,0x0D,0x23,0xA5,0xB9,0xDE,0xBB,0x00,0x81,0xC4,0x18,0xA1,0x9A,0x04,0xB4,0x2B,0x4E,0x84,0x4E,0xFF,0x08,0xAB,0x20,0x54,0xF5,0xE2,0xF3,0x41,0x40,0x52,0x20,0xCF,0xE1,0xB0,0x34,0xF3,0xED,0x00}},
    {171, 7, 0x0D, 3, 228, {-2485248, 2685339, 9469912}, {{60304, 946228, -245714}, {64958, 939491, -253434}}, {{706805, -191217, 153725}}, {0xAB,0x70,0x00,0x0D,0x03,0x50,0x68,0x6F,0xE6,0xA3,0xB0,0xFF,0x20,0x41,0xAE,0x03,0x34,0x70,0x8E,0x0B,0x10,0x5F,0x8F,0xAC,0x3C,0x54,0xF4,0x7D,0x58,0x82,0x6F,0x3F,0x30,0x5E,0xE5,0x18,0x88,0xF0,0xE4,0x00}},
    {195, 7, 0x0D, 3, 256, {2740033, 1353756, -30511}, {{148423, 881059, -430563}, {141634, 881746, -446208}}, {{618925, -183035, 114064}}, {0xC3,0x70,0x00,0x0D,0x07,0x3D,0xA7,0x70,0xA0,0x52,0xA2,0x11,0xFF,0x1F,0x0F,0x09,0xA3,0x71,0x4D,0x87,0x5B,0xDE,0x1A,0x97,0x14,0xD4,0xF4,0x90,0xBD,0x81,0x50,0x8A,0x20,0x45,0xD7,0x00,0xC4,0xE4,0x00,0x01}},
    {206, 7, 0x0D, 3, 256, {2594465, 1669924, -584295}, {{109972, 891943, -435292}, {103966, 889581, -431926}}, {{612770, -189840, 103318}}, {0xCE,0x70,0x00,0x0D,0x87,0x5A,0x9E,0x90,0xEC,0x65,0x32,0x2B,0xEE,0x53,0xB6,0x06,0x27,0x9C,0x0D,0xE9,0x56,0x2E,0x9A,0x95,0xC0,0x69,0xF4,0x96,0x93,0x81,0x87,0x65,0xD0,0x2E,0xD9,0x28,0xA3,0xE5,0x00,0x01}},
    {230, 7, 0x0D, 3, 246, {2356937, 2366584, -1804571}, {{152236, 873827, -475802}, {171889, 862159, -505706}}, {{623865, -169913, 73311}}, {0xE6,0x70,0x00,0x0D,0x27,0xDB,0x8F,0xE0,0x71,0x90,0xCA,0xED,0xC8,0xB3,0x4A,0x09,0x63,0x55,0x8D,0x59,0x2F,0x9E,0x4F,0x98,0x1C,0xA1,0xF5,0x5F,0x1E,0x41,0xDC,0xA7,0xF0,0x7C,0xD2,0x58,0x22,0xE1,0xF6,0x00}},
    {242, 8, 0x0D, 3, 224, {2322841, 2642228, -2324499}, {{179690, 853513, -559760}, {160995, 857106, -573696}}, {{528959, -160357, 35093}}, {0xF2,0x80,0x00,0x0D,0x67,0xC6,0x8D,0xD0,0x44,0xA1,0xDA,0x0F,0xB9,0xAB,0xF7,0x0A,0x09,0x06,0x0D,0x5C,0xDD,0xFD,0x23,0x81,0x6C,0x36,0xF6,0x15,0x89,0xC0,0x38,0x9D,0x20,0x41,0xD1,0x00,0xFC,0xDC,0xE0,0x00}},
    {266, 8, 0x0D, 3, 256, {2402825, 3147300, -3274823}, {{122400, 814891, -521888}, {138794, 787937, -512394}}, {{523011, -70649, 6844}}, {0x0A,0x81,0x00,0x0D,0x27,0xA8,0x92,0x90,0x18,0xC0,0x72,0x0F,0x9C,0x83,0x78,0x07,0x2B,0x6F,0x0C,0x58,0x02,0x3E,0xB0,0x7F,0x1C,0xB0,0xFB,0xBC,0x1A,0x80,0x8A,0x87,0x10,0x5E,0xC0,0xD8,0xB9,0xE0,0x00,0x01}},
    {290, 8, 0x0D, 3, 240, {2894865, 3770464, -4302283}, {{135428, 771560, -532619}, {131782, 770891, -566546}}, {{642190, -30818, -52162}}, {0x22,0x81,0x00,0x0D,0x47,0xB0,0xB0,0x80,0x21,0xE6,0x6A,0xB4,0x7C,0x13,0x44,0x08,0xE8,0xC5,0x4B,0xDD,0xF7,0xED,0xC8,0x9C,0x78,0x1E,0xFE,0x3E,0x34,0xBF,0xB1,0x80,0xB0,0x34,0xBC,0xB8,0x6B,0xDD,0xF0,0x00}},
    {314, 7, 0x0D, 3, 246, {3564417, -3942264, -5376691}, {{102622, 753897, -708605}, {96303, 750132, -732386}}, {{549175, -13311, -41690}}, {0x3A,0x71,0x00,0x0D,0x07,0x8E,0xD9,0x20,0x62,0x0F,0x9B,0xEA,0x5B,0x7B,0x43,0x06,0xE9,0x80,0xCB,0x00,0x4C,0x7D,0x13,0x86,0x04,0x30,0xFF,0x26,0x5D,0xFF,0x0B,0x5E,0x40,0x23,0xB7,0x78,0x4C,0xD3,0xF6,0x00}},
    {338, 7, 0x0D, 3, 237, {4047041, -3441872, -6142819}, {{86908, 688545, -800471}, {77512, 677502, -798850}}, {{422248, -6824, -23343}}, {0x52,0x71,0x00,0x0D,0x07,0x03,0xF7,0xC0,0xEC,0x2D,0x3B,0x89,0x44,0xF3,0x4D,0x05,0xA1,0x81,0x4A,0x4A,0xF2,0x8C,0x16,0x67,0x60,0x95,0xFF,0xD1,0xA4,0x3F,0xB2,0x4B,0xE0,0x67,0xA5,0xF8,0x3D,0xCF,0xED,0x00}},
    {349, 7, 0x0D, 3, 246, {4215049, -3247884, -6431775}, {{79226, 639841, -781997}, {85169, 620071, -774768}}, {{415582, -10657, -15265}}, {0x5D,0x71,0x00,0x0D,0x27,0x44,0x01,0xD1,0xC3,0x39,0xC3,0xB7,0x3B,0xEB,0xD5,0x04,0x61,0xC3,0xC9,0x54,0x04,0xED,0x75,0x65,0x7C,0x59,0xFF,0x5F,0xC4,0x7F,0x2C,0x53,0x70,0x62,0x97,0x40,0xB6,0xD0,0xF6,0x00}},
    {361, 8, 0x0D, 3, 232, {4368849, -3046932, -6723215}, {{73889, 602863, -741898}, {86126, 581386, -750250}}, {{458813, -6776, -2623}}, {0x69,0x81,0x00,0x0D,0x47,0xA7,0x0A,0xB1,0x07,0x46,0xE3,0xD2,0x32,0x87,0x82,0x04,0xEF,0x32,0x89,0x7D,0x2B,0xDD,0x03,0x70,0x20,0x96,0xFF,0xC1,0xF5,0xBF,0x1B,0x54,0xA0,0xF0,0x8D,0x58,0x35,0xD2,0xE8,0x00}},
    {373, 7, 0x0D, 3, 237, {4540505, -2791264, -7082627}, {{65749, 578769, -766728}, {70251, 562392, -776036}}, {{494192, 4516, 14513}}, {0x75,0x71,0x00,0x0D,0x67,0x21,0x15,0x81,0xA2,0x55,0xFB,0xDA,0x27,0x57,0x03,0x04,0xD1,0xD4,0x08,0x3E,0x13,0x0D,0xA7,0x78,0x90,0x46,0x00,0xB1,0x38,0xC0,0x9A,0x44,0x80,0x4D,0x89,0x70,0xA2,0xD0,0xED,0x00}},
    {385, 8, 0x0D, 3, 256, {4663969, -2564144, -7390923}, {{65257, 536906, -789427}, {45057, 539679, -780997}}, {{525057, 1209, 33435}}, {0x81,0x81,0x00,0x0D,0x87,0xAA,0x1C,0x41,0x7F,0x63,0x6B,0x72,0x1E,0xA7,0xFB,0x03,0x4A,0x31,0x48,0x13,0xFD,0x1C,0x30,0x80,0xE4,0x12,0x00,0x9B,0x82,0x40,0x00,0x2C,0xF0,0xC1,0x83,0xEC,0x54,0xD0,0x00,0x01}},
    {409, 8, 0x0D, 3, 224, {4828009, -2017412, -8101971}, {{43919, 493450, -853219}, {62922, 475587, -879920}}, {{535156, -18047, 79924}}, {0x99,0x81,0x00,0x0D,0xA7,0xAD,0x26,0xF1,0xDD,0x84,0x5B,0xBF,0x08,0x3F,0xAE,0x02,0x8A,0x87,0x47,0xC7,0xBE,0x4C,0xA7,0x82,0x04,0xE6,0xFE,0x34,0x38,0x81,0x72,0x3D,0x30,0x1C,0x74,0x40,0x4B,0xCA,0xE0,0x00}},
    {433, 8, 0x0D, 3, 248, {4806865, -1508840, -8697843}, {{77142, 514218, -950414}, {111646, 511317, -966626}}, {{426274, 8686, 101656}}, {0xB1,0x81,0x00,0x0D,0x47,0x63,0x25,0x61,0xE8,0xA3,0x1B,0x90,0xF6,0x5A,0xB5,0x04,0xAA,0xD8,0x87,0xDC,0x5F,0x2C,0x12,0x68,0xB8,0x87,0x00,0x18,0x8D,0x81,0x07,0x6D,0x50,0xD5,0x7C,0x78,0x00,0xC5,0xF8,0x00}},
    {457, 7, 0x0D, 3, 228, {4792489, -1138228, -9145679}, {{189607, 390926, -1037681}, {166959, 383416, -1031456}}, {{266666, -36577, 26526}}, {0xC9,0x71,0x00,0x0D,0xA7,0x82,0x24,0x31,0x87,0xBA,0x63,0xE5,0xE8,0x9E,0x92,0x0B,0x0E,0xF7,0xC5,0xA3,0x0A,0xAC,0x1A,0x41,0x7C,0xC4,0xFD,0x9E,0x67,0xC0,0x0B,0xA3,0x80,0x9B,0x5D,0x80,0x0B,0xC1,0xE4,0x00}},
    {481, 7, 0x0D, 3, 210, {4830073, -914616, -9520643}, {{99459, 323869, -915716}, {93673, 321137, -891305}}, {{360598, -24475, 39492}}, {0xE1,0x71,0x00,0x0D,0xE7,0xCD,0x26,0x21,0x2D,0xC8,0xFB,0x73,0xDD,0x0E,0x12,0x06,0x1D,0xF1,0x04,0xBF,0x81,0x6C,0x09,0x58,0x94,0x81,0xFE,0x44,0x9A,0x40,0x7A,0x5B,0x10,0x67,0x4E,0x5C,0x99,0xC9,0xD2,0x00}},
    {492, 7, 0x0D, 3, 210, {4873329, -746548, -9743023}, {{95438, 305956, -861587}, {100952, 299862, -858263}}, {{458121, 3402, 47065}}, {0xEC,0x71,0x00,0x0D,0xC7,0x71,0x29,0x31,0x6F,0xD2,0xA3,0xAA,0xD6,0x3A,0xD3,0x05,0x24,0xAB,0x44,0x9B,0xB6,0x9C,0xD8,0x6F,0x28,0x35,0x00,0xD9,0xB7,0x00,0x96,0x62,0x60,0x35,0x49,0xA4,0x9D,0xCB,0xD2,0x00}},
    {504, 8, 0x0D, 3, 256, {4939297, -535860, -9998115}, {{120018, 288975, -882176}, {123748, 296928, -899031}}, {{489377, 6449, 45838}}, {0xF8,0x81,0x00,0x0D,0x87,0x78,0x2D,0x31,0x4B,0xDF,0xBB,0xE1,0xCE,0x4A,0x53,0x07,0xCF,0x68,0x04,0x80,0xA2,0x1C,0x7A,0x77,0xC4,0x64,0x00,0x0E,0xB3,0x00,0xD9,0x78,0x00,0x7E,0x48,0xA4,0x20,0xC9,0x00,0x01}},
    {516, 7, 0x0D, 3, 246, {5031689, -285924, -10306911}, {{126928, 289336, -915658}, {131089, 274374, -918873}}, {{482679, 5878, 29853}}, {0x04,0x72,0x00,0x0D,0x27,0x1C,0x33,0x71,0x8C,0xEE,0x43,0x75,0xC5,0x42,0xBF,0x07,0x38,0x6A,0x84,0xCD,0x81,0x7C,0xD7,0x75,0xD8,0x5B,0x00,0x9D,0x74,0x40,0x04,0x80,0x60,0xFC,0x42,0x9C,0xEA,0xC7,0xF6,0x00}},
    {528, 8, 0x0D, 3, 240, {5144617, -79500, -10562107}, {{137127, 255588, -928286}, {134401, 250662, -934905}}, {{476658, 25331, 5498}}, {0x10,0x82,0x00,0x0D,0xA7,0x00,0x3A,0xD1,0x25,0xFB,0x8B,0xAB,0xBD,0x9E,0x5E,0x08,0x64,0xE6,0x83,0x78,0x75,0x2C,0x5F,0x74,0xCC,0x8B,0x01,0x7A,0x15,0x40,0x40,0x83,0x60,0x32,0x3D,0x1C,0xF0,0xC6,0xF0,0x00}},
    {552, 8, 0x0D, 3, 248, {5488449, 363380, -11101506}, {{102391, 217087, -927217}, {100754, 206481, -926096}}, {{482471, 17641, -12401}}, {0x28,0x82,0x00,0x0D,0x07,0xFD,0x4E,0xD1,0x2D,0x16,0x7C,0x35,0xAD,0xDE,0x3F,0x06,0xFF,0x4F,0xC3,0x83,0x76,0x7C,0xCA,0x75,0xA4,0x13,0x01,0x8F,0xCF,0xBF,0x64,0x62,0x10,0x69,0x32,0xC0,0x79,0xC7,0xF8,0x00}},
    {576, 8, 0x0D, 3, 224, {5837809, 790344, -11645522}, {{96972, 144812, -940544}, {100685, 128189, -942719}}, {{478766, 15909, -4914}}, {0x40,0x82,0x00,0x0D,0xC7,0x4F,0x64,0x21,0x3D,0x30,0x5C,0x9B,0x9C,0x32,0xEB,0x05,0xAC,0x35,0x02,0x80,0x69,0xEC,0xE2,0x74,0x94,0xF8,0x00,0xCE,0xEC,0x7F,0x53,0x62,0xD0,0x4B,0x1F,0x04,0x76,0xC6,0xE0,0x00}},
    {3948, 8, 0x0D, 3, 448, {2690723, 1142102, -9106650}, {{207667, -92211, 1087613}, {214897, -98179, 1086711}}, {{63074, -324627, 974557}}, {0x6C,0x8F,0x00,0x0D,0x8F,0x3A,0xA4,0x58,0xB5,0x45,0x4C,0x16,0xEA,0xCE,0xAC,0x0C,0xCD,0x97,0x7E,0x1F,0x26,0x24,0x66,0x0F,0xB4,0x2F,0xEC,0xDD,0xDE,0x4E,0xDC,0xD1,0xD0,0x07,0xE8,0xDF,0x53,0x42,0xC0,0x01}},
    {3972, 7, 0x0D, 3, 448, {853931, 1985754, -9082566}, {{235907, -133197, 1084756}, {241939, -136864, 1077679}}, {{174068, -302705, 976382}}, {0x84,0x7F,0x00,0x0D,0xAF,0x1E,0x34,0x68,0x33,0x79,0x74,0xD2,0xEA,0x0E,0x66,0x0E,0xB3,0xF7,0x3D,0x55,0x23,0x44,0x7F,0x2A,0x3C,0x86,0xED,0xFE,0xE5,0xCE,0x44,0xEC,0x00,0x96,0xDE,0xBF,0xC6,0x41,0xC0,0x01}},
    {3983, 7, 0x0D, 3, 448, {31643, 2348034, -9038326}, {{254812, -125576, 1064215}, {262108, -113263, 1063280}}, {{162735, -273652, 953186}}, {0x8F,0x7F,0x00,0x0D,0x6F,0xEE,0x01,0x08,0x50,0x8F,0x14,0x2C,0xEC,0x72,0x8D,0x0F,0x78,0x15,0xFE,0x45,0x0F,0xF4,0xBA,0x27,0x30,0x4C,0xEF,0x62,0x8B,0x0E,0xF7,0xFF,0x10,0x59,0xE4,0xC3,0xE5,0x40,0xC0,0x01}},
    {3996, 7, 0x0D, 3, 448, {-915885, 2746561, -9004262}, {{279291, -76182, 1058761}, {286214, -68827, 1060821}}, {{108234, -223181, 889167}}, {0x9C,0x7F,0x00,0x0D,0x4F,0x19,0xC8,0x07,0xA3,0xA7,0x34,0x36,0xED,0xEE,0x0B,0x11,0x6A,0xD6,0x7E,0xF2,0x09,0xA4,0x6C,0x1A,0xCC,0x60,0xF2,0x4F,0x91,0x8D,0x81,0x17,0x51,0x32,0xEF,0x57,0xBF,0x40,0xC0,0x01}},
    {4007, 7, 0x0D, 3, 448, {-1675517, 3044945, -9007322}, {{295273, -70739, 1065619}, {298390, -79665, 1062655}}, {{36805, -173150, 828626}}, {0xA7,0x7F,0x00,0x0D,0x0F,0xBC,0x99,0x47,0xD9,0xB9,0x4C,0x1E,0xED,0xA6,0x05,0x12,0xAD,0xEB,0xFE,0xA4,0x10,0x54,0xFC,0x08,0x88,0x6E,0xF5,0xD2,0xA4,0x8C,0x65,0x23,0xF1,0x8C,0xEC,0xFF,0xDB,0x40,0xC0,0x01}},
    {4019, 8, 0x0D, 3, 448, {-2382693, 3307077, -9057834}, {{306659, -106971, 1050172}, {313200, -123207, 1052050}}, {{-64585, -138890, 759000}}, {0xB3,0x8F,0x00,0x0D,0x6F,0x92,0x6E,0x17,0xD9,0xC9,0xAC,0x93,0xEB,0x8E,0xB7,0x12,0x25,0x5E,0x3E,0x8F,0x01,0x74,0x3B,0xF0,0xDB,0x85,0xF7,0xD8,0x94,0x0B,0xDC,0x31,0x91,0xEB,0xE1,0x4B,0x36,0x40,0xC0,0x01}},
    {4043, 8, 0x0D, 3, 448, {-3713661, 3773685, -9235494}, {{294903, -162249, 1101525}, {282705, -166204, 1112139}}, {{10869, -65822, 604923}}, {0xCB,0x8F,0x00,0x0D,0x0F,0x56,0x1D,0xD7,0x53,0xE6,0xB4,0x27,0xE6,0xDE,0xFF,0x11,0x37,0x86,0x7D,0xB5,0x33,0x54,0xA7,0x02,0x88,0xFB,0xFB,0xFB,0x3A,0x49,0x14,0x14,0x41,0x6C,0xD7,0x2F,0xE1,0x43,0xC0,0x01}},
    {4067, 8, 0x0D, 3, 448, {-4878269, 4157565, -9236718}, {{202395, -143887, 1124001}, {177982, -142802, 1134062}}, {{107054, -175953, 547375}}, {0xE3,0x8F,0x00,0x0D,0x0F,0x41,0xD6,0xF6,0xC1,0xFD,0x24,0x1E,0xE6,0x6E,0x5A,0x0C,0xF1,0xCD,0x7D,0xA8,0x49,0xE4,0x22,0x1A,0xBC,0x42,0xF5,0x2F,0x5A,0x88,0xCF,0xAD,0xE0,0x22,0xDD,0xBB,0x37,0x45,0xC0,0x01}},
    {4091, 8, 0x0D, 3, 448, {-6024029, -3643315, -9159874}, {{105744, -141914, 1124334}, {116135, -152579, 1114159}}, {{64383, -348152, 694546}}, {0xFB,0x8F,0x00,0x0D,0x8F,0x52,0x90,0x36,0xA1,0x21,0x7D,0x76,0xE8,0x42,0x74,0x06,0xA6,0xD5,0xBD,0xFB,0x49,0xF4,0xB7,0x0F,0x20,0xC0,0xEA,0x12,0x99,0xCA,0x69,0x71,0xD0,0xBF,0xDA,0xBF,0x00,0x44,0xC0,0x01}},
    {19, 7, 0x0D, 3, 448, {-7424189, -2739067, -9129630}, {{267071, -211518, 1048239}, {298334, -211587, 1032928}}, {{59924, -453345, 814668}}, {0x13,0x70,0x00,0x0D,0x0F,0xDD,0x3A,0x16,0xD2,0x58,0xC5,0x62,0xE9,0xFE,0x4C,0x10,0xC2,0xC5,0xFC,0xAB,0xFF,0x43,0xA1,0x0E,0x7C,0x54,0xE4,0x4C,0x6E,0x8C,0x57,0x23,0xD1,0x57,0xCC,0x83,0x0B,0x3F,0xC0,0x01}},
    {30, 7, 0x0D, 3, 448, {-8124013, -2282171, -9096950}, {{346221, -206836, 1000743}, {363047, -201567, 984164}}, {{96937, -463911, 834433}}, {0x1E,0x70,0x00,0x0D,0x4F,0x26,0x10,0x16,0xB5,0x74,0x15,0x62,0xEA,0xB6,0x21,0x15,0x0C,0xD8,0xFC,0x49,0xD1,0x93,0xAA,0x17,0x64,0xAF,0xE3,0x81,0xBB,0xCC,0x89,0x62,0x11,0xCA,0xCE,0x93,0x11,0x3C,0xC0,0x01}},
    {43, 7, 0x0D, 3, 448, {7765859, -1718119, -9038242}, {{411121, -198418, 952898}, {427963, -204511, 941297}}, {{109108, -464099, 862995}}, {0x2B,0x70,0x00,0x0D,0x8F,0xFD,0xD9,0x65,0x22,0x97,0xBD,0x2C,0xEC,0xC6,0x17,0x19,0xEE,0xF8,0xBC,0x90,0xA2,0x43,0xA3,0x1A,0x74,0xAC,0xE3,0x13,0x2B,0xCD,0xEE,0xA1,0x11,0x12,0xCE,0xC7,0x73,0x39,0xC0,0x01}},
    {54, 7, 0x0D, 3, 448, {6952403, -1221923, -8987754}, {{444687, -197223, 921024}, {450337, -188295, 912046}}, {{114914, -447387, 905005}}, {0x36,0x70,0x00,0x0D,0x4F,0x57,0xA8,0x75,0x6B,0xB5,0x2D,0xB7,0xED,0x3E,0x24,0x1B,0x99,0xFD,0x3C,0x70,0x83,0x23,0x0E,0x1C,0x94,0xB1,0xE4,0x2D,0xCF,0x4D,0xC8,0xB7,0x91,0x07,0xD2,0xBB,0xAA,0x37,0xC0,0x01}},
    {66, 8, 0x0D, 3, 448, {6057123, -707047, -8948358}, {{468490, -183859, 904103}, {476538, -187874, 907486}}, {{107890, -426196, 973639}}, {0x42,0x80,0x00,0x0D,0x8F,0xB2,0x71,0x65,0xD8,0xD4,0xF5,0xEA,0xEE,0x2A,0x98,0x1C,0xCD,0x31,0xFD,0xE9,0x72,0x23,0x57,0x1A,0xB0,0xFC,0xE5,0x47,0xDB,0x8E,0x5E,0xD1,0xE1,0x21,0xD2,0x7B,0x63,0x37,0xC0,0x01}},
    {90, 8, 0x0D, 3, 448, {3651059, 481353, -8966837}, {{460720, -184736, 818531}, {463290, -194831, 824143}}, {{71830, -256262, 1192316}}, {0x5A,0x80,0x00,0x0D,0xCF,0xD7,0xDE,0x24,0x61,0x1D,0x96,0x5A,0xEE,0xC2,0x1E,0x1C,0x60,0x2E,0xFD,0x58,0x1F,0x63,0x89,0x11,0xE8,0x5B,0xF0,0x7C,0x31,0x92,0x6E,0xC4,0x11,0x6F,0xD0,0x3F,0x4D,0x32,0xC0,0x01}},
    {114, 8, 0x0D, 3, 448, {471955, 1695725, -9265181}, {{388986, -194541, 856083}, {372781, -206105, 870382}}, {{-28701, -180521, 1399337}}, {0x72,0x80,0x00,0x0D,0x4F,0xCE,0x1C,0xB4,0x7F,0x67,0xC6,0x3F,0xE5,0xEA,0xBD,0x17,0x13,0x08,0xFD,0x04,0x44,0x33,0xFE,0xF8,0x5F,0xFB,0xF4,0x29,0x5A,0x55,0x0B,0x6C,0x71,0xAE,0xCD,0xBB,0x1F,0x35,0xC0,0x01}},
    {138, 7, 0x0D, 3, 448, {-3427565, 3243788, -9769917}, {{319473, -276073, 968991}, {314224, -286160, 983753}}, {{-45152, -242365, 1408848}}, {0x8A,0x70,0x00,0x0D,0x4F,0xCC,0x2E,0x33,0xFC,0xC5,0x86,0xD8,0xD5,0xC6,0x7F,0x13,0x97,0xC9,0xFB,0x47,0xB2,0x03,0xFA,0xF4,0x0F,0x35,0xF1,0x50,0x7F,0x15,0xDC,0x32,0x01,0x23,0xBA,0x27,0x0B,0x3C,0xC0,0x01}},
    {162, 7, 0x0D, 3, 448, {-7500709, -3396960, -10277221}, {{254577, -362599, 1007269}, {247648, -385960, 999219}}, {{-113579, -263272, 1353598}}, {0xA2,0x70,0x00,0x0D,0x6F,0x31,0x36,0x82,0xAA,0x30,0x37,0x5D,0xC6,0xC6,0x89,0x0F,0x99,0x77,0x7A,0xA9,0xD7,0x53,0x45,0xE4,0x63,0xEE,0xEF,0x7E,0xA7,0x14,0xD8,0xF1,0x80,0xC5,0xA1,0xCF,0xFC,0x3C,0xC0,0x01}},
    {173, 7, 0x0D, 3, 448, {7325235, -2525960, -10570181}, {{230698, -439522, 981680}, {227522, -472336, 957782}}, {{-143244, -203065, 1342757}}, {0xAD,0x70,0x00,0x0D,0xCF,0x18,0xBF,0xE1,0xD3,0x65,0x77,0x6C,0xBD,0xAA,0x14,0x0E,0x1E,0x4B,0x39,0xAC,0xBE,0x43,0x07,0xDD,0x1F,0x9B,0xF3,0x25,0x7D,0x94,0x30,0xDE,0x00,0xAF,0x8C,0x5B,0x75,0x3A,0xC0,0x01}},
    {197, 7, 0x0D, 3, 448, {2788755, -653212, -11452017}, {{236346, -689882, 870300}, {232598, -708613, 856549}}, {{-123296, -16021, 1307660}}, {0xC5,0x70,0x00,0x0D,0x4F,0x36,0xAA,0x90,0x21,0xD8,0x1F,0x83,0xA2,0xEA,0x6C,0x0E,0x26,0x79,0x35,0xE7,0x51,0x03,0xE6,0xE1,0xAF,0x05,0xFF,0x0C,0xF4,0x93,0x25,0xE3,0xB0,0xFF,0x52,0x97,0x47,0x34,0xC0,0x01}},
    {209, 8, 0x0D, 3, 448, {-7195631, -137214, 422251}, {{214901, -729502, 876820}, {198733, -742978, 910511}}, {{-69741, 51134, 1246210}}, {0xD1,0x80,0x00,0x0D,0x47,0xD0,0x48,0x0A,0xA0,0xF7,0xD7,0xE2,0x0C,0xD4,0x1D,0x0D,0x62,0xDE,0x34,0x45,0x58,0x33,0xF9,0xEE,0xFB,0x1E,0x03,0x02,0x04,0x53,0x13,0xC2,0xE0,0x9B,0x4A,0xBF,0x92,0x37,0xC0,0x01}},
    {233, 8, 0x0D, 3, 448, {751224, -3279384, 1841441}, {{13940, -726046, 967217}, {-13226, -731475, 996783}}, {{-106771, 103769, 989302}}, {0xE9,0x80,0x00,0x0D,0xE3,0xD9,0x2D,0xA0,0xD7,0x37,0x43,0x32,0x38,0xD0,0xD9,0x00,0xE2,0xEB,0x74,0x8C,0xB0,0xD3,0xEE,0xE5,0x67,0x55,0x06,0x76,0x18,0x8F,0x15,0xF3,0xDF,0x6A,0x4D,0xBF,0xD6,0x3C,0xC0,0x01}},
    {257, 8, 0x0D, 3, 448, {1615184, -2147924, 3178681}, {{-75711, -849041, 928254}, {-92167, -866467, 921003}}, {{-115586, 26141, 637523}}, {0x01,0x81,0x00,0x0D,0x43,0x95,0x62,0xB0,0xE6,0x7C,0x73,0x01,0x61,0x04,0x61,0xFB,0x6F,0x0B,0xB3,0x7F,0x8A,0xE3,0xC7,0xE3,0x77,0x98,0x01,0x53,0xBA,0x49,0xFE,0xA5,0xDF,0x75,0x2C,0xAF,0x36,0x38,0xC0,0x01}},
    {281, 7, 0x0D, 3, 448, {1893144, -1471076, 4017081}, {{-162897, -767449, 941999}, {-171575, -730547, 935056}}, {{-116019, -44672, 449430}}, {0x19,0x71,0x00,0x0D,0x63,0x8C,0x73,0x70,0x36,0xA6,0x73,0x97,0x7A,0xBC,0x0E,0xF6,0x27,0x4A,0xF4,0xEB,0x97,0xD3,0xAC,0xE3,0x03,0x46,0xFD,0x96,0xDB,0x46,0x72,0x58,0xDF,0xA4,0x4D,0x43,0x12,0x39,0xC0,0x01}},
    {305, 7, 0x0D, 3, 448, {2287360, -985864, 4745045}, {{-220803, -690895, 849023}, {-217126, -699045, 828580}}, {{40911, 43493, 458135}}, {0x31,0x71,0x00,0x0D,0x03,0x9C,0x8B,0xE0,0xD3,0xC3,0xAB,0xCE,0x90,0xF4,0x85,0xF2,0x31,0x75,0xF5,0x1F,0x3D,0xF3,0xFC,0x09,0x94,0xA7,0x02,0x97,0xFD,0x86,0xF6,0x2B,0xBF,0x55,0x55,0x93,0x92,0x32,0xC0,0x01}},
    {316, 7, 0x0D, 3, 448, {2688784, -758012, 5058905}, {{-202504, -682840, 798830}, {-203019, -662851, 808846}}, {{40139, 116446, 457704}}, {0x3C,0x71,0x00,0x0D,0x43,0x1C,0xA4,0x10,0xBC,0xD1,0xB3,0x62,0x9A,0xE0,0xA3,0xF3,0xA8,0x94,0xB5,0x1B,0x0C,0xB3,0xCC,0x09,0x78,0x1B,0x07,0xE8,0xFB,0x46,0xBD,0x39,0xDF,0x2B,0x5E,0x3B,0x5E,0x31,0xC0,0x01}},
    {340, 7, 0x0D, 3, 448, {3383360, -143628, 5629829}, {{-154207, -568916, 951692}, {-153660, -541603, 991038}}, {{-84720, 93265, 437938}}, {0x54,0x71,0x00,0x0D,0x03,0x81,0xCE,0xD0,0x3B,0xF7,0x0B,0xCF,0xAB,0x84,0x96,0xF6,0xAC,0x51,0x37,0x63,0xA1,0x03,0x51,0xEB,0x47,0xB1,0x05,0xB2,0xAE,0x06,0xF1,0x69,0xDF,0xC5,0x7B,0xFB,0x7C,0x3C,0xC0,0x01}},
    {352, 8, 0x0D, 3, 448, {3539744, 92700, 5867442}, {{-159371, -514277, 974205}, {-161995, -533031, 914704}}, {{-53056, 35861, 368409}}, {0x60,0x81,0x00,0x0D,0x83,0x0C,0xD8,0x70,0xA8,0x05,0x64,0x0F,0xB3,0xD4,0x45,0xF6,0x1B,0x27,0x78,0x5F,0xB7,0x03,0x0C,0xF3,0x57,0x30,0x02,0x19,0x9F,0x45,0xCD,0x61,0x9F,0xDD,0x7D,0x43,0xD4,0x37,0xC0,0x01}},
    {376, 8, 0x0D, 3, 448, {3733856, 430404, 6232806}, {{-204814, -670327, 832264}, {-175208, -676903, 868294}}, {{-81138, 24342, 193860}}, {0x78,0x81,0x00,0x0D,0x83,0xE5,0xE3,0x10,0x45,0x1A,0xCC,0x35,0xBE,0xC8,0x7F,0xF3,0x89,0xC5,0x35,0xC2,0x2C,0xE3,0x30,0xEC,0x5B,0x7C,0x01,0x44,0xF5,0x02,0xE6,0x54,0x9F,0xBD,0x5A,0x1B,0xFF,0x34,0xC0,0x01}},
    {400, 8, 0x0D, 3, 448, {3502352, 571068, 6357854}, {{-83531, -626419, 846947}, {-113670, -606184, 832753}}, {{-86307, -43732, 35023}}, {0x90,0x81,0x00,0x0D,0x43,0xC4,0xD5,0xF0,0xDA,0x22,0xBC,0x06,0xC2,0xD4,0xE6,0xFA,0x0D,0x71,0xF6,0x18,0x3B,0xD3,0xED,0xEA,0xB3,0x54,0xFD,0xCF,0x88,0x80,0xFE,0x90,0x8F,0x01,0x6C,0xC7,0xD3,0x32,0xC0,0x01}},
    {424, 7, 0x0D, 3, 448, {3206736, 675624, 6400010}, {{-254828, -566350, 807092}, {-266111, -584129, 812303}}, {{-102552, 31294, 85661}}, {0xA8,0x71,0x00,0x0D,0x43,0xB9,0xC3,0xA0,0x3C,0x29,0x14,0x50,0xC3,0x50,0x72,0xF0,0xB2,0x5B,0x37,0x2D,0x14,0x83,0xF6,0xE6,0xFB,0xE8,0x01,0x9D,0x4E,0x41,0x20,0xFC,0xFE,0x63,0x71,0x3F,0x94,0x31,0xC0,0x01}},
    {448, 7, 0x0D, 3, 448, {3010112, 860504, 6467102}, {{-327047, -674479, 875964}, {-305856, -698385, 826278}}, {{-86086, -29073, 115186}}, {0xC0,0x71,0x00,0x0D,0x03,0xB9,0xB7,0x60,0x85,0x34,0x3C,0x5C,0xC5,0xE4,0x09,0xEC,0x51,0xB5,0x35,0x6F,0x57,0xA3,0xFB,0xEA,0xBF,0x39,0xFE,0xF2,0xC1,0x01,0x50,0xD5,0xFE,0x7E,0x55,0x9B,0x6E,0x32,0xC0,0x01}},
    {459, 7, 0x0D, 3, 448, {2871544, 917244, 6531242}, {{-301690, -675237, 829122}, {-302683, -645735, 855416}}, {{-87279, -59926, 102457}}, {0xCB,0x71,0x00,0x0D,0xE3,0x43,0xAF,0xF0,0xFB,0x37,0x54,0x51,0xC7,0x18,0x96,0xED,0x5B,0xB2,0xB5,0xB0,0x29,0x13,0xB1,0xEA,0xAB,0x57,0xFC,0x39,0x90,0x41,0x69,0xD8,0x9E,0x59,0x62,0xE3,0x35,0x34,0xC0,0x01}},
    {471, 8, 0x0D, 3, 448, {2741344, 951440, 6597590}, {{-280896, -574285, 841958}, {-282845, -552681, 835263}}, {{-94034, -63233, 56321}}, {0xD7,0x81,0x00,0x0D,0x83,0x51,0xA7,0x40,0x12,0x3A,0xAC,0x57,0xC9,0x00,0xDB,0xEE,0xB3,0x3C,0xB7,0x39,0x36,0xE3,0x0A,0xE9,0xFF,0x23,0xFC,0x01,0xDC,0xC0,0xC8,0xEB,0x7E,0x11,0x79,0xFF,0xFA,0x32,0xC0,0x01}},
    {483, 7, 0x0D, 3, 448, {2527376, 973744, 6631086}, {{-302145, -539431, 846752}, {-313188, -534871, 845597}}, {{-98796, -44938, 2809}}, {0xE3,0x71,0x00,0x0D,0x43,0x42,0x9A,0xC0,0x6E,0x3B,0x5C,0x5D,0xCA,0xFC,0x8E,0xED,0xD9,0xC4,0x37,0xE8,0x3A,0x43,0xE1,0xE7,0xDB,0x41,0xFD,0xF9,0x0A,0x00,0x27,0xCE,0x9E,0x6A,0x7D,0x77,0x9C,0x33,0xC0,0x01}},
    {495, 8, 0x0D, 3, 448, {2322432, 976684, 6618810}, {{-364629, -529783, 853257}, {-401252, -534495, 862917}}, {{-88995, -59914, -43281}}, {0xEF,0x81,0x00,0x0D,0x03,0xC0,0x8D,0xB0,0x9C,0x3B,0x74,0xFD,0xC9,0xAC,0xBE,0xE9,0x89,0xEA,0x77,0x42,0x41,0xD3,0x45,0xEA,0xDB,0x57,0xFC,0xEF,0x56,0x3F,0x27,0x78,0x1E,0x82,0x7D,0x17,0xAB,0x34,0xC0,0x01}},
    {513, 7, 0x0D, 3, 448, {1916072, 892836, 6610046}, {{-422888, -555365, 862539}, {-404881, -557094, 854267}}, {{-65203, -179704, -44333}}, {0x01,0x72,0x00,0x0D,0xA3,0xF2,0x74,0x90,0x7E,0x36,0xFC,0xB8,0xC9,0x60,0x30,0xE6,0x9B,0x86,0xF7,0x52,0x4A,0xD3,0x14,0xF0,0x23,0x08,0xF5,0xD3,0x52,0xFF,0x9B,0x74,0xAE,0xFD,0x77,0xEF,0x23,0x34,0xC0,0x01}},
    {537, 7, 0x0D, 3, 448, {1349552, 720424, 6761078}, {{-336152, -545826, 804554}, {-320271, -560241, 803928}}, {{-113894, -195552, 45942}}, {0x19,0x72,0x00,0x0D,0xC3,0x5E,0x52,0xA0,0xF8,0x2B,0xEC,0x54,0xCE,0xA0,0x7B,0xEB,0xDE,0xAB,0xB7,0xB2,0x11,0xA3,0x31,0xE4,0x83,0x10,0xF4,0x76,0xB3,0x40,0x3C,0xC7,0xFE,0x38,0x77,0x63,0x11,0x31,0xC0,0x01}},
    {567, 7, 0x0D, 3, 448, {672176, 704396, 7023618}, {{-174536, -631814, 797272}, {-161560, -636081, 795297}}, {{-98380, -95675, 89512}}, {0x37,0x72,0x00,0x0D,0xC3,0x06,0x29,0x30,0xFE,0x2A,0x04,0x58,0xD6,0xE0,0x58,0xF5,0xFA,0x5B,0x36,0x96,0x0A,0x43,0xFB,0xE7,0x17,0x29,0xFA,0xA8,0x5D,0x01,0x3A,0x62,0xFF,0xB4,0x64,0x87,0x8A,0x30,0xC0,0x01}},
    {578, 7, 0x0D, 3, 448, {508808, 734780, 7092250}, {{-132268, -647782, 808827}, {-127053, -684177, 803333}}, {{-78334, -44226, 79271}}, {0x42,0x72,0x00,0x0D,0x23,0x0E,0x1F,0xF0,0xD8,0x2C,0x34,0x70,0xD8,0x50,0xED,0xF7,0x9A,0x1D,0xF6,0xDE,0x15,0x23,0xE0,0xEC,0xFB,0x4C,0xFD,0xA7,0x35,0xC1,0xEC,0x83,0xFF,0xF6,0x58,0x17,0x08,0x31,0xC0,0x01}},
    {591, 7, 0x0D, 3, 448, {384352, 785840, 7143682}, {{-158686, -664237, 791198}, {-175313, -694139, 783091}}, {{-69466, -13039, 75103}}, {0x4F,0x72,0x00,0x0D,0x83,0x75,0x17,0xC0,0xF6,0x2F,0x04,0x02,0xDA,0x88,0x50,0xF6,0x53,0xDD,0xB5,0xA7,0x04,0x63,0x0A,0xEF,0x47,0x34,0xFF,0x5F,0x25,0xC1,0xCB,0x54,0x5F,0x88,0x56,0xCF,0xCB,0x2F,0xC0,0x01}},
    {127, 0, 0x00, 0, 65040, {0, 0, 0}, {{0, 3143, 0}, {4123, -1047280, -1753266}}, {{0, 16384, 1722852}}, {0x7F,0x00,0x00,0x00,0x00,0x00,0x00,0x00,0x00,0x00,0x00,0x00,0x00,0x00,0x00,0x00,0x47,0x0C,0x00,0x00,0x00,0x00,0x00,0x00,0x00,0x00,0x01,0xE4,0x49,0xDA,0x06,0x04,0x00,0x51,0x00,0x3B,0xFD,0x94,0x10,0xFE}},
    {2512, 7, 0x0D, 3, 256, {-1093712, -999359, -15886715}, {{19963, -181632, 1087680}, {19799, -181587, 1087402}}, {{-249, -84, 594}}, {0xD0,0x79,0x00,0x0D,0xC3,0x3E,0xBD,0x07,0x01,0xC3,0x0B,0x2D,0x1B,0xEE,0x37,0x01,0x80,0x3A,0x3D,0x30,0x26,0x74,0xF0,0xFF,0xB3,0xFE,0xFF,0x52,0x02,0xC0,0x55,0x13,0xD0,0xAA,0xD3,0xAB,0x5E,0x42,0x00,0x01}},
    {2536, 7, 0x0D, 3, 256, {-1094136, -999719, -15886399}, {{20027, -181375, 1088320}, {20307, -181588, 1088000}}, {{-262, -510, 493}}, {0xE8,0x79,0x00,0x0D,0x23,0x38,0xBD,0x67,0xFB,0xC2,0x83,0x2F,0x1B,0xEE,0x38,0x01,0x81,0x3B,0x3D,0xD0,0x26,0xA4,0xEF,0xFF,0x0B,0xF8,0xFF,0xED,0x01,0xC0,0xD4,0x13,0xC0,0xAA,0xD3,0x03,0x68,0x42,0x00,0x01}},
    {2547, 7, 0x0D, 3, 256, {-1094248, -999975, -15886203}, {{19579, -180862, 1087872}, {19453, -180649, 1088682}}, {{-248, -671, 407}}, {0xF3,0x79,0x00,0x0D,0x63,0x36,0xBD,0x67,0xF7,0xC2,0x0B,0x31,0x1B,0xEE,0x31,0x01,0x82,0x3D,0x3D,0x60,0x26,0x84,0xF0,0xFF,0x87,0xF5,0xFF,0x97,0x01,0x40,0xFF,0x12,0x70,0xE5,0xD3,0xAB,0x72,0x42,0x00,0x01}},
    {2571, 7, 0x0D, 3, 265, {-1094816, -1000451, -15885923}, {{20287, -181054, 1088512}, {20137, -181247, 1088426}}, {{-164, -259, 150}}, {0x0B,0x7A,0x00,0x0D,0x83,0x2D,0xBD,0xF7,0xEF,0xC2,0x3B,0x33,0x1B,0xFE,0x3C,0x01,0xC2,0x3C,0x3D,0x00,0x27,0xC4,0xF5,0xFF,0xF7,0xFB,0xFF,0x96,0x00,0x40,0xAA,0x13,0x10,0xC0,0xD3,0xAB,0x6E,0x42,0x09,0x01}},
    {2601, 7, 0x0D, 3, 256, {-1095392, -1000915, -15885555}, {{19900, -181438, 1087424}, {20050, -181672, 1087914}}, {{-351, -511, 73}}, {0x29,0x7A,0x00,0x0D,0x83,0x24,0xBD,0xB7,0xE8,0xC2,0x1B,0x36,0x1B,0xF2,0x36,0x01,0x42,0x3B,0x3D,0xF0,0x25,0x14,0xEA,0xFF,0x07,0xF8,0xFF,0x49,0x00,0x80,0x94,0x13,0x80,0xA5,0xD3,0xAB,0x66,0x42,0x00,0x01}},
    {2625, 7, 0x0D, 3, 265, {-1096064, -1001311, -15885055}, {{19773, -181949, 1088704}, {19965, -182100, 1088853}}, {{-345, -502, 67}}, {0x41,0x7A,0x00,0x0D,0x03,0x1A,0xBD,0x87,0xE2,0xC2,0x03,0x3A,0x1B,0xF6,0x34,0x01,0x43,0x39,0x3D,0x30,0x27,0x74,0xEA,0xFF,0x2B,0xF8,0xFF,0x43,0x00,0x40,0x7F,0x13,0xC0,0x8A,0xD3,0x57,0x75,0x42,0x09,0x01}},
    {2655, 7, 0x0D, 3, 265, {-1096584, -1001703, -15884687}, {{20415, -181439, 1088000}, {20392, -181418, 1089024}}, {{-4, -610, 327}}, {0x5F,0x7A,0x00,0x0D,0xE3,0x11,0xBD,0x67,0xDC,0xC2,0xE3,0x3C,0x1B,0xFE,0x3E,0x01,0x41,0x3B,0x3D,0x80,0x26,0xC4,0xFF,0xFF,0x7B,0xF6,0xFF,0x47,0x01,0x00,0xEA,0x13,0x60,0xB5,0xD3,0x03,0x78,0x42,0x09,0x01}},
    {2679, 7, 0x0D, 3, 256, {-1097088, -1002223, -15884303}, {{19517, -180668, 1088384}, {19710, -181073, 1088087}}, {{-531, -424, 417}}, {0x77,0x7A,0x00,0x0D,0x03,0x0A,0xBD,0x47,0xD4,0xC2,0xE3,0x3F,0x1B,0xF6,0x30,0x01,0x44,0x3E,0x3D,0xE0,0x26,0xD4,0xDE,0xFF,0x63,0xF9,0xFF,0xA1,0x01,0x80,0x3F,0x13,0xF0,0xCA,0xD3,0x5F,0x69,0x42,0x00,0x01}},
    {2690, 7, 0x0D, 3, 265, {-1097432, -1002479, -15884023}, {{19707, -181181, 1087872}, {19966, -181245, 1087744}}, {{-360, -358, 753}}, {0x82,0x7A,0x00,0x0D,0xA3,0x04,0xBD,0x47,0xD0,0xC2,0x13,0x42,0x1B,0xEE,0x33,0x01,0x43,0x3C,0x3D,0x60,0x26,0x84,0xE9,0xFF,0x6B,0xFA,0xFF,0xF1,0x02,0x80,0x7F,0x13,0x30,0xC0,0xD3,0x03,0x64,0x42,0x09,0x01}},
    {2714, 7, 0x0D, 3, 265, {-1097960, -1002919, -15883575}, {{20605, -181246, 1087808}, {20903, -181330, 1088768}}, {{-343, -593, 158}}, {0x9A,0x7A,0x00,0x0D,0x63,0xFC,0xBC,0x67,0xC9,0xC2,0x93,0x45,0x1B,0xF6,0x41,0x01,0x02,0x3C,0x3D,0x50,0x26,0x94,0xEA,0xFF,0xBF,0xF6,0xFF,0x9E,0x00,0xC0,0x69,0x14,0xE0,0xBA,0xD3,0x03,0x74,0x42,0x09,0x01}},
    {2744, 7, 0x0D, 3, 256, {-1098456, -1003327, -15883015}, {{20349, -181695, 1088960}, {20135, -181759, 1087488}}, {{-258, -439, -5}}, {0xB8,0x7A,0x00,0x0D,0xA3,0xF4,0xBC,0x07,0xC3,0xC2,0xF3,0x49,0x1B,0xF6,0x3D,0x01,0x41,0x3A,0x3D,0x70,0x27,0xE4,0xEF,0xFF,0x27,0xF9,0xFF,0xFB,0xFF,0xFF,0xA9,0x13,0x10,0xA0,0xD3,0x03,0x60,0x42,0x00,0x01}},
    {2768, 7, 0x0D, 3, 256, {-1098816, -1003735, -15882819}, {{20668, -181758, 1088128}, {20990, -182014, 1088853}}, {{-12, -438, 492}}, {0xD0,0x7A,0x00,0x0D,0x03,0xEF,0xBC,0xA7,0xBC,0xC2,0x7B,0x4B,0x1B,0xF2,0x42,0x01,0x02,0x3A,0x3D,0xA0,0x26,0x44,0xFF,0xFF,0x2B,0xF9,0xFF,0xEC,0x01,0x80,0x7F,0x14,0x20,0x90,0xD3,0x57,0x75,0x42,0x00,0x01}},
    {127, 0, 0x00, 0, 16, {0, 0, 0}, {{0, 3144, 0}, {4185, -2095872, -1704113}}, {{0, 16384, 262255}}, {0x7F,0x00,0x00,0x00,0x00,0x00,0x00,0x00,0x00,0x00,0x00,0x00,0x00,0x00,0x00,0x00,0x48,0x0C,0x00,0x00,0x00,0x00,0x00,0x00,0x00,0x00,0x01,0x6F,0x00,0x44,0x16,0x04,0x00,0x50,0x00,0x3E,0xFD,0x97,0x10,0x00}},
    {127, 0, 0x00, 0, 65296, {0, 0, 0}, {{0, 3144, 0}, {4185, 1264, -1622193}}, {{0, 16384, 334755}}, {0x7F,0x00,0x00,0x00,0x00,0x00,0x00,0x00,0x00,0x00,0x00,0x00,0x00,0x00,0x00,0x00,0x48,0x0C,0x00,0x00,0x00,0x00,0x00,0x00,0x00,0x00,0x01,0xA3,0x1B,0x45,0x16,0x04,0x00,0x4F,0x00,0x3C,0xFD,0x9C,0x10,0xFF}},
    {127, 0, 0x00, 0, 16, {0, 0, 0}, {{0, 3143, 0}, {5155, -2095856, -1605810}}, {{0, 16384, -1602133}}, {0x7F,0x00,0x00,0x00,0x00,0x00,0x00,0x00,0x00,0x00,0x00,0x00,0x00,0x00,0x00,0x00,0x47,0x0C,0x00,0x00,0x00,0x00,0x00,0x00,0x00,0x00,0x01,0xAB,0x8D,0xE7,0x08,0x05,0x00,0x51,0x00,0x3A,0xFD,0x9D,0x10,0x00}},
    {127, 0, 0x00, 0, 16, {0, 0, 0}, {{0, 3143, 0}, {4131, 1049872, -1687730}}, {{0, 16384, -1542133}}, {0x7F,0x00,0x00,0x00,0x00,0x00,0x00,0x00,0x00,0x00,0x00,0x00,0x00,0x00,0x00,0x00,0x47,0x0C,0x00,0x00,0x00,0x00,0x00,0x00,0x00,0x00,0x01,0x0B,0x78,0xE8,0x08,0x04,0x00,0x51,0x00,0x39,0xFD,0x98,0x10,0x00}},
    {3136, 7, 0x0D, 3, 448, {-3426664, -3787447, -13149623}, {{11517, -179837, 1089536}, {11431, -180222, 1088938}}, {{-351, -602, 319}}, {0x40,0x7C,0x00,0x0D,0x63,0xDA,0x2E,0x27,0xD5,0x18,0x93,0xB4,0x6E,0xF6,0xB3,0x00,0x83,0x41,0x3D,0x00,0x28,0x14,0xEA,0xFF,0x9B,0xF6,0xFF,0x3F,0x01,0xC0,0x29,0x0B,0x20,0x00,0xD4,0xAB,0x76,0x42,0xC0,0x01}},
    {3160, 7, 0x0D, 3, 448, {-3427120, -3788147, -13149099}, {{11708, -179710, 1089343}, {11260, -179370, 1089280}}, {{-82, -767, 933}}, {0x58,0x7C,0x00,0x0D,0x43,0xD3,0x2E,0x37,0xCA,0x18,0xAB,0xB8,0x6E,0xF2,0xB6,0x00,0x02,0x42,0xFD,0xCF,0x27,0xE4,0xFA,0xFF,0x07,0xF4,0xFF,0xA5,0x03,0x00,0xFF,0x0A,0x60,0x35,0xD4,0x03,0x7C,0x42,0xC0,0x01}},
    {3190, 7, 0x0D, 3, 466, {-3427568, -3788695, -13148451}, {{11194, -178941, 1088832}, {11348, -179115, 1089108}}, {{-4, -340, 577}}, {0x76,0x7C,0x00,0x0D,0x43,0xCC,0x2E,0xA7,0xC1,0x18,0xBB,0xBD,0x6E,0xEA,0xAE,0x00,0x03,0x45,0x3D,0x50,0x27,0xC4,0xFF,0xFF,0xB3,0xFA,0xFF,0x41,0x02,0x00,0x15,0x0B,0x50,0x45,0xD4,0x53,0x79,0x42,0xD2,0x01}},
    {3214, 7, 0x0D, 3, 502, {-3428048, -3789119, -13148019}, {{11387, -179644, 1089280}, {11090, -179881, 1088939}}, {{-6, -526, 320}}, {0x8E,0x7C,0x00,0x0D,0xC3,0xC4,0x2E,0x07,0xBB,0x18,0x1B,0xC1,0x6E,0xEE,0xB1,0x00,0x44,0x42,0x3D,0xC0,0x27,0xA4,0xFF,0xFF,0xCB,0xF7,0xFF,0x40,0x01,0x80,0xD4,0x0A,0x70,0x15,0xD4,0xAF,0x76,0x42,0xF6,0x01}},
    {3225, 7, 0x0D, 3, 457, {-3428104, -3789427, -13147823}, {{11708, -180288, 1088383}, {11773, -179542, 1088426}}, {{1, -438, 160}}, {0x99,0x7C,0x00,0x0D,0xE3,0xC3,0x2E,0x37,0xB6,0x18,0xA3,0xC2,0x6E,0xF2,0xB6,0x00,0xC0,0x3F,0xFD,0xDF,0x26,0x14,0x00,0x00,0x28,0xF9,0xFF,0xA0,0x00,0x40,0x7F,0x0B,0xA0,0x2A,0xD4,0xAB,0x6E,0x42,0xC9,0x01}},
    {3249, 7, 0x0D, 3, 457, {-3428408, -3790079, -13147347}, {{11259, -179645, 1088959}, {11091, -179712, 1089280}}, {{3, -435, 688}}, {0xB1,0x7C,0x00,0x0D,0x23,0xBF,0x2E,0x07,0xAC,0x18,0x5B,0xC6,0x6E,0xEE,0xAF,0x00,0x43,0x42,0xFD,0x6F,0x27,0x34,0x00,0x00,0x34,0xF9,0xFF,0xB0,0x02,0xC0,0xD4,0x0A,0x00,0x20,0xD4,0x03,0x7C,0x42,0xC9,0x01}},
    {3279, 7, 0x0D, 3, 466, {-3428872, -3790691, -13146543}, {{11389, -179455, 1088640}, {11089, -179113, 1089450}}, {{-267, -683, 841}}, {0xCF,0x7C,0x00,0x0D,0xE3,0xB7,0x2E,0x77,0xA2,0x18,0xA3,0xCC,0x6E,0xF6,0xB1,0x00,0x01,0x43,0x3D,0x20,0x27,0x54,0xEF,0xFF,0x57,0xF5,0xFF,0x49,0x03,0x40,0xD4,0x0A,0x70,0x45,0xD4,0xAB,0x7E,0x42,0xD2,0x01}},
    {3303, 7, 0x0D, 3, 448, {-3429616, -3791359, -13146003}, {{11580, -179005, 1089280}, {11775, -178857, 1089706}}, {{-101, -421, 323}}, {0xE7,0x7C,0x00,0x0D,0x43,0xAC,0x2E,0x07,0x98,0x18,0xDB,0xD0,0x6E,0xF2,0xB4,0x00,0xC3,0x44,0x3D,0xC0,0x27,0xB4,0xF9,0xFF,0x6F,0xF9,0xFF,0x43,0x01,0xC0,0x7F,0x0B,0x70,0x55,0xD4,0xAB,0x82,0x42,0xC0,0x01}},
    {3333, 7, 0x0D, 3, 457, {-3430176, -3792083, -13145491}, {{11197, -179135, 1088895}, {11519, -179710, 1088939}}, {{-272, -326, 514}}, {0x05,0x7D,0x00,0x0D,0x83,0xA3,0x2E,0xB7,0x8C,0x18,0xDB,0xD4,0x6E,0xF6,0xAE,0x00,0x41,0x44,0xFD,0x5F,0x27,0x04,0xEF,0xFF,0xEB,0xFA,0xFF,0x02,0x02,0xC0,0x3F,0x0B,0x20,0x20,0xD4,0xAF,0x76,0x42,0xC9,0x01}},
    {3357, 7, 0x0D, 3, 448, {-3430672, -3792535, -13144955}, {{11582, -180223, 1089472}, {11261, -179540, 1089364}}, {{-89, -423, 228}}, {0x1D,0x7D,0x00,0x0D,0xC3,0x9B,0x2E,0xA7,0x85,0x18,0x0B,0xD9,0x6E,0xFA,0xB4,0x00,0x01,0x40,0x3D,0xF0,0x27,0x74,0xFA,0xFF,0x67,0xF9,0xFF,0xE4,0x00,0x40,0xFF,0x0A,0xC0,0x2A,0xD4,0x53,0x7D,0x42,0xC0,0x01}},
    {3368, 7, 0x0D, 3, 475, {-3430976, -3792787, -13144695}, {{11198, -179517, 1089472}, {11774, -179795, 1089707}}, {{-434, -513, 596}}, {0x28,0x7D,0x00,0x0D,0x03,0x97,0x2E,0xB7,0x81,0x18,0x13,0xDB,0x6E,0xFA,0xAE,0x00,0xC3,0x42,0x3D,0xF0,0x27,0xE4,0xE4,0xFF,0xFF,0xF7,0xFF,0x54,0x02,0x80,0x7F,0x0B,0xD0,0x1A,0xD4,0xAF,0x82,0x42,0xDB,0x01}},
    {3392, 7, 0x0D, 3, 466, {-3431280, -3793451, -13144215}, {{11001, -179135, 1090047}, {11003, -179458, 1090048}}, {{177, -855, 507}}, {0x40,0x7D,0x00,0x0D,0x43,0x92,0x2E,0x57,0x77,0x18,0xD3,0xDE,0x6E,0xE6,0xAB,0x00,0x41,0x44,0xFD,0x7F,0x28,0x14,0x0B,0x00,0xA4,0xF2,0xFF,0xFB,0x01,0xC0,0xBE,0x0A,0xE0,0x2F,0xD4,0x03,0x88,0x42,0xD2,0x01}},
    {3422, 7, 0x0D, 3, 466, {-3432024, -3794347, -13143515}, {{11962, -179134, 1087999}, {12028, -179027, 1088086}}, {{-254, -779, 323}}, {0x5E,0x7D,0x00,0x0D,0xA3,0x86,0x2E,0x57,0x69,0x18,0x4B,0xE4,0x6E,0xEA,0xBA,0x00,0x42,0x44,0xFD,0x7F,0x26,0x24,0xF0,0xFF,0xD7,0xF3,0xFF,0x43,0x01,0x00,0xBF,0x0B,0xD0,0x4A,0xD4,0x5B,0x69,0x42,0xD2,0x01}},
    {3446, 7, 0x0D, 3, 475, {-3432344, -3794843, -13143195}, {{11389, -179902, 1088384}, {11092, -179626, 1088426}}, {{154, -344, 243}}, {0x76,0x7D,0x00,0x0D,0xA3,0x81,0x2E,0x97,0x61,0x18,0xCB,0xE6,0x6E,0xF6,0xB1,0x00,0x42,0x41,0x3D,0xE0,0x26,0xA4,0x09,0x00,0xA0,0xFA,0xFF,0xF3,0x00,0x00,0xD5,0x0A,0x60,0x25,0xD4,0xAB,0x6E,0x42,0xDB,0x01}},
    {3476, 7, 0x0D, 3, 466, {-3432784, -3795515, -13142783}, {{11965, -179456, 1088768}, {12115, -179538, 1089109}}, {{-441, -333, -10}}, {0x94,0x7D,0x00,0x0D,0xC3,0x7A,0x2E,0x17,0x57,0x18,0x03,0xEA,0x6E,0xF6,0xBA,0x00,0x00,0x43,0x3D,0x40,0x27,0x74,0xE4,0xFF,0xCF,0xFA,0xFF,0xF6,0xFF,0xFF,0xD4,0x0B,0xE0,0x2A,0xD4,0x57,0x79,0x42,0xD2,0x01}},
    {3500, 7, 0x0D, 3, 466, {-3433592, -3796079, -13142383}, {{11838, -179261, 1088576}, {11431, -179369, 1088170}}, {{-168, -501, 498}}, {0xAC,0x7D,0x00,0x0D,0x23,0x6E,0x2E,0x47,0x4E,0x18,0x23,0xED,0x6E,0xFA,0xB8,0x00,0xC3,0x43,0x3D,0x10,0x27,0x84,0xF5,0xFF,0x2F,0xF8,0xFF,0xF2,0x01,0xC0,0x29,0x0B,0x70,0x35,0xD4,0xAB,0x6A,0x42,0xD2,0x01}},
    {3511, 7, 0x0D, 3, 457, {-3433912, -3796307, -13142115}, {{11391, -180222, 1089152}, {11174, -180478, 1089535}}, {{-423, -586, 430}}, {0xB7,0x7D,0x00,0x0D,0x23,0x69,0x2E,0xB7,0x4A,0x18,0x3B,0xEF,0x6E,0xFE,0xB1,0x00,0x02,0x40,0x3D,0xA0,0x27,0x94,0xE5,0xFF,0xDB,0xF6,0xFF,0xAE,0x01,0x80,0xE9,0x0A,0x20,0xF0,0xD3,0xFF,0x7F,0x42,0xC9,0x01}},
    {3535, 7, 0x0D, 3, 475, {-3434464, -3796979, -13141615}, {{10874, -179902, 1088256}, {11262, -180308, 1088596}}, {{-257, -521, 601}}, {0xCF,0x7D,0x00,0x0D,0x83,0x60,0x2E,0x37,0x40,0x18,0x23,0xF3,0x6E,0xEA,0xA9,0x00,0x42,0x41,0x3D,0xC0,0x26,0xF4,0xEF,0xFF,0xDF,0xF7,0xFF,0x59,0x02,0x80,0xFF,0x0A,0xC0,0xFA,0xD3,0x53,0x71,0x42,0xDB,0x01}},
    {2754, 7, 0x0D, 3, 457, {-4011176, 3958473, -12542171}, {{11004, -179710, 1088832}, {11004, -179709, 1089109}}, {{-441, -859, 757}}, {0xC2,0x7A,0x00,0x0D,0x63,0x2D,0x0B,0x27,0x9B,0xF1,0x4A,0x3E,0x81,0xF2,0xAB,0x00,0x02,0x42,0x3D,0x50,0x27,0x74,0xE4,0xFF,0x97,0xF2,0xFF,0xF5,0x02,0x00,0xBF,0x0A,0x30,0x20,0xD4,0x57,0x79,0x42,0xC9,0x01}},
    {2784, 7, 0x0D, 3, 457, {-4011888, 3957837, -12541383}, {{11839, -179007, 1089024}, {11605, -179283, 1089450}}, {{-352, -271, 503}}, {0xE0,0x7A,0x00,0x0D,0x43,0x22,0x0B,0x37,0x91,0xF1,0x72,0x44,0x81,0xFE,0xB8,0x00,0xC1,0x44,0x3D,0x80,0x27,0x04,0xEA,0xFF,0xC7,0xFB,0xFF,0xF7,0x01,0x40,0x55,0x0B,0xD0,0x3A,0xD4,0xAB,0x7E,0x42,0xC9,0x01}},
    {2808, 7, 0x0D, 3, 448, {-4012512, 3957237, -12540791}, {{10429, -180157, 1088384}, {10322, -179710, 1089451}}, {{-443, -596, 332}}, {0xF8,0x7A,0x00,0x0D,0x83,0x18,0x0B,0xD7,0x87,0xF1,0x12,0x49,0x81,0xF6,0xA2,0x00,0x43,0x40,0x3D,0xE0,0x26,0x54,0xE4,0xFF,0xB3,0xF6,0xFF,0x4C,0x01,0x80,0x14,0x0A,0x20,0x20,0xD4,0xAF,0x7E,0x42,0xC0,0x01}},
    {2819, 7, 0x0D, 3, 466, {-4012856, 3956965, -12540563}, {{10558, -179774, 1088256}, {10580, -179882, 1087743}}, {{-11, -348, 689}}, {0x03,0x7B,0x00,0x0D,0x23,0x13,0x0B,0x97,0x83,0xF1,0xDA,0x4A,0x81,0xFA,0xA4,0x00,0xC2,0x41,0x3D,0xC0,0x26,0x54,0xFF,0xFF,0x93,0xFA,0xFF,0xB1,0x02,0x00,0x55,0x0A,0x60,0x15,0xD4,0xFF,0x63,0x42,0xD2,0x01}},
    {2843, 7, 0x0D, 3, 457, {-4013448, 3956529, -12540151}, {{10688, -180028, 1088640}, {10580, -179712, 1087915}}, {{1, -277, 513}}, {0x1B,0x7B,0x00,0x0D,0xE3,0x09,0x0B,0xC7,0x7C,0xF1,0x12,0x4E,0x81,0x02,0xA7,0x00,0xC4,0x40,0x3D,0x20,0x27,0x14,0x00,0x00,0xAC,0xFB,0xFF,0x01,0x02,0x00,0x55,0x0A,0x00,0x20,0xD4,0xAF,0x66,0x42,0xC9,0x01}},
    {2873, 7, 0x0D, 3, 475, {-4014144, 3955933, -12539671}, {{11774, -180285, 1088576}, {11944, -180477, 1088768}}, {{-341, -358, 336}}, {0x39,0x7B,0x00,0x0D,0x03,0xFF,0x0A,0x77,0x73,0xF1,0xD2,0x51,0x81,0xFA,0xB7,0x00,0xC3,0x3F,0x3D,0x10,0x27,0xB4,0xEA,0xFF,0x6B,0xFA,0xFF,0x50,0x01,0x00,0xAA,0x0B,0x30,0xF0,0xD3,0x03,0x74,0x42,0xDB,0x01}},
    {2897, 7, 0x0D, 3, 475, {-4014792, 3955473, -12539267}, {{11004, -179325, 1088128}, {10663, -179370, 1088340}}, {{-253, -679, 165}}, {0x51,0x7B,0x00,0x0D,0xE3,0xF4,0x0A,0x47,0x6C,0xF1,0xFA,0x54,0x81,0xF2,0xAB,0x00,0x83,0x43,0x3D,0xA0,0x26,0x34,0xF0,0xFF,0x67,0xF5,0xFF,0xA5,0x00,0xC0,0x69,0x0A,0x60,0x35,0xD4,0x53,0x6D,0x42,0xDB,0x01}},
    {2927, 7, 0x0D, 3, 457, {-4015808, 3954469, -12538655}, {{11450, -179709, 1088832}, {11688, -179540, 1088767}}, {{-354, -416, -8}}, {0x6F,0x7B,0x00,0x0D,0x03,0xE5,0x0A,0x97,0x5C,0xF1,0xC2,0x59,0x81,0xEA,0xB2,0x00,0x03,0x42,0x3D,0x50,0x27,0xE4,0xE9,0xFF,0x83,0xF9,0xFF,0xF8,0xFF,0x3F,0x6A,0x0B,0xC0,0x2A,0xD4,0xFF,0x73,0x42,0xC9,0x01}},
    {2951, 7, 0x0D, 3, 466, {-4016136, 3953937, -12538351}, {{11453, -179838, 1089088}, {11175, -179796, 1088853}}, {{-101, -508, 76}}, {0x87,0x7B,0x00,0x0D,0xE3,0xDF,0x0A,0x47,0x54,0xF1,0x22,0x5C,0x81,0xF6,0xB2,0x00,0x82,0x41,0x3D,0x90,0x27,0xB4,0xF9,0xFF,0x13,0xF8,0xFF,0x4C,0x00,0xC0,0xE9,0x0A,0xC0,0x1A,0xD4,0x57,0x75,0x42,0xD2,0x01}},
    {2962, 7, 0x0D, 3, 466, {-4016304, 3953689, -12538099}, {{10816, -180671, 1088127}, {10922, -180139, 1088000}}, {{-250, -170, 327}}, {0x92,0x7B,0x00,0x0D,0x43,0xDD,0x0A,0x67,0x50,0xF1,0x1A,0x5E,0x81,0x02,0xA9,0x00,0x41,0x3E,0xFD,0x9F,0x26,0x64,0xF0,0xFF,0x5B,0xFD,0xFF,0x47,0x01,0x80,0xAA,0x0A,0x50,0x05,0xD4,0x03,0x68,0x42,0xD2,0x01}},
    {2986, 7, 0x0D, 3, 448, {-4016848, 3953197, -12537767}, {{11709, -179197, 1089151}, {12029, -179369, 1090219}}, {{-333, -600, 426}}, {0xAA,0x7B,0x00,0x0D,0xC3,0xD4,0x0A,0xB7,0x48,0xF1,0xB2,0x60,0x81,0xF6,0xB6,0x00,0x03,0x44,0xFD,0x9F,0x27,0x34,0xEB,0xFF,0xA3,0xF6,0xFF,0xAA,0x01,0x40,0xBF,0x0B,0x70,0x35,0xD4,0xAF,0x8A,0x42,0xC0,0x01}},
    {3016, 7, 0x0D, 3, 475, {-4017600, 3952637, -12537259}, {{11324, -179197, 1087872}, {11687, -179199, 1088853}}, {{-173, -617, 157}}, {0xC8,0x7B,0x00,0x0D,0x03,0xC9,0x0A,0xF7,0x3F,0xF1,0xAA,0x64,0x81,0xF2,0xB0,0x00,0x03,0x44,0x3D,0x60,0x26,0x34,0xF5,0xFF,0x5F,0xF6,0xFF,0x9D,0x00,0xC0,0x69,0x0B,0x10,0x40,0xD4,0x57,0x75,0x42,0xDB,0x01}},
    {3040, 7, 0x0D, 3, 475, {-4018064, 3952013, -12536695}, {{10941, -179390, 1088128}, {10834, -179456, 1087317}}, {{-22, -759, 577}}, {0xE0,0x7B,0x00,0x0D,0xC3,0xC1,0x0A,0x37,0x36,0xF1,0x12,0x69,0x81,0xF6,0xAA,0x00,0x42,0x43,0x3D,0xA0,0x26,0xA4,0xFE,0xFF,0x27,0xF4,0xFF,0x41,0x02,0x80,0x94,0x0A,0x00,0x30,0xD4,0x57,0x5D,0x42,0xDB,0x01}},
    {3070, 7, 0x0D, 3, 466, {-4018936, 3951389, -12535955}, {{11262, -179328, 1088576}, {11604, -179623, 1089194}}, {{-362, -353, 675}}, {0xFE,0x7B,0x00,0x0D,0x23,0xB4,0x0A,0x77,0x2C,0xF1,0xDA,0x6E,0x81,0xFA,0xAF,0x00,0x80,0x43,0x3D,0x10,0x27,0x64,0xE9,0xFF,0x7F,0xFA,0xFF,0xA3,0x02,0x00,0x55,0x0B,0x90,0x25,0xD4,0xAB,0x7A,0x42,0xD2,0x01}},
    {3094, 7, 0x0D, 3, 466, {-4019448, 3950933, -12535427}, {{11647, -179711, 1088320}, {11349, -179711, 1088340}}, {{-104, 16, 491}}, {0x16,0x7C,0x00,0x0D,0x23,0xAC,0x0A,0x57,0x25,0xF1,0xFA,0x72,0x81,0xFE,0xB5,0x00,0x01,0x42,0x3D,0xD0,0x26,0x84,0xF9,0xFF,0x43,0x00,0x00,0xEB,0x01,0x40,0x15,0x0B,0x10,0x20,0xD4,0x53,0x6D,0x42,0xD2,0x01}},
    {3105, 7, 0x0D, 3, 475, {-4019584, 3950753, -12535195}, {{10748, -179584, 1088768}, {10837, -179626, 1088596}}, {{-99, -258, 597}}, {0x21,0x7C,0x00,0x0D,0x03,0xAA,0x0A,0x87,0x22,0xF1,0xCA,0x74,0x81,0xF2,0xA7,0x00,0x80,0x42,0x3D,0x40,0x27,0xD4,0xF9,0xFF,0xFB,0xFB,0xFF,0x55,0x02,0x40,0x95,0x0A,0x60,0x25,0xD4,0x53,0x71,0x42,0xDB,0x01}},
    {3129, 7, 0x0D, 3, 475, {-4020328, 3950209, -12534587}, {{11002, -179709, 1088768}, {10919, -179626, 1088597}}, {{-82, -700, 501}}, {0x39,0x7C,0x00,0x0D,0x63,0x9E,0x0A,0x07,0x1A,0xF1,0x8A,0x79,0x81,0xEA,0xAB,0x00,0x03,0x42,0x3D,0x40,0x27,0xE4,0xFA,0xFF,0x13,0xF5,0xFF,0xF5,0x01,0xC0,0xA9,0x0A,0x60,0x25,0xD4,0x57,0x71,0x42,0xDB,0x01}},
    {3159, 7, 0x0D, 3, 448, {-4021000, 3949493, -12533743}, {{11325, -178750, 1089920}, {11007, -179028, 1089193}}, {{-89, -186, 748}}, {0x57,0x7C,0x00,0x0D,0xE3,0x93,0x0A,0xD7,0x0E,0xF1,0x22,0x80,0x81,0xF6,0xB0,0x00,0xC2,0x45,0x3D,0x60,0x28,0x74,0xFA,0xFF,0x1B,0xFD,0xFF,0xEC,0x02,0xC0,0xBF,0x0A,0xC0,0x4A,0xD4,0xA7,0x7A,0x42,0xC0,0x01}},
    {3927, 7, 0x0D, 3, 457, {-4642680, 3256929, -11850359}, {{10749, -179200, 1088639}, {10067, -178942, 1088597}}, {{-20, -511, -15}}, {0x57,0x7F,0x00,0x0D,0x23,0xA2,0xE4,0x86,0xC9,0xC6,0x12,0x5B,0x96,0xF6,0xA7,0x00,0x00,0x44,0xFD,0x1F,0x27,0xC4,0xFE,0xFF,0x07,0xF8,0xFF,0xF1,0xFF,0xFF,0xD4,0x09,0x20,0x50,0xD4,0x57,0x71,0x42,0xC9,0x01}},
    {3938, 7, 0x0D, 3, 466, {-4642792, 3256589, -11850199}, {{10554, -179261, 1088576}, {11176, -178771, 1089024}}, {{-521, -508, 174}}, {0x62,0x7F,0x00,0x0D,0x63,0xA0,0xE4,0x36,0xC4,0xC6,0x52,0x5C,0x96,0xEA,0xA4,0x00,0xC3,0x43,0x3D,0x10,0x27,0x74,0xDF,0xFF,0x13,0xF8,0xFF,0xAE,0x00,0x00,0xEA,0x0A,0xD0,0x5A,0xD4,0x03,0x78,0x42,0xD2,0x01}},
    {3962, 7, 0x0D, 3, 466, {-4643288, 3256241, -11849703}, {{11453, -179328, 1089024}, {11178, -179030, 1088767}}, {{84, -80, 337}}, {0x7A,0x7F,0x00,0x0D,0xA3,0x98,0xE4,0xC6,0xBE,0xC6,0x32,0x60,0x96,0xF6,0xB2,0x00,0x80,0x43,0x3D,0x80,0x27,0x44,0x05,0x00,0xC0,0xFE,0xFF,0x51,0x01,0x80,0xEA,0x0A,0xA0,0x4A,0xD4,0xFF,0x73,0x42,0xD2,0x01}},
    {3992, 7, 0x0D, 3, 475, {-4644104, 3255737, -11849139}, {{11132, -178942, 1088128}, {11091, -178517, 1088255}}, {{-257, -423, 413}}, {0x98,0x7F,0x00,0x0D,0xE3,0x8B,0xE4,0xE6,0xB6,0xC6,0x9A,0x64,0x96,0xF2,0xAD,0x00,0x02,0x45,0x3D,0xA0,0x26,0xF4,0xEF,0xFF,0x67,0xF9,0xFF,0x9D,0x01,0xC0,0xD4,0x0A,0xB0,0x6A,0xD4,0xFF,0x6B,0x42,0xDB,0x01}},
    {4016, 7, 0x0D, 3, 448, {-4644640, 3254965, -11848607}, {{11900, -179132, 1087744}, {11517, -179454, 1088000}}, {{-337, -604, 503}}, {0xB0,0x7F,0x00,0x0D,0x83,0x83,0xE4,0xD6,0xAA,0xC6,0xC2,0x68,0x96,0xF2,0xB9,0x00,0x44,0x44,0x3D,0x40,0x26,0xF4,0xEA,0xFF,0x93,0xF6,0xFF,0xF7,0x01,0x40,0x3F,0x0B,0x20,0x30,0xD4,0x03,0x68,0x42,0xC0,0x01}},
    {4046, 7, 0x0D, 3, 475, {-4645456, 3254181, -11847807}, {{11196, -179200, 1089408}, {11092, -179025, 1089706}}, {{-528, -244, 601}}, {0xCE,0x7F,0x00,0x0D,0xC3,0x76,0xE4,0x96,0x9E,0xC6,0x02,0x6F,0x96,0xF2,0xAE,0x00,0x00,0x44,0x3D,0xE0,0x27,0x04,0xDF,0xFF,0x33,0xFC,0xFF,0x59,0x02,0x00,0xD5,0x0A,0xF0,0x4A,0xD4,0xAB,0x82,0x42,0xDB,0x01}},
    {4057, 7, 0x0D, 3, 475, {-4645808, 3253997, -11847539}, {{10814, -179774, 1088896}, {10835, -179370, 1088682}}, {{-167, -422, 415}}, {0xD9,0x7F,0x00,0x0D,0x43,0x71,0xE4,0xB6,0x9B,0xC6,0x1A,0x71,0x96,0xFA,0xA8,0x00,0xC2,0x41,0x3D,0x60,0x27,0x94,0xF5,0xFF,0x6B,0xF9,0xFF,0x9F,0x01,0xC0,0x94,0x0A,0x60,0x35,0xD4,0xAB,0x72,0x42,0xDB,0x01}},
    {4070, 7, 0x0D, 3, 466, {-4645976, 3253785, -11847267}, {{10880, -179841, 1088895}, {11007, -179796, 1088853}}, {{-259, -412, 577}}, {0xE6,0x7F,0x00,0x0D,0xA3,0x6E,0xE4,0x66,0x98,0xC6,0x3A,0x73,0x96,0x02,0xAA,0x00,0x7F,0x41,0xFD,0x5F,0x27,0xD4,0xEF,0xFF,0x93,0xF9,0xFF,0x41,0x02,0xC0,0xBF,0x0A,0xC0,0x1A,0xD4,0x57,0x75,0x42,0xD2,0x01}},
    {4081, 7, 0x0D, 3, 466, {-4646288, 3253609, -11846983}, {{10750, -179454, 1087680}, {10579, -179542, 1087743}}, {{96, -421, 162}}, {0xF1,0x7F,0x00,0x0D,0xC3,0x69,0xE4,0xA6,0x95,0xC6,0x72,0x75,0x96,0xFA,0xA7,0x00,0x02,0x43,0x3D,0x30,0x26,0x04,0x06,0x00,0x6C,0xF9,0xFF,0xA2,0x00,0xC0,0x54,0x0A,0xA0,0x2A,0xD4,0xFF,0x63,0x42,0xD2,0x01}},
    {9, 7, 0x0D, 3, 457, {-4646616, 3252941, -11846567}, {{10815, -179711, 1087487}, {11262, -179625, 1087659}}, {{-272, -499, 491}}, {0x09,0x70,0x00,0x0D,0xA3,0x64,0xE4,0x36,0x8B,0xC6,0xB2,0x78,0x96,0xFE,0xA8,0x00,0x01,0x42,0xFD,0xFF,0x25,0x04,0xEF,0xFF,0x37,0xF8,0xFF,0xEB,0x01,0x80,0xFF,0x0A,0x70,0x25,0xD4,0xAF,0x62,0x42,0xC9,0x01}},
    {39, 7, 0x0D, 3, 448, {-4647488, 3252301, -11845651}, {{11903, -179455, 1088192}, {11433, -179198, 1088341}}, {{-358, -340, 842}}, {0x27,0x70,0x00,0x0D,0x03,0x57,0xE4,0x36,0x81,0xC6,0xDA,0x7F,0x96,0xFE,0xB9,0x00,0x01,0x43,0x3D,0xB0,0x26,0xA4,0xE9,0xFF,0xB3,0xFA,0xFF,0x4A,0x03,0x40,0x2A,0x0B,0x20,0x40,0xD4,0x57,0x6D,0x42,0xC0,0x01}},
    {63, 7, 0x0D, 3, 466, {-4648200, 3251613, -11845079}, {{12216, -179262, 1089472}, {12116, -179539, 1089280}}, {{-448, -429, 596}}, {0x3F,0x70,0x00,0x0D,0xE3,0x4B,0xE4,0x76,0x76,0xC6,0x52,0x84,0x96,0xE2,0xBE,0x00,0xC2,0x43,0x3D,0xF0,0x27,0x04,0xE4,0xFF,0x4F,0xF9,0xFF,0x54,0x02,0x00,0xD5,0x0B,0xD0,0x2A,0xD4,0x03,0x7C,0x42,0xD2,0x01}},
    {93, 7, 0x0D, 3, 457, {-4649360, 3250897, -11844511}, {{11642, -179772, 1088192}, {11261, -179624, 1088341}}, {{-505, -596, 681}}, {0x5D,0x70,0x00,0x0D,0xC3,0x39,0xE4,0x46,0x6B,0xC6,0xC2,0x88,0x96,0xEA,0xB5,0x00,0xC4,0x41,0x3D,0xB0,0x26,0x74,0xE0,0xFF,0xB3,0xF6,0xFF,0xA9,0x02,0x40,0xFF,0x0A,0x80,0x25,0xD4,0x57,0x6D,0x42,0xC9,0x01}},
    {104, 7, 0x0D, 3, 475, {-4649816, 3250557, -11844171}, {{11196, -179325, 1088704}, {11689, -179541, 1088938}}, {{-8, -509, 673}}, {0x68,0x70,0x00,0x0D,0xA3,0x32,0xE4,0xF6,0x65,0xC6,0x6A,0x8B,0x96,0xF2,0xAE,0x00,0x83,0x43,0x3D,0x30,0x27,0x84,0xFF,0xFF,0x0F,0xF8,0xFF,0xA1,0x02,0x40,0x6A,0x0B,0xB0,0x2A,0xD4,0xAB,0x76,0x42,0xDB,0x01}},
    {117, 7, 0x0D, 3, 448, {-4650024, 3250173, -11843855}, {{11708, -179901, 1088768}, {11771, -179453, 1088938}}, {{-426, -859, 149}}, {0x75,0x70,0x00,0x0D,0x63,0x2F,0xE4,0xF6,0x5F,0xC6,0xE2,0x8D,0x96,0xF2,0xB6,0x00,0x43,0x41,0x3D,0x40,0x27,0x64,0xE5,0xFF,0x97,0xF2,0xFF,0x95,0x00,0xC0,0x7E,0x0B,0x30,0x30,0xD4,0xAB,0x76,0x42,0xC0,0x01}},
    {128, 7, 0x0D, 3, 457, {-4650224, 3249901, -11843691}, {{11965, -179326, 1088064}, {11772, -179199, 1088511}}, {{-181, -758, 329}}, {0x80,0x70,0x00,0x0D,0x43,0x2C,0xE4,0xB6,0x5B,0xC6,0x2A,0x8F,0x96,0xF6,0xBA,0x00,0x82,0x43,0x3D,0x90,0x26,0xB4,0xF4,0xFF,0x2B,0xF4,0xFF,0x49,0x01,0x00,0x7F,0x0B,0x10,0x40,0xD4,0xFF,0x6F,0x42,0xC9,0x01}},
    {158, 7, 0x0D, 3, 475, {-4650640, 3249277, -11842975}, {{10943, -179391, 1088640}, {11432, -179196, 1089024}}, {{-503, -682, 586}}, {0x9E,0x70,0x00,0x0D,0xC3,0x25,0xE4,0xF6,0x51,0xC6,0xC2,0x94,0x96,0xFE,0xAA,0x00,0x41,0x43,0x3D,0x20,0x27,0x94,0xE0,0xFF,0x5B,0xF5,0xFF,0x4A,0x02,0x00,0x2A,0x0B,0x40,0x40,0xD4,0x03,0x78,0x42,0xDB,0x01}},
    {182, 7, 0x0D, 3, 457, {-4651264, 3248637, -11842543}, {{11451, -178877, 1088448}, {11349, -179197, 1088170}}, {{-348, -428, 591}}, {0xB6,0x70,0x00,0x0D,0x03,0x1C,0xE4,0xF6,0x47,0xC6,0x22,0x98,0x96,0xEE,0xB2,0x00,0x43,0x45,0x3D,0xF0,0x26,0x44,0xEA,0xFF,0x53,0xF9,0xFF,0x4F,0x02,0x40,0x15,0x0B,0x30,0x40,0xD4,0xAB,0x6A,0x42,0xC9,0x01}},
    {212, 7, 0x0D, 3, 475, {-4651536, 3247749, -11841635}, {{11323, -179072, 1089088}, {10921, -179454, 1088767}}, {{-77, -596, 668}}, {0xD4,0x70,0x00,0x0D,0xC3,0x17,0xE4,0x16,0x3A,0xC6,0x3A,0x9F,0x96,0xEE,0xB0,0x00,0x80,0x44,0x3D,0x90,0x27,0x34,0xFB,0xFF,0xB3,0xF6,0xFF,0x9C,0x02,0x40,0xAA,0x0A,0x20,0x30,0xD4,0xFF,0x73,0x42,0xDB,0x01}},
    {236, 7, 0x0D, 3, 466, {-4652040, 3247233, -11840999}, {{10876, -179709, 1088832}, {10921, -179967, 1088683}}, {{-253, -434, 338}}, {0xEC,0x70,0x00,0x0D,0xE3,0x0F,0xE4,0x06,0x32,0xC6,0x32,0xA4,0x96,0xF2,0xA9,0x00,0x03,0x42,0x3D,0x50,0x27,0x34,0xF0,0xFF,0x3B,0xF9,0xFF,0x52,0x01,0x40,0xAA,0x0A,0x10,0x10,0xD4,0xAF,0x72,0x42,0xD2,0x01}},
    {247, 7, 0x0D, 3, 466, {-4652016, 3247001, -11840855}, {{11582, -179905, 1088639}, {11687, -179968, 1088512}}, {{1, -592, 749}}, {0xF7,0x70,0x00,0x0D,0x43,0x10,0xE4,0x66,0x2E,0xC6,0x52,0xA5,0x96,0xFA,0xB4,0x00,0x3F,0x41,0xFD,0x1F,0x27,0x14,0x00,0x00,0xC0,0xF6,0xFF,0xED,0x02,0xC0,0x69,0x0B,0x00,0x10,0xD4,0x03,0x70,0x42,0xD2,0x01}},
    {3675, 7, 0x0D, 3, 457, {-5459232, 2355173, -10957387}, {{11256, -179904, 1088960}, {10323, -179284, 1089279}}, {{-175, -525, 588}}, {0x5B,0x7E,0x00,0x0D,0x83,0xCB,0xB2,0x96,0xBF,0x8F,0x6A,0x9B,0xB1,0xE2,0xAF,0x00,0x40,0x41,0x3D,0x70,0x27,0x14,0xF5,0xFF,0xCF,0xF7,0xFF,0x4C,0x02,0xC0,0x14,0x0A,0xC0,0x3A,0xD4,0xFF,0x7B,0x42,0xC9,0x01}},
    {3686, 7, 0x0D, 3, 466, {-5459576, 2354817, -10957007}, {{9979, -179901, 1088128}, {9980, -179880, 1088171}}, {{-179, -696, 685}}, {0x66,0x7E,0x00,0x0D,0x23,0xC6,0xB2,0x06,0xBA,0x8F,0x62,0x9E,0xB1,0xEE,0x9B,0x00,0x43,0x41,0x3D,0xA0,0x26,0xD4,0xF4,0xFF,0x23,0xF5,0xFF,0xAD,0x02,0x00,0xBF,0x09,0x80,0x15,0xD4,0xAF,0x6A,0x42,0xD2,0x01}},
    {3710, 7, 0x0D, 3, 475, {-5459992, 2354221, -10956411}, {{11838, -179137, 1088960}, {11944, -179454, 1088767}}, {{-106, -603, 417}}, {0x7E,0x7E,0x00,0x0D,0xA3,0xBF,0xB2,0xB6,0xB0,0x8F,0x0A,0xA3,0xB1,0xFA,0xB8,0x00,0x3F,0x44,0x3D,0x70,0x27,0x64,0xF9,0xFF,0x97,0xF6,0xFF,0xA1,0x01,0x00,0xAA,0x0B,0x20,0x30,0xD4,0xFF,0x73,0x42,0xDB,0x01}},
    {3740, 7, 0x0D, 3, 475, {-5460776, 2353569, -10955579}, {{11454, -179968, 1088767}, {11262, -180051, 1089024}}, {{-180, -520, 524}}, {0x9C,0x7E,0x00,0x0D,0x63,0xB3,0xB2,0x86,0xA6,0x8F,0x8A,0xA9,0xB1,0xFA,0xB2,0x00,0x00,0x41,0xFD,0x3F,0x27,0xC4,0xF4,0xFF,0xE3,0xF7,0xFF,0x0C,0x02,0x80,0xFF,0x0A,0xD0,0x0A,0xD4,0x03,0x78,0x42,0xDB,0x01}},
    {3764, 7, 0x0D, 3, 457, {-5461552, 2352977, -10955091}, {{11455, -180156, 1088000}, {11261, -180392, 1088000}}, {{-435, -594, 405}}, {0xB4,0x7E,0x00,0x0D,0x43,0xA7,0xB2,0x46,0x9D,0x8F,0x5A,0xAD,0xB1,0xFE,0xB2,0x00,0x44,0x40,0x3D,0x80,0x26,0xD4,0xE4,0xFF,0xBB,0xF6,0xFF,0x95,0x01,0x40,0xFF,0x0A,0x80,0xF5,0xD3,0x03,0x68,0x42,0xC9,0x01}},
    {3794, 7, 0x0D, 3, 448, {-5462576, 2352277, -10954239}, {{11583, -179391, 1087616}, {11090, -179541, 1087487}}, {{-176, -528, 496}}, {0xD2,0x7E,0x00,0x0D,0x43,0x97,0xB2,0x56,0x92,0x8F,0x02,0xB4,0xB1,0xFE,0xB4,0x00,0x41,0x43,0x3D,0x20,0x26,0x04,0xF5,0xFF,0xC3,0xF7,0xFF,0xF0,0x01,0x80,0xD4,0x0A,0xB0,0x2A,0xD4,0xFF,0x5F,0x42,0xC0,0x01}},
    {3818, 7, 0x0D, 3, 457, {-5463208, 2351529, -10953475}, {{11132, -180350, 1088832}, {10921, -180221, 1089194}}, {{-179, -260, -7}}, {0xEA,0x7E,0x00,0x0D,0x63,0x8D,0xB2,0xA6,0x86,0x8F,0xFA,0xB9,0xB1,0xF2,0xAD,0x00,0x82,0x3F,0x3D,0x50,0x27,0xD4,0xF4,0xFF,0xF3,0xFB,0xFF,0xF9,0xFF,0x7F,0xAA,0x0A,0x30,0x00,0xD4,0xAB,0x7A,0x42,0xC9,0x01}},
    {3829, 7, 0x0D, 3, 448, {-5463448, 2351325, -10953231}, {{10877, -179647, 1089088}, {10921, -179111, 1088938}}, {{-513, -269, 521}}, {0xF5,0x7E,0x00,0x0D,0xA3,0x89,0xB2,0x76,0x83,0x8F,0xE2,0xBB,0xB1,0xF6,0xA9,0x00,0x41,0x42,0x3D,0x90,0x27,0xF4,0xDF,0xFF,0xCF,0xFB,0xFF,0x09,0x02,0x40,0xAA,0x0A,0x90,0x45,0xD4,0xAB,0x76,0x42,0xC0,0x01}},
    {3853, 7, 0x0D, 3, 457, {-5463808, 2350793, -10952579}, {{10684, -179970, 1087807}, {10409, -180221, 1087743}}, {{-433, -364, 580}}, {0x0D,0x7F,0x00,0x0D,0x03,0x84,0xB2,0x26,0x7B,0x8F,0xFA,0xC0,0xB1,0xF2,0xA6,0x00,0xFE,0x40,0xFD,0x4F,0x26,0xF4,0xE4,0xFF,0x53,0xFA,0xFF,0x44,0x02,0x40,0x2A,0x0A,0x30,0x00,0xD4,0xFF,0x63,0x42,0xC9,0x01}},
    {3883, 7, 0x0D, 3, 484, {-5464512, 2350049, -10951759}, {{11135, -179774, 1088768}, {10749, -180048, 1088854}}, {{-615, -430, 338}}, {0x2B,0x7F,0x00,0x0D,0x03,0x79,0xB2,0x86,0x6F,0x8F,0x62,0xC7,0xB1,0xFE,0xAD,0x00,0xC2,0x41,0x3D,0x40,0x27,0x94,0xD9,0xFF,0x4B,0xF9,0xFF,0x52,0x01,0x40,0x7F,0x0A,0x00,0x0B,0xD4,0x5B,0x75,0x42,0xE4,0x01}},
    {3907, 7, 0x0D, 3, 457, {-5465024, 2349229, -10951055}, {{10875, -178941, 1088576}, {11005, -178686, 1089280}}, {{-191, -522, 665}}, {0x43,0x7F,0x00,0x0D,0x03,0x71,0xB2,0xB6,0x62,0x8F,0xE2,0xCC,0xB1,0xEE,0xA9,0x00,0x03,0x45,0x3D,0x10,0x27,0x14,0xF4,0xFF,0xDB,0xF7,0xFF,0x99,0x02,0x40,0xBF,0x0A,0x20,0x60,0xD4,0x03,0x7C,0x42,0xC9,0x01}},
    {3937, 7, 0x0D, 3, 457, {-5465600, 2348421, -10950203}, {{10428, -179582, 1089024}, {10495, -180136, 1088938}}, {{-275, -96, 260}}, {0x61,0x7F,0x00,0x0D,0x03,0x68,0xB2,0x16,0x56,0x8F,0x8A,0xD3,0xB1,0xF2,0xA2,0x00,0x82,0x42,0x3D,0x80,0x27,0xD4,0xEE,0xFF,0x83,0xFE,0xFF,0x04,0x01,0xC0,0x3F,0x0A,0x80,0x05,0xD4,0xAB,0x76,0x42,0xC9,0x01}},
    {3948, 7, 0x0D, 3, 475, {-5466024, 2348245, -10949935}, {{10879, -180093, 1088960}, {11177, -180051, 1088939}}, {{-174, -438, 502}}, {0x6C,0x7F,0x00,0x0D,0x63,0x61,0xB2,0x56,0x53,0x8F,0xA2,0xD5,0xB1,0xFE,0xA9,0x00,0x83,0x40,0x3D,0x70,0x27,0x24,0xF5,0xFF,0x2B,0xF9,0xFF,0xF6,0x01,0x40,0xEA,0x0A,0xD0,0x0A,0xD4,0xAF,0x76,0x42,0xDB,0x01}},
    {3961, 7, 0x0D, 3, 475, {-5466392, 2347889, -10949599}, {{10942, -178877, 1088319}, {11005, -179029, 1088256}}, {{-96, -438, 582}}, {0x79,0x7F,0x00,0x0D,0xA3,0x5B,0xB2,0xC6,0x4D,0x8F,0x42,0xD8,0xB1,0xFA,0xAA,0x00,0x43,0x45,0xFD,0xCF,0x26,0x04,0xFA,0xFF,0x2B,0xF9,0xFF,0x46,0x02,0x40,0xBF,0x0A,0xB0,0x4A,0xD4,0x03,0x6C,0x42,0xDB,0x01}},
    {3972, 7, 0x0D, 3, 457, {-5466648, 2347669, -10949355}, {{10686, -179581, 1086848}, {11263, -179539, 1087232}}, {{-509, -193, 247}}, {0x84,0x7F,0x00,0x0D,0xA3,0x57,0xB2,0x56,0x4A,0x8F,0x2A,0xDA,0xB1,0xFA,0xA6,0x00,0x83,0x42,0x3D,0x60,0x25,0x34,0xE0,0xFF,0xFF,0xFC,0xFF,0xF7,0x00,0xC0,0xFF,0x0A,0xD0,0x2A,0xD4,0x03,0x5C,0x42,0xC9,0x01}},
    {3996, 7, 0x0D, 3, 448, {-5467656, 2347101, -10948803}, {{11070, -179903, 1088575}, {10833, -179797, 1089109}}, {{11, -678, 600}}, {0x9C,0x7F,0x00,0x0D,0xE3,0x47,0xB2,0x76,0x41,0x8F,0x7A,0xDE,0xB1,0xFA,0xAC,0x00,0x41,0x41,0xFD,0x0F,0x27,0xB4,0x00,0x00,0x68,0xF5,0xFF,0x58,0x02,0x40,0x94,0x0A,0xB0,0x1A,0xD4,0x57,0x79,0x42,0xC0,0x01}},
    {4026, 7, 0x0D, 3, 448, {-5468120, 2346249, -10947887}, {{10876, -180223, 1087616}, {10495, -179710, 1088084}}, {{-275, -346, 80}}, {0xBA,0x7F,0x00,0x0D,0xA3,0x40,0xB2,0x26,0x34,0x8F,0xA2,0xE5,0xB1,0xF2,0xA9,0x00,0x01,0x40,0x3D,0x20,0x26,0xD4,0xEE,0xFF,0x9B,0xFA,0xFF,0x50,0x00,0xC0,0x3F,0x0A,0x20,0x20,0xD4,0x53,0x69,0x42,0xC0,0x01}},
    {4050, 7, 0x0D, 3, 457, {-5468584, 2345613, -10947427}, {{11515, -180096, 1088320}, {11772, -180308, 1088596}}, {{-174, -675, 509}}, {0xD2,0x7F,0x00,0x0D,0x63,0x39,0xB2,0x36,0x2A,0x8F,0x3A,0xE9,0xB1,0xEE,0xB3,0x00,0x80,0x40,0x3D,0xD0,0x26,0x24,0xF5,0xFF,0x77,0xF5,0xFF,0xFD,0x01,0x00,0x7F,0x0B,0xC0,0xFA,0xD3,0x53,0x71,0x42,0xC9,0x01}},
    {841, 7, 0x0D, 3, 448, {-519096, -637463, -16112539}, {{11069, -179456, 1088639}, {10922, -179029, 1088768}}, {{-80, -424, 339}}, {0x49,0x73,0x00,0x0D,0x23,0x51,0xE0,0xA7,0x17,0xD9,0xCB,0x48,0x14,0xF6,0xAC,0x00,0x00,0x43,0xFD,0x1F,0x27,0x04,0xFB,0xFF,0x63,0xF9,0xFF,0x53,0x01,0x80,0xAA,0x0A,0xB0,0x4A,0xD4,0x03,0x74,0x42,0xC0,0x01}},
    {871, 7, 0x0D, 3, 457, {-519448, -638095, -16111895}, {{11773, -179135, 1087360}, {11688, -178858, 1086719}}, {{-267, -615, 745}}, {0x67,0x73,0x00,0x0D,0xA3,0x4B,0xE0,0xC7,0x0D,0xD9,0xD3,0x4D,0x14,0xF6,0xB7,0x00,0x41,0x44,0x3D,0xE0,0x25,0x54,0xEF,0xFF,0x67,0xF6,0xFF,0xE9,0x02,0x00,0x6A,0x0B,0x60,0x55,0xD4,0xFF,0x53,0x42,0xC9,0x01}},
    {895, 7, 0x0D, 3, 448, {-519896, -638591, -16111395}, {{12219, -179456, 1088832}, {12371, -179285, 1088852}}, {{-89, -424, 594}}, {0x7F,0x73,0x00,0x0D,0xA3,0x44,0xE0,0x07,0x06,0xD9,0xBB,0x51,0x14,0xEE,0xBE,0x00,0x00,0x43,0x3D,0x50,0x27,0x74,0xFA,0xFF,0x63,0xF9,0xFF,0x52,0x02,0xC0,0x14,0x0C,0xB0,0x3A,0xD4,0x53,0x75,0x42,0xC0,0x01}},
    {925, 7, 0x0D, 3, 457, {-520320, -639259, -16110719}, {{10942, -179580, 1087616}, {10749, -179454, 1088000}}, {{-256, -432, 321}}, {0x9D,0x73,0x00,0x0D,0x03,0x3E,0xE0,0x97,0xFB,0xD8,0x03,0x57,0x14,0xFA,0xAA,0x00,0x84,0x42,0x3D,0x20,0x26,0x04,0xF0,0xFF,0x43,0xF9,0xFF,0x41,0x01,0x40,0x7F,0x0A,0x20,0x30,0xD4,0x03,0x68,0x42,0xC9,0x01}},
    {949, 7, 0x0D, 3, 457, {-520712, -639603, -16110151}, {{11069, -179518, 1087936}, {11518, -179711, 1087914}}, {{-102, -353, 668}}, {0xB5,0x73,0x00,0x0D,0xE3,0x37,0xE0,0x37,0xF6,0xD8,0x73,0x5B,0x14,0xF6,0xAC,0x00,0xC2,0x42,0x3D,0x70,0x26,0xA4,0xF9,0xFF,0x7F,0xFA,0xFF,0x9C,0x02,0x80,0x3F,0x0B,0x10,0x20,0xD4,0xAB,0x66,0x42,0xC9,0x01}},
    {960, 7, 0x0D, 3, 448, {-520872, -639827, -16109871}, {{10365, -179647, 1088640}, {10494, -179541, 1087999}}, {{-17, -428, 671}}, {0xC0,0x73,0x00,0x0D,0x63,0x35,0xE0,0xB7,0xF2,0xD8,0xA3,0x5D,0x14,0xF6,0xA1,0x00,0x41,0x42,0x3D,0x20,0x27,0xF4,0xFE,0xFF,0x53,0xF9,0xFF,0x9F,0x02,0x80,0x3F,0x0A,0xB0,0x2A,0xD4,0xFF,0x67,0x42,0xC0,0x01}},
    {984, 7, 0x0D, 3, 466, {-521240, -640387, -16109455}, {{10491, -179838, 1088064}, {10664, -179710, 1088341}}, {{-356, -514, 412}}, {0xD8,0x73,0x00,0x0D,0xA3,0x2F,0xE0,0xF7,0xE9,0xD8,0xE3,0x60,0x14,0xEE,0xA3,0x00,0x82,0x41,0x3D,0x90,0x26,0xC4,0xE9,0xFF,0xFB,0xF7,0xFF,0x9C,0x01,0x00,0x6A,0x0A,0x20,0x20,0xD4,0x57,0x6D,0x42,0xD2,0x01}},
    {1014, 7, 0x0D, 3, 457, {-521776, -641039, -16108851}, {{10235, -179778, 1087872}, {10152, -179712, 1087999}}, {{4, -501, 502}}, {0xF6,0x73,0x00,0x0D,0x43,0x27,0xE0,0xC7,0xDF,0xD8,0x9B,0x65,0x14,0xEE,0x9F,0x00,0xBE,0x41,0x3D,0x60,0x26,0x44,0x00,0x00,0x2C,0xF8,0xFF,0xF6,0x01,0x00,0xEA,0x09,0x00,0x20,0xD4,0xFF,0x67,0x42,0xC9,0x01}},
    {1038, 7, 0x0D, 3, 448, {-522016, -641559, -16108335}, {{10810, -178814, 1087488}, {10749, -178601, 1087914}}, {{-267, -518, 432}}, {0x0E,0x74,0x00,0x0D,0x83,0x23,0xE0,0xA7,0xD7,0xD8,0xA3,0x69,0x14,0xEA,0xA8,0x00,0x82,0x45,0x3D,0x00,0x26,0x54,0xEF,0xFF,0xEB,0xF7,0xFF,0xB0,0x01,0x40,0x7F,0x0A,0x70,0x65,0xD4,0xAB,0x66,0x42,0xC0,0x01}},
    {1068, 7, 0x0D, 3, 448, {-522552, -642231, -16107719}, {{11195, -179582, 1087616}, {11605, -179453, 1088085}}, {{-333, -262, 600}}, {0x2C,0x74,0x00,0x0D,0x23,0x1B,0xE0,0x27,0xCD,0xD8,0x73,0x6E,0x14,0xEE,0xAE,0x00,0x82,0x42,0x3D,0x20,0x26,0x34,0xEB,0xFF,0xEB,0xFB,0xFF,0x58,0x02,0x40,0x55,0x0B,0x30,0x30,0xD4,0x57,0x69,0x42,0xC0,0x01}},
    {1092, 7, 0x0D, 3, 466, {-523008, -642623, -16107151}, {{11390, -179455, 1088896}, {11261, -179370, 1088170}}, {{-93, -596, 517}}, {0x44,0x74,0x00,0x0D,0x03,0x14,0xE0,0x07,0xC7,0xD8,0xE3,0x72,0x14,0xFA,0xB1,0x00,0x01,0x43,0x3D,0x60,0x27,0x34,0xFA,0xFF,0xB3,0xF6,0xFF,0x05,0x02,0x40,0xFF,0x0A,0x60,0x35,0xD4,0xAB,0x6A,0x42,0xD2,0x01}},
    {1103, 7, 0x0D, 3, 448, {-523288, -642903, -16106959}, {{11580, -179133, 1088192}, {11687, -179964, 1087488}}, {{-531, -528, 494}}, {0x4F,0x74,0x00,0x0D,0xA3,0x0F,0xE0,0xA7,0xC2,0xD8,0x63,0x74,0x14,0xF2,0xB4,0x00,0x43,0x44,0x3D,0xB0,0x26,0xD4,0xDE,0xFF,0xC3,0xF7,0xFF,0xEE,0x01,0xC0,0x69,0x0B,0x40,0x10,0xD4,0x03,0x60,0x42,0xC0,0x01}},
    {1127, 7, 0x0D, 3, 457, {-523760, -643343, -16106503}, {{11518, -179775, 1087424}, {11433, -179625, 1087572}}, {{-352, -513, 582}}, {0x67,0x74,0x00,0x0D,0x43,0x08,0xE0,0xC7,0xBB,0xD8,0xF3,0x77,0x14,0xFA,0xB3,0x00,0xC1,0x41,0x3D,0xF0,0x25,0x04,0xEA,0xFF,0xFF,0xF7,0xFF,0x46,0x02,0x40,0x2A,0x0B,0x70,0x25,0xD4,0x53,0x61,0x42,0xC9,0x01}},
    {1157, 7, 0x0D, 3, 466, {-524680, -643911, -16105931}, {{11391, -179387, 1088704}, {11521, -179626, 1088171}}, {{-336, -1, 757}}, {0x85,0x74,0x00,0x0D,0xE3,0xF9,0xDF,0xE7,0xB2,0xD8,0x6B,0x7C,0x14,0xFE,0xB1,0x00,0x45,0x43,0x3D,0x30,0x27,0x04,0xEB,0xFF,0xFF,0xFF,0xFF,0xF5,0x02,0x40,0x40,0x0B,0x60,0x25,0xD4,0xAF,0x6A,0x42,0xD2,0x01}},
    {1181, 7, 0x0D, 3, 466, {-525120, -644279, -16105295}, {{11132, -179198, 1088448}, {11262, -179284, 1087743}}, {{-97, -595, 498}}, {0x9D,0x74,0x00,0x0D,0x03,0xF3,0xDF,0x27,0xAD,0xD8,0x63,0x81,0x14,0xF2,0xAD,0x00,0x02,0x44,0x3D,0xF0,0x26,0xF4,0xF9,0xFF,0xB7,0xF6,0xFF,0xF2,0x01,0x80,0xFF,0x0A,0xC0,0x3A,0xD4,0xFF,0x63,0x42,0xD2,0x01}},
    {1211, 7, 0x0D, 3, 457, {-525408, -645043, -16104571}, {{11193, -179456, 1087999}, {11175, -179201, 1087573}}, {{87, -785, 318}}, {0xBB,0x74,0x00,0x0D,0x83,0xEE,0xDF,0x37,0xA1,0xD8,0x0B,0x87,0x14,0xE6,0xAE,0x00,0x00,0x43,0xFD,0x7F,0x26,0x74,0x05,0x00,0xBC,0xF3,0xFF,0x3E,0x01,0xC0,0xE9,0x0A,0xF0,0x3F,0xD4,0x57,0x61,0x42,0xC9,0x01}},
    {1222, 7, 0x0D, 3, 448, {-525648, -645335, -16104315}, {{11198, -179197, 1087552}, {11688, -179967, 1087572}}, {{-177, -527, 413}}, {0xC6,0x74,0x00,0x0D,0xC3,0xEA,0xDF,0xA7,0x9C,0xD8,0x0B,0x89,0x14,0xFA,0xAE,0x00,0x03,0x44,0x3D,0x10,0x26,0xF4,0xF4,0xFF,0xC7,0xF7,0xFF,0x9D,0x01,0x00,0x6A,0x0B,0x10,0x10,0xD4,0x53,0x61,0x42,0xC0,0x01}},
    {1235, 7, 0x0D, 3, 448, {-525784, -645591, -16104055}, {{11132, -179135, 1087488}, {10836, -179454, 1087487}}, {{-338, -356, 831}}, {0xD3,0x74,0x00,0x0D,0xA3,0xE8,0xDF,0xA7,0x98,0xD8,0x13,0x8B,0x14,0xF2,0xAD,0x00,0x41,0x44,0x3D,0x00,0x26,0xE4,0xEA,0xFF,0x73,0xFA,0xFF,0x3F,0x03,0x00,0x95,0x0A,0x20,0x30,0xD4,0xFF,0x5F,0x42,0xC0,0x01}},
    {1246, 7, 0x0D, 3, 457, {-526080, -645727, -16103815}, {{11006, -180030, 1088640}, {10837, -180137, 1088597}}, {{-348, -183, 167}}, {0xDE,0x74,0x00,0x0D,0x03,0xE4,0xDF,0x87,0x96,0xD8,0xF3,0x8C,0x14,0xFA,0xAB,0x00,0xC2,0x40,0x3D,0x20,0x27,0x44,0xEA,0xFF,0x27,0xFD,0xFF,0xA7,0x00,0x40,0x95,0x0A,0x70,0x05,0xD4,0x57,0x71,0x42,0xC9,0x01}},
    {3459, 7, 0x0D, 3, 448, {-556016, -551931, -16273783}, {{11646, -179262, 1088704}, {11606, -179455, 1088853}}, {{-169, -75, 407}}, {0x83,0x7D,0x00,0x0D,0x43,0x10,0xDE,0x17,0x50,0xDE,0x13,0x5D,0x0F,0xFA,0xB5,0x00,0xC2,0x43,0x3D,0x30,0x27,0x74,0xF5,0xFF,0xD7,0xFE,0xFF,0x97,0x01,0x80,0x55,0x0B,0x10,0x30,0xD4,0x57,0x75,0x42,0xC0,0x01}},
    {3483, 7, 0x0D, 3, 448, {-556384, -552351, -16273235}, {{10046, -180479, 1088768}, {10238, -180394, 1088597}}, {{-256, -249, 242}}, {0x9B,0x7D,0x00,0x0D,0x83,0x0A,0xDE,0x87,0x49,0xDE,0x5B,0x61,0x0F,0xFA,0x9C,0x00,0x01,0x3F,0x3D,0x40,0x27,0x04,0xF0,0xFF,0x1F,0xFC,0xFF,0xF2,0x00,0x80,0xFF,0x09,0x60,0xF5,0xD3,0x57,0x71,0x42,0xC0,0x01}},
    {3507, 7, 0x0D, 3, 448, {-556656, -552751, -16272843}, {{11840, -179516, 1089024}, {11945, -179967, 1089622}}, {{-163, -249, 766}}, {0xB3,0x7D,0x00,0x0D,0x43,0x06,0xDE,0x47,0x43,0xDE,0x6B,0x64,0x0F,0x02,0xB9,0x00,0xC4,0x42,0x3D,0x80,0x27,0xD4,0xF5,0xFF,0x1F,0xFC,0xFF,0xFE,0x02,0x40,0xAA,0x0B,0x10,0x10,0xD4,0x5B,0x81,0x42,0xC0,0x01}},
    {3537, 7, 0x0D, 3, 448, {-557080, -553291, -16272047}, {{11388, -179646, 1088384}, {11602, -179625, 1088511}}, {{-416, -681, 850}}, {0xD1,0x7D,0x00,0x0D,0xA3,0xFF,0xDD,0xD7,0x3A,0xDE,0xA3,0x6A,0x0F,0xF2,0xB1,0x00,0x42,0x42,0x3D,0xE0,0x26,0x04,0xE6,0xFF,0x5F,0xF5,0xFF,0x52,0x03,0x80,0x54,0x0B,0x70,0x25,0xD4,0xFF,0x6F,0x42,0xC0,0x01}},
    {3548, 7, 0x0D, 3, 448, {-557416, -553547, -16271803}, {{11005, -180030, 1088768}, {11261, -180138, 1088853}}, {{-162, -441, 259}}, {0xDC,0x7D,0x00,0x0D,0x63,0xFA,0xDD,0xD7,0x36,0xDE,0x8B,0x6C,0x0F,0xF6,0xAB,0x00,0xC2,0x40,0x3D,0x40,0x27,0xE4,0xF5,0xFF,0x1F,0xF9,0xFF,0x03,0x01,0x40,0xFF,0x0A,0x60,0x05,0xD4,0x57,0x75,0x42,0xC0,0x01}},
    {3561, 7, 0x0D, 3, 448, {-557792, -553775, -16271659}, {{10877, -180029, 1089792}, {10835, -179965, 1088768}}, {{-419, -432, 420}}, {0xE9,0x7D,0x00,0x0D,0x83,0xF4,0xDD,0x47,0x33,0xDE,0xAB,0x6D,0x0F,0xF6,0xA9,0x00,0xC3,0x40,0x3D,0x40,0x28,0xD4,0xE5,0xFF,0x43,0xF9,0xFF,0xA4,0x01,0xC0,0x94,0x0A,0x30,0x10,0xD4,0x03,0x74,0x42,0xC0,0x01}},
    {3572, 7, 0x0D, 3, 448, {-557968, -553955, -16271503}, {{11199, -179264, 1088959}, {11176, -178941, 1088939}}, {{-342, -593, 340}}, {0xF4,0x7D,0x00,0x0D,0xC3,0xF1,0xDD,0x77,0x30,0xDE,0xE3,0x6E,0x0F,0xFE,0xAE,0x00,0xC0,0x43,0xFD,0x6F,0x27,0xA4,0xEA,0xFF,0xBF,0xF6,0xFF,0x54,0x01,0x00,0xEA,0x0A,0x30,0x50,0xD4,0xAF,0x76,0x42,0xC0,0x01}},
    {3602, 7, 0x0D, 3, 448, {-558704, -554503, -16270991}, {{11262, -179647, 1089280}, {11260, -179199, 1089024}}, {{-95, -780, 248}}, {0x12,0x7E,0x00,0x0D,0x43,0xE6,0xDD,0xE7,0x27,0xDE,0xE3,0x72,0x0F,0xFA,0xAF,0x00,0x41,0x42,0x3D,0xC0,0x27,0x14,0xFA,0xFF,0xD3,0xF3,0xFF,0xF8,0x00,0x00,0xFF,0x0A,0x10,0x40,0xD4,0x03,0x78,0x42,0xC0,0x01}},
    {3626, 7, 0x0D, 3, 448, {-559088, -554971, -16270499}, {{11069, -178753, 1089343}, {11604, -179197, 1089366}}, {{-266, -343, 684}}, {0x2A,0x7E,0x00,0x0D,0x43,0xE0,0xDD,0x97,0x20,0xDE,0xBB,0x76,0x0F,0xF6,0xAC,0x00,0xBF,0x45,0xFD,0xCF,0x27,0x64,0xEF,0xFF,0xA7,0xFA,0xFF,0xAC,0x02,0x00,0x55,0x0B,0x30,0x40,0xD4,0x5B,0x7D,0x42,0xC0,0x01}},
    {3656, 7, 0x0D, 3, 448, {-559712, -555531, -16270007}, {{11134, -179710, 1088384}, {11178, -179795, 1088171}}, {{-268, -253, 249}}, {0x48,0x7E,0x00,0x0D,0x83,0xD6,0xDD,0xD7,0x17,0xDE,0x93,0x7A,0x0F,0xFA,0xAD,0x00,0x02,0x42,0x3D,0xE0,0x26,0x44,0xEF,0xFF,0x0F,0xFC,0xFF,0xF9,0x00,0x80,0xEA,0x0A,0xD0,0x1A,0xD4,0xAF,0x6A,0x42,0xC0,0x01}},
    {3680, 7, 0x0D, 3, 448, {-560448, -555959, -16269643}, {{11517, -179837, 1088000}, {11262, -180052, 1088852}}, {{-98, -437, 332}}, {0x60,0x7E,0x00,0x0D,0x03,0xCB,0xDD,0x27,0x11,0xDE,0x6B,0x7D,0x0F,0xF6,0xB3,0x00,0x83,0x41,0x3D,0x80,0x26,0xE4,0xF9,0xFF,0x2F,0xF9,0xFF,0x4C,0x01,0x80,0xFF,0x0A,0xC0,0x0A,0xD4,0x53,0x75,0x42,0xC0,0x01}},
    {3691, 7, 0x0D, 3, 448, {-560576, -556175, -16269575}, {{11260, -179134, 1088448}, {11261, -179369, 1087999}}, {{-174, -499, 166}}, {0x6B,0x7E,0x00,0x0D,0x03,0xC9,0xDD,0xC7,0x0D,0xDE,0xF3,0x7D,0x0F,0xF2,0xAF,0x00,0x42,0x44,0x3D,0xF0,0x26,0x24,0xF5,0xFF,0x37,0xF8,0xFF,0xA6,0x00,0x40,0xFF,0x0A,0x70,0x35,0xD4,0xFF,0x67,0x42,0xC0,0x01}},
    {3715, 7, 0x0D, 3, 448, {-560744, -556563, -16269371}, {{11903, -179007, 1088960}, {12285, -179197, 1089280}}, {{-603, -517, 429}}, {0x83,0x7E,0x00,0x0D,0x63,0xC6,0xDD,0xB7,0x07,0xDE,0x8B,0x7F,0x0F,0xFE,0xB9,0x00,0xC1,0x44,0x3D,0x70,0x27,0x54,0xDA,0xFF,0xEF,0xF7,0xFF,0xAD,0x01,0x40,0xFF,0x0B,0x30,0x40,0xD4,0x03,0x7C,0x42,0xC0,0x01}},
    {3745, 7, 0x0D, 3, 448, {-561224, -557335, -16268851}, {{11452, -178942, 1089088}, {11774, -179199, 1089108}}, {{-92, -418, 765}}, {0xA1,0x7E,0x00,0x0D,0xE3,0xBE,0xDD,0xA7,0xFB,0xDD,0x9B,0x83,0x0F,0xF2,0xB2,0x00,0x02,0x45,0x3D,0x90,0x27,0x44,0xFA,0xFF,0x7B,0xF9,0xFF,0xFD,0x02,0x80,0x7F,0x0B,0x10,0x40,0xD4,0x53,0x79,0x42,0xC0,0x01}},
    {3769, 7, 0x0D, 3, 448, {-561328, -558051, -16268291}, {{11387, -179264, 1089024}, {10920, -179456, 1088767}}, {{70, -611, 582}}, {0xB9,0x7E,0x00,0x0D,0x43,0xBD,0xDD,0x77,0xF0,0xDD,0xFB,0x87,0x0F,0xEE,0xB1,0x00,0xC0,0x43,0x3D,0x80,0x27,0x64,0x04,0x00,0x74,0xF6,0xFF,0x46,0x02,0x00,0xAA,0x0A,0x00,0x30,0xD4,0xFF,0x73,0x42,0xC0,0x01}},
    {3799, 7, 0x0D, 3, 448, {-561752, -558819, -16267671}, {{11579, -179005, 1089088}, {11774, -179709, 1089451}}, {{-341, -522, 247}}, {0xD7,0x7E,0x00,0x0D,0xA3,0xB6,0xDD,0x77,0xE4,0xDD,0xD3,0x8C,0x0F,0xEE,0xB4,0x00,0xC3,0x44,0x3D,0x90,0x27,0xB4,0xEA,0xFF,0xDB,0xF7,0xFF,0xF7,0x00,0x80,0x7F,0x0B,0x30,0x20,0xD4,0xAF,0x7E,0x42,0xC0,0x01}},
    {3823, 7, 0x0D, 3, 448, {-562312, -559223, -16267215}, {{11391, -179070, 1088768}, {11177, -178687, 1088341}}, {{-189, -513, 416}}, {0xEF,0x7E,0x00,0x0D,0xE3,0xAD,0xDD,0x27,0xDE,0xDD,0x63,0x90,0x0F,0xFE,0xB1,0x00,0x82,0x44,0x3D,0x40,0x27,0x34,0xF4,0xFF,0xFF,0xF7,0xFF,0xA0,0x01,0x40,0xEA,0x0A,0x10,0x60,0xD4,0x57,0x6D,0x42,0xC0,0x01}},
    {3834, 7, 0x0D, 3, 448, {-562448, -559479, -16266979}, {{11644, -179454, 1088768}, {11602, -179713, 1089023}}, {{413, -679, 167}}, {0xFA,0x7E,0x00,0x0D,0xC3,0xAB,0xDD,0x27,0xDA,0xDD,0x3B,0x92,0x0F,0xF2,0xB5,0x00,0x02,0x43,0x3D,0x40,0x27,0xD4,0x19,0x00,0x64,0xF5,0xFF,0xA7,0x00,0x80,0x54,0x0B,0xF0,0x1F,0xD4,0xFF,0x77,0x42,0xC0,0x01}},
    {3858, 7, 0x0D, 3, 448, {-562608, -560007, -16266503}, {{11260, -179712, 1087744}, {11006, -179710, 1088511}}, {{-83, -359, 336}}, {0x12,0x7F,0x00,0x0D,0x43,0xA9,0xDD,0xE7,0xD1,0xDD,0xF3,0x95,0x0F,0xF2,0xAF,0x00,0x00,0x42,0x3D,0x40,0x26,0xD4,0xFA,0xFF,0x67,0xFA,0xFF,0x50,0x01,0x80,0xBF,0x0A,0x20,0x20,0xD4,0xFF,0x6F,0x42,0xC0,0x01}},
    {1864, 7, 0x0D, 3, 457, {-490216, -659847, -16132295}, {{11518, -179646, 1088320}, {11772, -179454, 1089280}}, {{-187, -759, 242}}, {0x48,0x77,0x00,0x0D,0x63,0x14,0xE2,0xE7,0xB9,0xD7,0x73,0xAE,0x13,0xFA,0xB3,0x00,0x42,0x42,0x3D,0xD0,0x26,0x54,0xF4,0xFF,0x27,0xF4,0xFF,0xF2,0x00,0x00,0x7F,0x0B,0x20,0x30,0xD4,0x03,0x7C,0x42,0xC9,0x01}},
    {1894, 7, 0x0D, 3, 448, {-490616, -660483, -16131779}, {{11004, -179710, 1088512}, {11007, -179540, 1089109}}, {{-336, -265, 671}}, {0x66,0x77,0x00,0x0D,0x23,0x0E,0xE2,0xF7,0xAF,0xD7,0x7B,0xB2,0x13,0xF2,0xAB,0x00,0x02,0x42,0x3D,0x00,0x27,0x04,0xEB,0xFF,0xDF,0xFB,0xFF,0x9F,0x02,0xC0,0xBF,0x0A,0xC0,0x2A,0xD4,0x57,0x79,0x42,0xC0,0x01}},
    {1918, 7, 0x0D, 3, 448, {-490896, -660963, -16131183}, {{10426, -179902, 1089792}, {10836, -179712, 1090133}}, {{-245, -247, 491}}, {0x7E,0x77,0x00,0x0D,0xC3,0x09,0xE2,0x77,0xA8,0xD7,0x23,0xB7,0x13,0xEA,0xA2,0x00,0x42,0x41,0x3D,0x40,0x28,0xB4,0xF0,0xFF,0x27,0xFC,0xFF,0xEB,0x01,0x00,0x95,0x0A,0x00,0x20,0xD4,0x57,0x89,0x42,0xC0,0x01}},
    {1929, 7, 0x0D, 3, 448, {-491032, -661183, -16130927}, {{10300, -179713, 1088831}, {11175, -179626, 1089877}}, {{5, -610, 163}}, {0x89,0x77,0x00,0x0D,0xA3,0x07,0xE2,0x07,0xA5,0xD7,0x23,0xB9,0x13,0xF2,0xA0,0x00,0xFF,0x41,0xFD,0x4F,0x27,0x54,0x00,0x00,0x78,0xF6,0xFF,0xA3,0x00,0xC0,0xE9,0x0A,0x60,0x25,0xD4,0x57,0x85,0x42,0xC0,0x01}},
    {1953, 7, 0x0D, 3, 448, {-491456, -661735, -16130355}, {{12797, -179451, 1087552}, {11177, -180050, 1084161}}, {{-350, -585, 411}}, {0xA1,0x77,0x00,0x0D,0x03,0x01,0xE2,0x67,0x9C,0xD7,0x9B,0xBD,0x13,0xF6,0xC7,0x00,0x05,0x43,0x3D,0x10,0x26,0x24,0xEA,0xFF,0xDF,0xF6,0xFF,0x9B,0x01,0x40,0xEA,0x0A,0xE0,0x0A,0xD4,0x07,0x2C,0x42,0xC0,0x01}},
    {1983, 7, 0x0D, 3, 448, {-492032, -662383, -16129763}, {{9915, -178750, 1091328}, {10920, -179197, 1090815}}, {{-273, -187, -19}}, {0xBF,0x77,0x00,0x0D,0x03,0xF8,0xE1,0x47,0x92,0xD7,0x3B,0xC2,0x13,0xEE,0x9A,0x00,0xC2,0x45,0x3D,0xC0,0x29,0xF4,0xEE,0xFF,0x17,0xFD,0xFF,0xED,0xFF,0x3F,0xAA,0x0A,0x30,0x40,0xD4,0xFF,0x93,0x42,0xC0,0x01}},
    {2007, 7, 0x0D, 3, 448, {-492472, -662903, -16129395}, {{12603, -179454, 1087936}, {11175, -179370, 1086378}}, {{-2, -512, 407}}, {0xD7,0x77,0x00,0x0D,0x23,0xF1,0xE1,0x27,0x8A,0xD7,0x1B,0xC5,0x13,0xEE,0xC4,0x00,0x02,0x43,0x3D,0x70,0x26,0xE4,0xFF,0xFF,0x03,0xF8,0xFF,0x97,0x01,0xC0,0xE9,0x0A,0x60,0x35,0xD4,0xAB,0x4E,0x42,0xC0,0x01}},
    {2037, 7, 0x0D, 3, 457, {-492944, -663619, -16128891}, {{10622, -179708, 1089345}, {10664, -179029, 1088255}}, {{-20, -612, 325}}, {0xF5,0x77,0x00,0x0D,0xC3,0xE9,0xE1,0xF7,0x7E,0xD7,0x0B,0xC9,0x13,0xFA,0xA5,0x00,0x04,0x42,0x7D,0xD0,0x27,0xC4,0xFE,0xFF,0x73,0xF6,0xFF,0x45,0x01,0x00,0x6A,0x0A,0xB0,0x4A,0xD4,0xFF,0x6B,0x42,0xC9,0x01}},
    {2048, 7, 0x0D, 3, 457, {-493032, -663923, -16128655}, {{10746, -179199, 1091456}, {10582, -179027, 1090303}}, {{-177, -158, 509}}, {0x00,0x78,0x00,0x0D,0x63,0xE8,0xE1,0x37,0x7A,0xD7,0xE3,0xCA,0x13,0xEA,0xA7,0x00,0x01,0x44,0x3D,0xE0,0x29,0xF4,0xF4,0xFF,0x8B,0xFD,0xFF,0xFD,0x01,0x80,0x55,0x0A,0xD0,0x4A,0xD4,0xFF,0x8B,0x42,0xC9,0x01}},
    {2061, 7, 0x0D, 3, 457, {-493416, -664159, -16128435}, {{10492, -178877, 1087936}, {10153, -179029, 1088512}}, {{10, -439, -91}}, {0x0D,0x78,0x00,0x0D,0x63,0xE2,0xE1,0x87,0x76,0xD7,0x9B,0xCC,0x13,0xF2,0xA3,0x00,0x43,0x45,0x3D,0x70,0x26,0xA4,0x00,0x00,0x24,0xF9,0xFF,0xA5,0xFF,0x7F,0xEA,0x09,0xB0,0x4A,0xD4,0x03,0x70,0x42,0xC9,0x01}},
    {2072, 7, 0x0D, 3, 448, {-493536, -664407, -16128311}, {{10940, -178814, 1088064}, {10836, -178856, 1088512}}, {{-264, -431, 594}}, {0x18,0x78,0x00,0x0D,0x83,0xE0,0xE1,0xA7,0x72,0xD7,0x93,0xCD,0x13,0xF2,0xAA,0x00,0x82,0x45,0x3D,0x90,0x26,0x84,0xEF,0xFF,0x47,0xF9,0xFF,0x52,0x02,0x00,0x95,0x0A,0x80,0x55,0xD4,0x03,0x70,0x42,0xC0,0x01}},
    {2102, 7, 0x0D, 3, 448, {-494016, -665103, -16127771}, {{11130, -178433, 1081472}, {10579, -178349, 1084671}}, {{414, -423, 663}}, {0x36,0x78,0x00,0x0D,0x03,0xD9,0xE1,0xC7,0x67,0xD7,0xCB,0xD1,0x13,0xEA,0xAD,0x00,0xFF,0x46,0x3D,0x20,0x20,0xE4,0x19,0x00,0x64,0xF9,0xFF,0x97,0x02,0xC0,0x54,0x0A,0x30,0x75,0xD4,0xFF,0x33,0x42,0xC0,0x01}},
    {2126, 7, 0x0D, 3, 448, {-494328, -665551, -16127367}, {{11581, -179580, 1094848}, {12030, -178682, 1089536}}, {{-945, -338, 233}}, {0x4E,0x78,0x00,0x0D,0x23,0xD4,0xE1,0xC7,0x60,0xD7,0xF3,0xD4,0x13,0xF6,0xB4,0x00,0x84,0x42,0x3D,0x30,0x2D,0xF4,0xC4,0xFF,0xBB,0xFA,0xFF,0xE9,0x00,0x80,0xBF,0x0B,0x60,0x60,0xD4,0x03,0x80,0x42,0xC0,0x01}},
    {2156, 7, 0x0D, 3, 457, {-495232, -666107, -16126719}, {{10813, -179198, 1087104}, {11178, -178771, 1086719}}, {{-261, -252, 679}}, {0x6C,0x78,0x00,0x0D,0x03,0xC6,0xE1,0x17,0x58,0xD7,0x03,0xDA,0x13,0xF6,0xA8,0x00,0x02,0x44,0x3D,0xA0,0x25,0xB4,0xEF,0xFF,0x13,0xFC,0xFF,0xA7,0x02,0x80,0xEA,0x0A,0xD0,0x5A,0xD4,0xFF,0x53,0x42,0xC9,0x01}},
    {2180, 7, 0x0D, 3, 448, {-495720, -666679, -16126215}, {{11068, -179262, 1089472}, {11435, -178260, 1087146}}, {{-176, -258, 749}}, {0x84,0x78,0x00,0x0D,0x63,0xBE,0xE1,0x27,0x4F,0xD7,0xF3,0xDD,0x13,0xF2,0xAC,0x00,0xC2,0x43,0x3D,0xF0,0x27,0x04,0xF5,0xFF,0xFB,0xFB,0xFF,0xED,0x02,0xC0,0x2A,0x0B,0xC0,0x7A,0xD4,0xAB,0x5A,0x42,0xC0,0x01}},
    {2191, 7, 0x0D, 3, 457, {-495864, -666891, -16125923}, {{11516, -179903, 1091200}, {11519, -180308, 1091328}}, {{-250, -337, 574}}, {0x8F,0x78,0x00,0x0D,0x23,0xBC,0xE1,0xD7,0x4B,0xD7,0x3B,0xE0,0x13,0xF2,0xB3,0x00,0x41,0x41,0x3D,0xA0,0x29,0x64,0xF0,0xFF,0xBF,0xFA,0xFF,0x3E,0x02,0xC0,0x3F,0x0B,0xC0,0xFA,0xD3,0x03,0x9C,0x42,0xC9,0x01}},
    {2204, 7, 0x0D, 3, 448, {-495896, -667031, -16125667}, {{11328, -179970, 1086399}, {10751, -180394, 1089792}}, {{-249, -269, 597}}, {0x9C,0x78,0x00,0x0D,0xA3,0xBB,0xE1,0xA7,0x49,0xD7,0x3B,0xE2,0x13,0x02,0xB1,0x00,0xFE,0x40,0xFD,0xEF,0x24,0x74,0xF0,0xFF,0xCF,0xFB,0xFF,0x55,0x02,0xC0,0x7F,0x0A,0x60,0xF5,0xD3,0x03,0x84,0x42,0xC0,0x01}},
    {2215, 7, 0x0D, 3, 448, {-496048, -667323, -16125407}, {{10810, -179391, 1088640}, {10407, -178688, 1087402}}, {{-3, -681, 672}}, {0xA7,0x78,0x00,0x0D,0x43,0xB9,0xE1,0x17,0x45,0xD7,0x43,0xE4,0x13,0xEA,0xA8,0x00,0x41,0x43,0x3D,0x20,0x27,0xD4,0xFF,0xFF,0x5F,0xF5,0xFF,0xA0,0x02,0xC0,0x29,0x0A,0x00,0x60,0xD4,0xAB,0x5E,0x42,0xC0,0x01}},
    {2245, 7, 0x0D, 3, 448, {-496728, -667983, -16124615}, {{10878, -178878, 1087744}, {10834, -179626, 1088511}}, {{-15, -607, 324}}, {0xC5,0x78,0x00,0x0D,0xA3,0xAE,0xE1,0xC7,0x3A,0xD7,0x73,0xEA,0x13,0xFA,0xA9,0x00,0x42,0x45,0x3D,0x40,0x26,0x14,0xFF,0xFF,0x87,0xF6,0xFF,0x44,0x01,0x80,0x94,0x0A,0x60,0x25,0xD4,0xFF,0x6F,0x42,0xC0,0x01}},
    {2269, 7, 0x0D, 3, 457, {-497336, -668447, -16124175}, {{10622, -179070, 1084160}, {10923, -179711, 1088938}}, {{-338, -12, 345}}, {0xDD,0x78,0x00,0x0D,0x23,0xA5,0xE1,0x87,0x33,0xD7,0xE3,0xED,0x13,0xFA,0xA5,0x00,0x82,0x44,0x3D,0xC0,0x22,0xE4,0xEA,0xFF,0xD3,0xFF,0xFF,0x59,0x01,0xC0,0xAA,0x0A,0x10,0x20,0xD4,0xAB,0x76,0x42,0xC9,0x01}},
    {2299, 7, 0x0D, 3, 448, {-497864, -668895, -16123539}, {{11643, -179196, 1088384}, {10237, -180734, 1087062}}, {{-346, -613, 758}}, {0xFB,0x78,0x00,0x0D,0xE3,0x9C,0xE1,0x87,0x2C,0xD7,0xDB,0xF2,0x13,0xEE,0xB5,0x00,0x04,0x44,0x3D,0xE0,0x26,0x64,0xEA,0xFF,0x6F,0xF6,0xFF,0xF6,0x02,0x40,0xFF,0x09,0x20,0xE0,0xD3,0x5B,0x59,0x42,0xC0,0x01}},
    {2323, 7, 0x0D, 3, 448, {-498616, -669283, -16122943}, {{11133, -179517, 1087936}, {11860, -179114, 1088085}}, {{-190, -171, 498}}, {0x13,0x79,0x00,0x0D,0x23,0x91,0xE1,0x77,0x26,0xD7,0x83,0xF7,0x13,0xF6,0xAD,0x00,0xC3,0x42,0x3D,0x70,0x26,0x24,0xF4,0xFF,0x57,0xFD,0xFF,0xF2,0x01,0x00,0x95,0x0B,0x60,0x45,0xD4,0x57,0x69,0x42,0xC0,0x01}},
    {2334, 7, 0x0D, 3, 448, {-498720, -669439, -16122663}, {{10621, -179135, 1088383}, {10409, -178942, 1089622}}, {{-258, -588, 500}}, {0x1E,0x79,0x00,0x0D,0x83,0x8F,0xE1,0x07,0x24,0xD7,0xB3,0xF9,0x13,0xF6,0xA5,0x00,0x41,0x44,0xFD,0xDF,0x26,0xE4,0xEF,0xFF,0xD3,0xF6,0xFF,0xF4,0x01,0x40,0x2A,0x0A,0x20,0x50,0xD4,0x5B,0x81,0x42,0xC0,0x01}},
    {2358, 7, 0x0D, 3, 448, {-499128, -670051, -16122015}, {{10302, -178943, 1087744}, {10237, -178855, 1088084}}, {{-423, -343, 259}}, {0x36,0x79,0x00,0x0D,0x23,0x89,0xE1,0x77,0x1A,0xD7,0xC3,0xFE,0x13,0xFA,0xA0,0x00,0x01,0x45,0x3D,0x40,0x26,0x94,0xE5,0xFF,0xA7,0xFA,0xFF,0x03,0x01,0x40,0xFF,0x09,0x90,0x55,0xD4,0x53,0x69,0x42,0xC0,0x01}},
    {2388, 7, 0x0D, 3, 448, {-499664, -670511, -16121571}, {{11389, -179327, 1088511}, {11006, -178515, 1088171}}, {{-338, -442, 510}}, {0x54,0x79,0x00,0x0D,0xC3,0x80,0xE1,0x47,0x13,0xD7,0x3B,0x02,0x14,0xF6,0xB1,0x00,0x81,0x43,0xFD,0xFF,0x26,0xE4,0xEA,0xFF,0x1B,0xF9,0xFF,0xFE,0x01,0x80,0xBF,0x0A,0xD0,0x6A,0xD4,0xAF,0x6A,0x42,0xC0,0x01}},
    {2412, 7, 0x0D, 3, 448, {-500040, -670923, -16120935}, {{10364, -178625, 1089152}, {10666, -179708, 1089877}}, {{-426, -434, 682}}, {0x6C,0x79,0x00,0x0D,0xE3,0x7A,0xE1,0xD7,0x0C,0xD7,0x33,0x07,0x14,0xF2,0xA1,0x00,0x3F,0x46,0x3D,0xA0,0x27,0x64,0xE5,0xFF,0x3B,0xF9,0xFF,0xAA,0x02,0x80,0x6A,0x0A,0x40,0x20,0xD4,0x57,0x85,0x42,0xC0,0x01}},
    {2442, 7, 0x0D, 3, 457, {-500696, -671631, -16120143}, {{11264, -179198, 1088320}, {11178, -179710, 1088682}}, {{-344, -243, 763}}, {0x8A,0x79,0x00,0x0D,0xA3,0x70,0xE1,0xC7,0x01,0xD7,0x63,0x0D,0x14,0x02,0xB0,0x00,0x02,0x44,0x3D,0xD0,0x26,0x84,0xEA,0xFF,0x37,0xFC,0xFF,0xFB,0x02,0x80,0xEA,0x0A,0x20,0x20,0xD4,0xAB,0x72,0x42,0xC9,0x01}},
    {2466, 7, 0x0D, 3, 448, {-501248, -672011, -16119543}, {{11645, -180351, 1088192}, {11349, -180478, 1088255}}, {{-272, -423, 496}}, {0xA2,0x79,0x00,0x0D,0x03,0x68,0xE1,0xD7,0xFB,0xD6,0x13,0x12,0x14,0xF6,0xB5,0x00,0x81,0x3F,0x3D,0xB0,0x26,0x04,0xEF,0xFF,0x67,0xF9,0xFF,0xF0,0x01,0x40,0x15,0x0B,0x20,0xF0,0xD3,0xFF,0x6B,0x42,0xC0,0x01}},
    {2477, 7, 0x0D, 3, 448, {-501544, -672259, -16119299}, {{11067, -179646, 1088704}, {11004, -179627, 1089621}}, {{3, -765, 238}}, {0xAD,0x79,0x00,0x0D,0x63,0x63,0xE1,0xF7,0xF7,0xD6,0xFB,0x13,0x14,0xEE,0xAC,0x00,0x42,0x42,0x3D,0x30,0x27,0x34,0x00,0x00,0x0C,0xF4,0xFF,0xEE,0x00,0x00,0xBF,0x0A,0x50,0x25,0xD4,0x57,0x81,0x42,0xC0,0x01}},
    {2501, 7, 0x0D, 3, 457, {-502208, -672799, -16118835}, {{10939, -178620, 1089280}, {11007, -179368, 1090304}}, {{-432, -529, 581}}, {0xC5,0x79,0x00,0x0D,0x03,0x59,0xE1,0x87,0xEF,0xD6,0x9B,0x17,0x14,0xEE,0xAA,0x00,0x44,0x46,0x3D,0xC0,0x27,0x04,0xE5,0xFF,0xBF,0xF7,0xFF,0x45,0x02,0xC0,0xBF,0x0A,0x80,0x35,0xD4,0x03,0x8C,0x42,0xC9,0x01}},
    {2531, 7, 0x0D, 3, 457, {-502928, -673611, -16118315}, {{11003, -179197, 1088192}, {11262, -178772, 1088939}}, {{-249, -526, 774}}, {0xE3,0x79,0x00,0x0D,0xC3,0x4D,0xE1,0xD7,0xE2,0xD6,0xAB,0x1B,0x14,0xEE,0xAB,0x00,0x03,0x44,0x3D,0xB0,0x26,0x74,0xF0,0xFF,0xCB,0xF7,0xFF,0x06,0x03,0x80,0xFF,0x0A,0xC0,0x5A,0xD4,0xAF,0x76,0x42,0xC9,0x01}},
    {2555, 7, 0x0D, 3, 448, {-503728, -674223, -16117727}, {{10940, -180413, 1088576}, {11005, -180223, 1089194}}, {{-183, -687, 416}}, {0xFB,0x79,0x00,0x0D,0x43,0x41,0xE1,0x47,0xD9,0xD6,0x43,0x20,0x14,0xF2,0xAA,0x00,0x43,0x3F,0x3D,0x10,0x27,0x94,0xF4,0xFF,0x47,0xF5,0xFF,0xA0,0x01,0x40,0xBF,0x0A,0x10,0x00,0xD4,0xAB,0x7A,0x42,0xC0,0x01}},
    {2585, 7, 0x0D, 3, 457, {-504264, -674963, -16117023}, {{11518, -178752, 1088255}, {11517, -178687, 1087914}}, {{-11, -672, 591}}, {0x19,0x7A,0x00,0x0D,0xE3,0x38,0xE1,0xB7,0xCD,0xD6,0xC3,0x25,0x14,0xFA,0xB3,0x00,0xC0,0x45,0xFD,0xBF,0x26,0x54,0xFF,0xFF,0x83,0xF5,0xFF,0x4F,0x02,0x40,0x3F,0x0B,0x10,0x60,0xD4,0xAB,0x66,0x42,0xC9,0x01}},
    {2609, 7, 0x0D, 3, 448, {-504768, -675487, -16116387}, {{11004, -179389, 1088896}, {11263, -179711, 1088768}}, {{-89, -345, 757}}, {0x31,0x7A,0x00,0x0D,0x03,0x31,0xE1,0x87,0xC5,0xD6,0xBB,0x2A,0x14,0xF2,0xAB,0x00,0x43,0x43,0x3D,0x60,0x27,0x74,0xFA,0xFF,0x9F,0xFA,0xFF,0xF5,0x02,0xC0,0xFF,0x0A,0x10,0x20,0xD4,0x03,0x74,0x42,0xC0,0x01}},
    {2925, 7, 0x0D, 3, 475, {-1160536, -1542299, -15192047}, {{9147, -182529, 1087231}, {9385, -181505, 1086975}}, {{242, -268, -517}}, {0x6D,0x7B,0x00,0x0D,0xA3,0x2A,0xB9,0x97,0xDD,0xA1,0x23,0x60,0x30,0xEE,0x8E,0x00,0xFF,0x36,0xFD,0xBF,0x25,0x24,0x0F,0x00,0xD0,0xFB,0xFF,0xFB,0xFD,0x7F,0x2A,0x09,0xF0,0xAF,0xD3,0xFF,0x57,0x42,0xDB,0x01}},
    {2936, 7, 0x0D, 3, 475, {-1160440, -1542423, -15192095}, {{11133, -179649, 1089215}, {11775, -178689, 1089109}}, {{260, -251, -6}}, {0x78,0x7B,0x00,0x0D,0x23,0x2C,0xB9,0xA7,0xDB,0xA1,0xC3,0x5F,0x30,0xF6,0xAD,0x00,0x3F,0x42,0xFD,0xAF,0x27,0x44,0x10,0x00,0x14,0xFC,0xFF,0xFA,0xFF,0xFF,0x7F,0x0B,0xF0,0x5F,0xD4,0x57,0x79,0x42,0xDB,0x01}},
    {2949, 7, 0x0D, 3, 484, {-1160224, -1542635, -15192031}, {{12094, -178176, 1088895}, {11861, -178773, 1088853}}, {{-18, -18, 237}}, {0x85,0x7B,0x00,0x0D,0x83,0x2F,0xB9,0x57,0xD8,0xA1,0x43,0x60,0x30,0xFA,0xBC,0x00,0x00,0x48,0xFD,0x5F,0x27,0xE4,0xFE,0xFF,0xBB,0xFF,0xFF,0xED,0x00,0x40,0x95,0x0B,0xB0,0x5A,0xD4,0x57,0x75,0x42,0xE4,0x01}},
    {2960, 7, 0x0D, 3, 448, {-1160416, -1542711, -15191915}, {{10367, -179645, 1087936}, {10237, -179540, 1087232}}, {{-90, -416, 338}}, {0x90,0x7B,0x00,0x0D,0x83,0x2C,0xB9,0x27,0xD7,0xA1,0x2B,0x61,0x30,0xFE,0xA1,0x00,0x43,0x42,0x3D,0x70,0x26,0x64,0xFA,0xFF,0x83,0xF9,0xFF,0x52,0x01,0x40,0xFF,0x09,0xC0,0x2A,0xD4,0x03,0x5C,0x42,0xC0,0x01}},
    {2990, 7, 0x0D, 3, 466, {-1160784, -1543155, -15191543}, {{12156, -175743, 1090368}, {12116, -176125, 1089109}}, {{-271, -350, 428}}, {0xAE,0x7B,0x00,0x0D,0xC3,0x26,0xB9,0x37,0xD0,0xA1,0x13,0x64,0x30,0xF2,0xBD,0x00,0x81,0x51,0x3D,0xD0,0x28,0x14,0xEF,0xFF,0x8B,0xFA,0xFF,0xAC,0x01,0x00,0xD5,0x0B,0x30,0x00,0xD5,0x57,0x79,0x42,0xD2,0x01}},
    {3014, 7, 0x0D, 3, 457, {-1161336, -1543595, -15191075}, {{11323, -178750, 1089664}, {11176, -178261, 1089963}}, {{-176, -526, 588}}, {0xC6,0x7B,0x00,0x0D,0x23,0x1E,0xB9,0x57,0xC9,0xA1,0xBB,0x67,0x30,0xEE,0xB0,0x00,0xC2,0x45,0x3D,0x20,0x28,0x04,0xF5,0xFF,0xCB,0xF7,0xFF,0x4C,0x02,0x00,0xEA,0x0A,0xB0,0x7A,0xD4,0xAF,0x86,0x42,0xC9,0x01}},
    {3044, 7, 0x0D, 3, 457, {-1162016, -1544195, -15190335}, {{11643, -180286, 1088192}, {11943, -179966, 1088597}}, {{-442, -584, 1005}}, {0xE4,0x7B,0x00,0x0D,0x83,0x13,0xB9,0xF7,0xBF,0xA1,0x83,0x6D,0x30,0xEE,0xB5,0x00,0xC2,0x3F,0x3D,0xB0,0x26,0x64,0xE4,0xFF,0xE3,0xF6,0xFF,0xED,0x03,0xC0,0xA9,0x0B,0x20,0x10,0xD4,0x57,0x71,0x42,0xC9,0x01}},
    {3068, 7, 0x0D, 3, 475, {-1162856, -1544739, -15189559}, {{10299, -179452, 1087808}, {10750, -179284, 1087744}}, {{-89, -518, 657}}, {0xFC,0x7B,0x00,0x0D,0x63,0x06,0xB9,0x77,0xB7,0xA1,0x93,0x73,0x30,0xEE,0xA0,0x00,0x04,0x43,0x3D,0x50,0x26,0x74,0xFA,0xFF,0xEB,0xF7,0xFF,0x91,0x02,0x80,0x7F,0x0A,0xC0,0x3A,0xD4,0x03,0x64,0x42,0xDB,0x01}},
    {3079, 7, 0x0D, 3, 457, {-1162952, -1544983, -15189295}, {{10363, -179326, 1089280}, {10835, -179199, 1088255}}, {{-252, -527, 665}}, {0x07,0x7C,0x00,0x0D,0xE3,0x04,0xB9,0xA7,0xB3,0xA1,0xA3,0x75,0x30,0xEE,0xA1,0x00,0x82,0x43,0x3D,0xC0,0x27,0x44,0xF0,0xFF,0xC7,0xF7,0xFF,0x99,0x02,0xC0,0x94,0x0A,0x10,0x40,0xD4,0xFF,0x6B,0x42,0xC9,0x01}},
    {3103, 7, 0x0D, 3, 493, {-1163536, -1545663, -15188731}, {{11517, -179645, 1089664}, {11007, -180052, 1088768}}, {{-102, -333, 663}}, {0x1F,0x7C,0x00,0x0D,0xC3,0xFB,0xB8,0x07,0xA9,0xA1,0x0B,0x7A,0x30,0xF6,0xB3,0x00,0x43,0x42,0x3D,0x20,0x28,0xA4,0xF9,0xFF,0xCF,0xFA,0xFF,0x97,0x02,0xC0,0xBF,0x0A,0xC0,0x0A,0xD4,0x03,0x74,0x42,0xED,0x01}},
    {3133, 7, 0x0D, 3, 484, {-1163952, -1546115, -15188111}, {{11902, -180032, 1088447}, {11265, -179799, 1089024}}, {{159, -81, 497}}, {0x3D,0x7C,0x00,0x0D,0x43,0xF5,0xB8,0xF7,0xA1,0xA1,0xE3,0x7E,0x30,0xFA,0xB9,0x00,0xC0,0x40,0xFD,0xEF,0x26,0xF4,0x09,0x00,0xBC,0xFE,0xFF,0xF1,0x01,0x40,0x00,0x0B,0x90,0x1A,0xD4,0x03,0x78,0x42,0xE4,0x01}},
    {3157, 7, 0x0D, 3, 466, {-1164008, -1546523, -15187395}, {{11326, -179201, 1088191}, {11262, -178858, 1088511}}, {{-260, -516, 578}}, {0x55,0x7C,0x00,0x0D,0x63,0xF4,0xB8,0x97,0x9B,0xA1,0x7B,0x84,0x30,0xFA,0xB0,0x00,0xFF,0x43,0xFD,0xAF,0x26,0xC4,0xEF,0xFF,0xF3,0xF7,0xFF,0x42,0x02,0x80,0xFF,0x0A,0x60,0x55,0xD4,0xFF,0x6F,0x42,0xD2,0x01}},
    {3187, 7, 0x0D, 3, 484, {-1164704, -1547035, -15186775}, {{11454, -179008, 1089023}, {11689, -178943, 1088854}}, {{-268, -415, 503}}, {0x73,0x7C,0x00,0x0D,0x83,0xE9,0xB8,0x97,0x93,0xA1,0x53,0x89,0x30,0xFA,0xB2,0x00,0xC0,0x44,0xFD,0x7F,0x27,0x44,0xEF,0xFF,0x87,0xF9,0xFF,0xF7,0x01,0x40,0x6A,0x0B,0x10,0x50,0xD4,0x5B,0x75,0x42,0xE4,0x01}},
    {3211, 7, 0x0D, 3, 502, {-1165120, -1547455, -15186211}, {{11262, -179009, 1088768}, {11090, -179199, 1088596}}, {{8, -502, 409}}, {0x8B,0x7C,0x00,0x0D,0x03,0xE3,0xB8,0x07,0x8D,0xA1,0xBB,0x8D,0x30,0xFA,0xAF,0x00,0xBF,0x44,0x3D,0x40,0x27,0x84,0x00,0x00,0x28,0xF8,0xFF,0x99,0x01,0x80,0xD4,0x0A,0x10,0x40,0xD4,0x53,0x71,0x42,0xF6,0x01}},
    {3222, 7, 0x0D, 3, 475, {-1165120, -1547663, -15185979}, {{11646, -179711, 1089280}, {12201, -180224, 1089109}}, {{-173, -414, 255}}, {0x96,0x7C,0x00,0x0D,0x03,0xE3,0xB8,0xC7,0x89,0xA1,0x8B,0x8F,0x30,0xFA,0xB5,0x00,0x01,0x42,0x3D,0xC0,0x27,0x34,0xF5,0xFF,0x8B,0xF9,0xFF,0xFF,0x00,0x40,0xEA,0x0B,0x00,0x00,0xD4,0x57,0x79,0x42,0xDB,0x01}},
    {3246, 7, 0x0D, 3, 466, {-1165296, -1548323, -15185555}, {{11194, -179775, 1088447}, {11176, -179710, 1088171}}, {{-273, -350, 585}}, {0xAE,0x7C,0x00,0x0D,0x43,0xE0,0xB8,0x77,0x7F,0xA1,0xDB,0x92,0x30,0xEA,0xAE,0x00,0xC1,0x41,0xFD,0xEF,0x26,0xF4,0xEE,0xFF,0x8B,0xFA,0xFF,0x49,0x02,0x00,0xEA,0x0A,0x20,0x20,0xD4,0xAF,0x6A,0x42,0xD2,0x01}},
    {3276, 7, 0x0D, 3, 484, {-1165936, -1548835, -15184763}, {{11005, -179584, 1088384}, {11435, -179200, 1087914}}, {{159, -99, 428}}, {0xCC,0x7C,0x00,0x0D,0x43,0xD6,0xB8,0x77,0x77,0xA1,0x0B,0x99,0x30,0xF6,0xAB,0x00,0x80,0x42,0x3D,0xE0,0x26,0xF4,0x09,0x00,0x74,0xFE,0xFF,0xAC,0x01,0xC0,0x2A,0x0B,0x00,0x40,0xD4,0xAB,0x66,0x42,0xE4,0x01}},
    {3300, 7, 0x0D, 3, 457, {-1166080, -1549235, -15184323}, {{11518, -179201, 1088895}, {11518, -179285, 1089195}}, {{-85, -440, 158}}, {0xE4,0x7C,0x00,0x0D,0x03,0xD4,0xB8,0x37,0x71,0xA1,0x7B,0x9C,0x30,0xFA,0xB3,0x00,0xFF,0x43,0xFD,0x5F,0x27,0xB4,0xFA,0xFF,0x23,0xF9,0xFF,0x9E,0x00,0x80,0x3F,0x0B,0xB0,0x3A,0xD4,0xAF,0x7A,0x42,0xC9,0x01}},
    {3330, 7, 0x0D, 3, 475, {-1166600, -1549831, -15183715}, {{11582, -180029, 1088321}, {11006, -179795, 1088682}}, {{-344, -501, 506}}, {0x02,0x7D,0x00,0x0D,0xE3,0xCB,0xB8,0xE7,0x67,0xA1,0x3B,0xA1,0x30,0xFA,0xB4,0x00,0xC3,0x40,0x7D,0xD0,0x26,0x84,0xEA,0xFF,0x2F,0xF8,0xFF,0xFA,0x01,0x80,0xBF,0x0A,0xD0,0x1A,0xD4,0xAB,0x72,0x42,0xDB,0x01}},
    {809, 10, 0x0D, 3, 256, {-5369200, -4131207, -13058103}, {{19809, -182012, 1087744}, {20014, -181347, 1087745}}, {{-258, -456, -104}}, {0x29,0xA3,0x00,0x0D,0x43,0x4A,0xB8,0xE6,0xD9,0x03,0x93,0x7F,0x71,0x86,0x35,0x01,0x04,0x39,0x3D,0x40,0x26,0xE4,0xEF,0xFF,0xE3,0xF8,0xFF,0x98,0xFF,0xBF,0x8B,0x13,0xD0,0xB9,0xD3,0x07,0x64,0x42,0x00,0x01}},
    {818, 9, 0x0D, 3, 256, {-5369400, -4131459, -13058035}, {{20269, -181500, 1088000}, {20477, -181502, 1088704}}, {{-195, -382, 314}}, {0x32,0x93,0x00,0x0D,0x23,0x47,0xB8,0xF6,0xD5,0x03,0x1B,0x80,0x71,0xB6,0x3C,0x01,0x04,0x3B,0x3D,0x80,0x26,0xD4,0xF3,0xFF,0x0B,0xFA,0xFF,0x3A,0x01,0x40,0xFF,0x13,0x20,0xB0,0xD3,0x03,0x73,0x42,0x00,0x01}},
    {839, 9, 0x0D, 3, 256, {-5370104, -4131935, -13057667}, {{20812, -181471, 1087116}, {20797, -181184, 1087360}}, {{-133, -452, 63}}, {0x47,0x93,0x00,0x0D,0x23,0x3C,0xB8,0x86,0xCE,0x03,0xFB,0x82,0x71,0x32,0x45,0x01,0x21,0x3B,0x3D,0xA3,0x25,0xB4,0xF7,0xFF,0xF3,0xF8,0xFF,0x3F,0x00,0x40,0x4F,0x14,0x00,0xC4,0xD3,0x03,0x5E,0x42,0x00,0x01}},
    {849, 10, 0x0D, 3, 256, {-5370288, -4132187, -13057535}, {{20677, -181550, 1087437}, {20682, -181502, 1087027}}, {{-311, -268, 413}}, {0x51,0xA3,0x00,0x0D,0x43,0x39,0xB8,0x96,0xCA,0x03,0x03,0x84,0x71,0x16,0x43,0x01,0xD2,0x3A,0x7D,0xF3,0x25,0x94,0xEC,0xFF,0xD3,0xFB,0xFF,0x9D,0x01,0x80,0x32,0x14,0x20,0xB0,0xD3,0xCF,0x58,0x42,0x00,0x01}},
    {858, 9, 0x0D, 3, 256, {-5370600, -4132315, -13057299}, {{20736, -181449, 1087334}, {20924, -180989, 1087297}}, {{-197, -314, 131}}, {0x5A,0x93,0x00,0x0D,0x63,0x34,0xB8,0x96,0xC8,0x03,0xDB,0x85,0x71,0x02,0x44,0x01,0x37,0x3B,0xBD,0xD9,0x25,0xB4,0xF3,0xFF,0x1B,0xFB,0xFF,0x83,0x00,0x00,0x6F,0x14,0x30,0xD0,0xD3,0x07,0x5D,0x42,0x00,0x01}},
    {879, 10, 0x0D, 3, 256, {-5371048, -4132639, -13057031}, {{20159, -181278, 1087398}, {20118, -181448, 1087642}}, {{-306, -307, 196}}, {0x6F,0xA3,0x00,0x0D,0x63,0x2D,0xB8,0x86,0xC3,0x03,0xF3,0x87,0x71,0xFE,0x3A,0x01,0xE2,0x3B,0xBD,0xE9,0x25,0xE4,0xEC,0xFF,0x37,0xFB,0xFF,0xC4,0x00,0x80,0xA5,0x13,0x80,0xB3,0xD3,0x6B,0x62,0x42,0x00,0x01}},
    {888, 9, 0x0D, 3, 256, {-5371344, -4132779, -13056919}, {{20324, -181142, 1087744}, {20093, -180733, 1088000}}, {{-259, -459, 131}}, {0x78,0x93,0x00,0x0D,0xC3,0x28,0xB8,0x56,0xC1,0x03,0xD3,0x88,0x71,0x92,0x3D,0x01,0x6A,0x3C,0x3D,0x40,0x26,0xD4,0xEF,0xFF,0xD7,0xF8,0xFF,0x83,0x00,0x40,0x9F,0x13,0x30,0xE0,0xD3,0x03,0x68,0x42,0x00,0x01}},
    {898, 10, 0x0D, 3, 256, {-5371584, -4133055, -13056803}, {{19910, -181448, 1087744}, {19962, -181294, 1088052}}, {{-561, -414, 252}}, {0x82,0xA3,0x00,0x0D,0x03,0x25,0xB8,0x06,0xBD,0x03,0xBB,0x89,0x71,0x1A,0x37,0x01,0x38,0x3B,0x3D,0x40,0x26,0xF4,0xDC,0xFF,0x8B,0xF9,0xFF,0xFC,0x00,0x80,0x7E,0x13,0x20,0xBD,0xD3,0xD3,0x68,0x42,0x00,0x01}},
    {919, 10, 0x0D, 3, 256, {-5372392, -4133519, -13056587}, {{19898, -181374, 1088013}, {19964, -181704, 1088308}}, {{-419, -507, 348}}, {0x97,0xA3,0x00,0x0D,0x63,0x18,0xB8,0xC6,0xB5,0x03,0x6B,0x8B,0x71,0xEA,0x36,0x01,0x82,0x3B,0x7D,0x83,0x26,0xD4,0xE5,0xFF,0x17,0xF8,0xFF,0x5C,0x01,0x00,0x7F,0x13,0x80,0xA3,0xD3,0xD3,0x6C,0x42,0x00,0x01}},
    {928, 9, 0x0D, 3, 256, {-5372736, -4133739, -13056367}, {{19657, -181859, 1088000}, {20096, -181503, 1088319}}, {{-70, -57, 194}}, {0xA0,0x93,0x00,0x0D,0x03,0x13,0xB8,0x56,0xB2,0x03,0x23,0x8D,0x71,0x26,0x33,0x01,0x9D,0x39,0x3D,0x80,0x26,0xA4,0xFB,0xFF,0x1F,0xFF,0xFF,0xC2,0x00,0x00,0xA0,0x13,0x10,0xB0,0xD3,0xFF,0x6C,0x42,0x00,0x01}},
    {938, 10, 0x0D, 3, 256, {-5372840, -4133823, -13056287}, {{20119, -181399, 1088103}, {20273, -181756, 1088358}}, {{-363, -421, 250}}, {0xAA,0xA3,0x00,0x0D,0x63,0x11,0xB8,0x06,0xB1,0x03,0xC3,0x8D,0x71,0x5E,0x3A,0x01,0x69,0x3B,0xFD,0x99,0x26,0x54,0xE9,0xFF,0x6F,0xF9,0xFF,0xFA,0x00,0x40,0xCC,0x13,0x40,0xA0,0xD3,0x9B,0x6D,0x42,0x00,0x01}},
    {958, 9, 0x0D, 3, 256, {-5373192, -4134251, -13056071}, {{19690, -181024, 1088063}, {20220, -181054, 1088704}}, {{-251, -445, 259}}, {0xBE,0x93,0x00,0x0D,0xE3,0x0B,0xB8,0x56,0xAA,0x03,0x73,0x8F,0x71,0xAA,0x33,0x01,0xE0,0x3C,0xFD,0x8F,0x26,0x54,0xF0,0xFF,0x0F,0xF9,0xFF,0x03,0x01,0x00,0xBF,0x13,0x20,0xCC,0xD3,0x03,0x73,0x42,0x00,0x01}},
    {968, 10, 0x0D, 3, 256, {-5373392, -4134451, -13055999}, {{20321, -181142, 1087539}, {20530, -181244, 1086260}}, {{-307, -159, 4}}, {0xC8,0xA3,0x00,0x0D,0xC3,0x08,0xB8,0x36,0xA7,0x03,0x03,0x90,0x71,0x86,0x3D,0x01,0x6A,0x3C,0xFD,0x0C,0x26,0xD4,0xEC,0xFF,0x87,0xFD,0xFF,0x04,0x00,0x80,0x0C,0x14,0x40,0xC0,0xD3,0xD3,0x4C,0x42,0x00,0x01}},
    {977, 9, 0x0D, 3, 256, {-5373616, -4134591, -13055987}, {{20631, -181861, 1087232}, {20220, -181759, 1087872}}, {{-124, -504, 112}}, {0xD1,0x93,0x00,0x0D,0x43,0x05,0xB8,0x06,0xA5,0x03,0x1B,0x90,0x71,0x5E,0x42,0x01,0x9B,0x39,0x3D,0xC0,0x25,0x44,0xF8,0xFF,0x23,0xF8,0xFF,0x70,0x00,0x00,0xBF,0x13,0x10,0xA0,0xD3,0x03,0x66,0x42,0x00,0x01}},
    {998, 10, 0x0D, 3, 256, {-5374064, -4135091, -13055547}, {{19997, -181683, 1086375}, {20015, -182013, 1086924}}, {{-260, -513, 159}}, {0xE6,0xA3,0x00,0x0D,0x43,0xFE,0xB7,0x36,0x9D,0x03,0x8B,0x93,0x71,0x76,0x38,0x01,0x4D,0x3A,0xFD,0xE9,0x24,0xC4,0xEF,0xFF,0xFF,0xF7,0xFF,0x9F,0x00,0xC0,0x8B,0x13,0x30,0x90,0xD3,0x33,0x57,0x42,0x00,0x01}},
    {1007, 9, 0x0D, 3, 256, {-5374232, -4135343, -13055335}, {{20320, -181809, 1087693}, {20543, -181886, 1087808}}, {{-265, -65, 578}}, {0xEF,0x93,0x00,0x0D,0xA3,0xFB,0xB7,0x46,0x99,0x03,0x33,0x95,0x71,0x82,0x3D,0x01,0xCF,0x39,0x7D,0x33,0x26,0x74,0xEF,0xFF,0xFF,0xFE,0xFF,0x42,0x02,0xC0,0x0F,0x14,0x20,0x98,0xD3,0x03,0x65,0x42,0x00,0x01}},
    {1017, 10, 0x0D, 3, 256, {-5374480, -4135423, -13055175}, {{20375, -181603, 1088000}, {20220, -181703, 1088155}}, {{-466, -456, 203}}, {0xF9,0xA3,0x00,0x0D,0xC3,0xF7,0xB7,0x06,0x98,0x03,0x73,0x96,0x71,0x5E,0x3E,0x01,0x9D,0x3A,0x3D,0x80,0x26,0xE4,0xE2,0xFF,0xE3,0xF8,0xFF,0xCB,0x00,0x00,0xBF,0x13,0x90,0xA3,0xD3,0x6F,0x6A,0x42,0x00,0x01}},
    {1038, 10, 0x0D, 3, 256, {-5375080, -4135879, -13054831}, {{20108, -181532, 1086527}, {19810, -181962, 1086720}}, {{-220, -466, -159}}, {0x0E,0xA4,0x00,0x0D,0x63,0xEE,0xB7,0xE6,0x90,0x03,0x23,0x99,0x71,0x32,0x3A,0x01,0xE4,0x3A,0xFD,0x0F,0x25,0x44,0xF2,0xFF,0xBB,0xF8,0xFF,0x61,0xFF,0xBF,0x58,0x13,0x60,0x93,0xD3,0x03,0x54,0x42,0x00,0x01}},
    {1047, 9, 0x0D, 3, 256, {-5375296, -4136151, -13054779}, {{20218, -181295, 1086823}, {20026, -180924, 1087488}}, {{-385, -701, 388}}, {0x17,0x94,0x00,0x0D,0x03,0xEB,0xB7,0xA6,0x8C,0x03,0x8B,0x99,0x71,0xEA,0x3B,0x01,0xD1,0x3B,0xFD,0x59,0x25,0xF4,0xE7,0xFF,0x0F,0xF5,0xFF,0x84,0x01,0x80,0x8E,0x13,0x40,0xD4,0xD3,0x03,0x60,0x42,0x00,0x01}},
    {1057, 10, 0x0D, 3, 256, {-5375552, -4136391, -13054607}, {{20629, -181040, 1088103}, {19555, -181551, 1088307}}, {{-311, -265, 314}}, {0x21,0xA4,0x00,0x0D,0x03,0xE7,0xB7,0xE6,0x88,0x03,0xE3,0x9A,0x71,0x56,0x42,0x01,0xD0,0x3C,0xFD,0x99,0x26,0x94,0xEC,0xFF,0xDF,0xFB,0xFF,0x3A,0x01,0xC0,0x18,0x13,0x10,0xAD,0xD3,0xCF,0x6C,0x42,0x00,0x01}},
    {1077, 9, 0x0D, 3, 256, {-5375904, -4136819, -13054171}, {{19742, -182147, 1088166}, {20158, -182078, 1087424}}, {{-139, -74, 50}}, {0x35,0x94,0x00,0x0D,0x83,0xE1,0xB7,0x36,0x82,0x03,0x4B,0x9E,0x71,0x7A,0x34,0x01,0x7D,0x38,0xBD,0xA9,0x26,0x54,0xF7,0xFF,0xDB,0xFE,0xFF,0x32,0x00,0x80,0xAF,0x13,0x20,0x8C,0xD3,0x03,0x5F,0x42,0x00,0x01}},
    {1087, 10, 0x0D, 3, 256, {-5376016, -4136871, -13054163}, {{20019, -181708, 1087334}, {20067, -181806, 1088103}}, {{-409, -253, 90}}, {0x3F,0xA4,0x00,0x0D,0xC3,0xDF,0xB7,0x66,0x81,0x03,0x5B,0x9E,0x71,0xCE,0x38,0x01,0x34,0x3A,0xBD,0xD9,0x25,0x74,0xE6,0xFF,0x0F,0xFC,0xFF,0x5A,0x00,0xC0,0x98,0x13,0x20,0x9D,0xD3,0x9F,0x69,0x42,0x00,0x01}},
    {1096, 9, 0x0D, 3, 256, {-5376384, -4137087, -13054139}, {{19912, -181396, 1088769}, {19581, -180988, 1088512}}, {{-397, -505, 64}}, {0x48,0x94,0x00,0x0D,0x03,0xDA,0xB7,0x06,0x7E,0x03,0x8B,0x9E,0x71,0x22,0x37,0x01,0x6C,0x3B,0x7D,0x40,0x27,0x34,0xE7,0xFF,0x1F,0xF8,0xFF,0x40,0x00,0x40,0x1F,0x13,0x40,0xD0,0xD3,0x03,0x70,0x42,0x00,0x01}},
    {1117, 9, 0x0D, 3, 256, {-5376880, -4137575, -13053831}, {{19797, -180194, 1087934}, {20348, -180413, 1087680}}, {{-319, -314, 322}}, {0x5D,0x94,0x00,0x0D,0x43,0xD2,0xB7,0x66,0x76,0x03,0xF3,0xA0,0x71,0x56,0x35,0x01,0x1E,0x40,0xBD,0x6F,0x26,0x14,0xEC,0xFF,0x1B,0xFB,0xFF,0x42,0x01,0x00,0xDF,0x13,0x30,0xF4,0xD3,0x03,0x63,0x42,0x00,0x01}},
    {1127, 10, 0x0D, 3, 256, {-5377040, -4137735, -13053771}, {{19914, -180632, 1088000}, {19909, -180836, 1088154}}, {{-313, -770, 248}}, {0x67,0xA4,0x00,0x0D,0xC3,0xCF,0xB7,0xE6,0x73,0x03,0x6B,0xA1,0x71,0x2A,0x37,0x01,0x68,0x3E,0x3D,0x80,0x26,0x74,0xEC,0xFF,0xFB,0xF3,0xFF,0xF8,0x00,0x40,0x71,0x13,0xC0,0xD9,0xD3,0x6B,0x6A,0x42,0x00,0x01}},
    {1136, 9, 0x0D, 3, 256, {-5377336, -4137995, -13053611}, {{20221, -181294, 1087694}, {20477, -180989, 1087999}}, {{-385, -395, 430}}, {0x70,0x94,0x00,0x0D,0x23,0xCB,0xB7,0xD6,0x6F,0x03,0xAB,0xA2,0x71,0xF6,0x3B,0x01,0xD2,0x3B,0xBD,0x33,0x26,0xF4,0xE7,0xFF,0xD7,0xF9,0xFF,0xAE,0x01,0x40,0xFF,0x13,0x30,0xD0,0xD3,0xFF,0x67,0x42,0x00,0x01}},
    {1157, 10, 0x0D, 3, 256, {-5377832, -4138403, -13053255}, {{20616, -181230, 1089241}, {20526, -181500, 1089075}}, {{-314, -558, 512}}, {0x85,0xA4,0x00,0x0D,0x63,0xC3,0xB7,0x76,0x69,0x03,0x73,0xA5,0x71,0x22,0x42,0x01,0x12,0x3C,0x7D,0xB6,0x27,0x64,0xEC,0xFF,0x4B,0xF7,0xFF,0x00,0x02,0x80,0x0B,0x14,0x40,0xB0,0xD3,0xCF,0x78,0x42,0x00,0x01}},
    {1166, 9, 0x0D, 3, 256, {-5378112, -4138587, -13053043}, {{20377, -181554, 1088205}, {19903, -181948, 1088512}}, {{-319, -77, 322}}, {0x8E,0x94,0x00,0x0D,0x03,0xBF,0xB7,0x96,0x66,0x03,0x1B,0xA7,0x71,0x66,0x3E,0x01,0xCE,0x3A,0x7D,0xB3,0x26,0x14,0xEC,0xFF,0xCF,0xFE,0xFF,0x42,0x01,0xC0,0x6F,0x13,0x40,0x94,0xD3,0x03,0x70,0x42,0x00,0x01}},
    {1176, 10, 0x0D, 3, 249, {-5378360, -4138687, -13052915}, {{19812, -181758, 1088409}, {19962, -181550, 1088308}}, {{-512, -458, 97}}, {0x98,0xA4,0x00,0x0D,0x23,0xBB,0xB7,0x06,0x65,0x03,0x1B,0xA8,0x71,0x92,0x35,0x01,0x02,0x3A,0x7D,0xE6,0x26,0x04,0xE0,0xFF,0xDB,0xF8,0xFF,0x61,0x00,0x80,0x7E,0x13,0x20,0xAD,0xD3,0xD3,0x6C,0x42,0xF9,0x00}},
    {1197, 10, 0x0D, 3, 256, {-5378984, -4139127, -13052691}, {{19956, -180817, 1087602}, {20014, -180682, 1088051}}, {{-362, -461, 296}}, {0xAD,0xA4,0x00,0x0D,0x63,0xB1,0xB7,0x26,0x5E,0x03,0xDB,0xA9,0x71,0xD2,0x37,0x01,0xAF,0x3D,0xBD,0x1C,0x26,0x64,0xE9,0xFF,0xCF,0xF8,0xFF,0x28,0x01,0x80,0x8B,0x13,0x60,0xE3,0xD3,0xCF,0x68,0x42,0x00,0x01}},
    {3992, 10, 0x0D, 3, 256, {-5548112, 4112057, -12936291}, {{20173, -180796, 1087855}, {19861, -181245, 1087846}}, {{-212, -506, 207}}, {0x98,0xAF,0x00,0x0D,0xC3,0x5E,0xAD,0xE6,0xFA,0xFA,0x3A,0x37,0x75,0x36,0x3B,0x01,0xC4,0x3D,0xFD,0x5B,0x26,0xC4,0xF2,0xFF,0x1B,0xF8,0xFF,0xCF,0x00,0x40,0x65,0x13,0x30,0xC0,0xD3,0x9B,0x65,0x42,0x00,0x01}},
    {4079, 9, 0x0D, 3, 256, {-5550032, 4110001, -12934739}, {{19712, -180946, 1088161}, {19643, -181182, 1087424}}, {{-60, -578, -73}}, {0xEF,0x9F,0x00,0x0D,0xC3,0x40,0xAD,0xC6,0xDA,0xFA,0x5A,0x43,0x75,0x02,0x34,0x01,0x2E,0x3D,0x7D,0xA8,0x26,0x44,0xFC,0xFF,0xFB,0xF6,0xFF,0xB7,0xFF,0xFF,0x2E,0x13,0x20,0xC4,0xD3,0x03,0x5F,0x42,0x00,0x01}},
    {70, 9, 0x0D, 3, 256, {-5551880, 4108357, -12933695}, {{20747, -181560, 1087853}, {20668, -181114, 1087168}}, {{-383, -571, -6}}, {0x46,0x90,0x00,0x0D,0xE3,0x23,0xAD,0x16,0xC1,0xFA,0x82,0x4B,0x75,0x2E,0x44,0x01,0xC8,0x3A,0x7D,0x5B,0x26,0x14,0xE8,0xFF,0x17,0xF7,0xFF,0xFA,0xFF,0x3F,0x2F,0x14,0x60,0xC8,0xD3,0x03,0x5B,0x42,0x00,0x01}},
    {158, 10, 0x0D, 3, 256, {-5553856, 4106525, -12932523}, {{20466, -181461, 1087906}, {20172, -182314, 1088615}}, {{-723, -257, 617}}, {0x9E,0xA0,0x00,0x0D,0x03,0x05,0xAD,0x76,0xA4,0xFA,0xAA,0x54,0x75,0xCA,0x3F,0x01,0x2B,0x3B,0xBD,0x68,0x26,0xD4,0xD2,0xFF,0xFF,0xFB,0xFF,0x69,0x02,0x00,0xB3,0x13,0x60,0x7D,0xD3,0x9F,0x71,0x42,0x00,0x01}},
    {245, 9, 0x0D, 3, 256, {-5556096, 4104921, -12931151}, {{19925, -181203, 1086674}, {19519, -181693, 1086656}}, {{-379, -191, 381}}, {0xF5,0x90,0x00,0x0D,0x03,0xE2,0xAC,0x66,0x8B,0xFA,0x62,0x5F,0x75,0x56,0x37,0x01,0x2D,0x3C,0xBD,0x34,0x25,0x54,0xE8,0xFF,0x07,0xFD,0xFF,0x7D,0x01,0xC0,0x0F,0x13,0x30,0xA4,0xD3,0x03,0x53,0x42,0x00,0x01}},
    {3460, 8, 0x0D, 3, 256, {-4475136, -3391175, -13658839}, {{20158, -181373, 1088960}, {20349, -181823, 1088448}}, {{-128, -513, 116}}, {0x84,0x8D,0x00,0x0D,0x03,0xDC,0xEE,0xE6,0x04,0x31,0x53,0x2A,0x5F,0xFA,0x3A,0x01,0x83,0x3B,0x3D,0x70,0x27,0x04,0xF8,0xFF,0xFF,0xF7,0xFF,0x74,0x00,0x40,0xDF,0x13,0x10,0x9C,0xD3,0x03,0x6F,0x42,0x00,0x01}},
    {3468, 8, 0x0D, 3, 256, {-4475168, -3391339, -13658847}, {{20413, -181823, 1088192}, {20602, -181758, 1088000}}, {{-126, -758, 376}}, {0x8C,0x8D,0x00,0x0D,0x83,0xDB,0xEE,0x56,0x02,0x31,0x43,0x2A,0x5F,0xF6,0x3E,0x01,0xC1,0x39,0x3D,0xB0,0x26,0x24,0xF8,0xFF,0x2B,0xF4,0xFF,0x78,0x01,0x80,0x1E,0x14,0x20,0xA0,0xD3,0x03,0x68,0x42,0x00,0x01}},
    {3476, 8, 0x0D, 3, 256, {-4475296, -3391531, -13658651}, {{21311, -181566, 1087488}, {21116, -181889, 1087551}}, {{127, -378, 52}}, {0x94,0x8D,0x00,0x0D,0x83,0xD9,0xEE,0x56,0xFF,0x30,0xCB,0x2B,0x5F,0xFE,0x4C,0x01,0xC2,0x3A,0x3D,0x00,0x26,0xF4,0x07,0x00,0x18,0xFA,0xFF,0x34,0x00,0x00,0x9F,0x14,0xF0,0x97,0xD3,0xFF,0x60,0x42,0x00,0x01}},
    {3484, 8, 0x0D, 3, 256, {-4475416, -3391627, -13658567}, {{20671, -181565, 1087424}, {20348, -181310, 1087424}}, {{-256, -383, 58}}, {0x9C,0x8D,0x00,0x0D,0xA3,0xD7,0xEE,0xD6,0xFD,0x30,0x73,0x2C,0x5F,0xFE,0x42,0x01,0xC3,0x3A,0x3D,0xF0,0x25,0x04,0xF0,0xFF,0x07,0xFA,0xFF,0x3A,0x00,0x00,0xDF,0x13,0x20,0xBC,0xD3,0x03,0x5F,0x42,0x00,0x01}},
    {3492, 8, 0x0D, 3, 256, {-4475568, -3391775, -13658479}, {{19902, -181246, 1088256}, {20093, -180543, 1087935}}, {{-123, -384, 442}}, {0xA4,0x8D,0x00,0x0D,0x43,0xD5,0xEE,0x86,0xFB,0x30,0x23,0x2D,0x5F,0xFA,0x36,0x01,0x02,0x3C,0x3D,0xC0,0x26,0x54,0xF8,0xFF,0x03,0xFA,0xFF,0xBA,0x01,0x40,0x9F,0x13,0x10,0xEC,0xD3,0xFF,0x66,0x42,0x00,0x01}},
    {3500, 8, 0x0D, 3, 256, {-4475800, -3391911, -13658251}, {{20287, -180285, 1086400}, {20412, -180288, 1086976}}, {{-6, -454, 813}}, {0xAC,0x8D,0x00,0x0D,0xA3,0xD1,0xEE,0x66,0xF9,0x30,0xEB,0x2E,0x5F,0xFE,0x3C,0x01,0xC3,0x3F,0x3D,0xF0,0x24,0xA4,0xFF,0xFF,0xEB,0xF8,0xFF,0x2D,0x03,0x00,0xEF,0x13,0x00,0xFC,0xD3,0x03,0x58,0x42,0x00,0x01}},
    {3508, 8, 0x0D, 3, 256, {-4476000, -3392035, -13657951}, {{20670, -180413, 1087936}, {21118, -181181, 1087744}}, {{-316, -266, 243}}, {0xB4,0x8D,0x00,0x0D,0x83,0xCE,0xEE,0x76,0xF7,0x30,0x43,0x31,0x5F,0xFA,0x42,0x01,0x43,0x3F,0x3D,0x70,0x26,0x44,0xEC,0xFF,0xDB,0xFB,0xFF,0xF3,0x00,0x80,0x9F,0x14,0x30,0xC4,0xD3,0x03,0x64,0x42,0x00,0x01}},
    {3516, 8, 0x0D, 3, 256, {-4476240, -3392159, -13657887}, {{20990, -181437, 1088640}, {20477, -181502, 1088832}}, {{-271, -390, 310}}, {0xBC,0x8D,0x00,0x0D,0xC3,0xCA,0xEE,0x86,0xF5,0x30,0xC3,0x31,0x5F,0xFA,0x47,0x01,0x43,0x3B,0x3D,0x20,0x27,0x14,0xEF,0xFF,0xEB,0xF9,0xFF,0x36,0x01,0x40,0xFF,0x13,0x20,0xB0,0xD3,0x03,0x75,0x42,0x00,0x01}},
    {3524, 8, 0x0D, 3, 256, {-4476440, -3392323, -13657791}, {{20797, -181181, 1088960}, {20667, -181758, 1088511}}, {{-260, -573, 60}}, {0xC4,0x8D,0x00,0x0D,0xA3,0xC7,0xEE,0xF6,0xF2,0x30,0x83,0x32,0x5F,0xF6,0x44,0x01,0x43,0x3C,0x3D,0x70,0x27,0xC4,0xEF,0xFF,0x0F,0xF7,0xFF,0x3C,0x00,0xC0,0x2E,0x14,0x20,0xA0,0xD3,0xFF,0x6F,0x42,0x00,0x01}},
    {3532, 8, 0x0D, 3, 256, {-4476592, -3392519, -13657779}, {{20926, -181629, 1088449}, {21050, -181759, 1088063}}, {{-316, -630, 108}}, {0xCC,0x8D,0x00,0x0D,0x43,0xC5,0xEE,0xE6,0xEF,0x30,0x9B,0x32,0x5F,0xFA,0x46,0x01,0x83,0x3A,0x7D,0xF0,0x26,0x44,0xEC,0xFF,0x2B,0xF6,0xFF,0x6C,0x00,0x80,0x8E,0x14,0x10,0xA0,0xD3,0xFF,0x68,0x42,0x00,0x01}},
    {3540, 8, 0x0D, 3, 256, {-4476864, -3392787, -13657699}, {{20154, -181690, 1087617}, {19646, -181693, 1086656}}, {{-254, -319, 44}}, {0xD4,0x8D,0x00,0x0D,0x03,0xC1,0xEE,0xB6,0xEB,0x30,0x3B,0x33,0x5F,0xEA,0x3A,0x01,0x46,0x3A,0x7D,0x20,0x26,0x24,0xF0,0xFF,0x07,0xFB,0xFF,0x2C,0x00,0x80,0x2F,0x13,0x30,0xA4,0xD3,0x03,0x53,0x42,0x00,0x01}},
    {3548, 8, 0x0D, 3, 256, {-4476984, -3392923, -13657635}, {{19962, -181504, 1086655}, {19649, -181884, 1086720}}, {{-384, -192, 374}}, {0xDC,0x8D,0x00,0x0D,0x23,0xBF,0xEE,0x96,0xE9,0x30,0xBB,0x33,0x5F,0xEA,0x37,0x01,0x00,0x3B,0xFD,0x2F,0x25,0x04,0xE8,0xFF,0x03,0xFD,0xFF,0x76,0x01,0x40,0x30,0x13,0x40,0x98,0xD3,0x03,0x54,0x42,0x00,0x01}},
    {3556, 8, 0x0D, 3, 256, {-4477232, -3393043, -13657451}, {{20092, -181822, 1087168}, {20158, -182270, 1087552}}, {{-193, -445, 180}}, {0xE4,0x8D,0x00,0x0D,0x43,0xBB,0xEE,0xB6,0xE7,0x30,0x2B,0x35,0x5F,0xF2,0x39,0x01,0xC2,0x39,0x3D,0xB0,0x25,0xF4,0xF3,0xFF,0x0F,0xF9,0xFF,0xB4,0x00,0x80,0xAF,0x13,0x20,0x80,0xD3,0x03,0x61,0x42,0x00,0x01}},
    {3564, 8, 0x0D, 3, 256, {-4477336, -3393207, -13657331}, {{20732, -181759, 1088448}, {20158, -181821, 1089344}}, {{-331, -253, -13}}, {0xEC,0x8D,0x00,0x0D,0xA3,0xB9,0xEE,0x26,0xE5,0x30,0x1B,0x36,0x5F,0xF2,0x43,0x01,0x01,0x3A,0x3D,0xF0,0x26,0x54,0xEB,0xFF,0x0F,0xFC,0xFF,0xF3,0xFF,0xBF,0xAF,0x13,0x30,0x9C,0xD3,0x03,0x7D,0x42,0x00,0x01}},
    {3572, 8, 0x0D, 3, 256, {-4477592, -3393375, -13657335}, {{19964, -181691, 1089664}, {20159, -181178, 1089280}}, {{-574, -139, 365}}, {0xF4,0x8D,0x00,0x0D,0xA3,0xB5,0xEE,0x86,0xE2,0x30,0x13,0x36,0x5F,0xF2,0x37,0x01,0x45,0x3A,0x3D,0x20,0x28,0x24,0xDC,0xFF,0xD7,0xFD,0xFF,0x6D,0x01,0xC0,0xAF,0x13,0x60,0xC4,0xD3,0x03,0x7C,0x42,0x00,0x01}},
    {3580, 8, 0x0D, 3, 256, {-4477944, -3393499, -13657187}, {{20094, -181374, 1088704}, {19899, -181822, 1088577}}, {{-131, -510, 116}}, {0xFC,0x8D,0x00,0x0D,0x23,0xB0,0xEE,0x96,0xE0,0x30,0x3B,0x37,0x5F,0xFA,0x39,0x01,0x82,0x3B,0x3D,0x30,0x27,0xD4,0xF7,0xFF,0x0B,0xF8,0xFF,0x74,0x00,0xC0,0x6E,0x13,0x20,0x9C,0xD3,0x07,0x71,0x42,0x00,0x01}},
    {3587, 7, 0x0D, 3, 256, {-4478032, -3393679, -13657099}, {{20093, -181949, 1088895}, {20223, -181930, 1088000}}, {{-98, -325, 238}}, {0x03,0x7E,0x00,0x0D,0xC3,0xAE,0xEE,0xC6,0xDD,0x30,0xEB,0x37,0x5F,0xF6,0x39,0x01,0x43,0x39,0xFD,0x5F,0x27,0xE4,0xF9,0xFF,0xEF,0xFA,0xFF,0xEE,0x00,0xC0,0xBF,0x13,0x60,0x95,0xD3,0x03,0x68,0x42,0x00,0x01}},
    {3595, 8, 0x0D, 3, 256, {-4478136, -3393799, -13657035}, {{20604, -181758, 1087872}, {20412, -181500, 1087424}}, {{-322, -572, 499}}, {0x0B,0x8E,0x00,0x0D,0x23,0xAD,0xEE,0xE6,0xDB,0x30,0x6B,0x38,0x5F,0xF2,0x41,0x01,0x02,0x3A,0x3D,0x60,0x26,0xE4,0xEB,0xFF,0x13,0xF7,0xFF,0xF3,0x01,0x00,0xEF,0x13,0x40,0xB0,0xD3,0x03,0x5F,0x42,0x00,0x01}},
    {3603, 8, 0x0D, 3, 256, {-4478328, -3393987, -13656871}, {{20413, -181631, 1087168}, {20348, -182141, 1087296}}, {{-383, -390, 178}}, {0x13,0x8E,0x00,0x0D,0x23,0xAA,0xEE,0xF6,0xD8,0x30,0xB3,0x39,0x5F,0xF6,0x3E,0x01,0x81,0x3A,0x3D,0xB0,0x25,0x14,0xE8,0xFF,0xEB,0xF9,0xFF,0xB2,0x00,0x00,0xDF,0x13,0x30,0x88,0xD3,0x03,0x5D,0x42,0x00,0x01}},
    {3611, 8, 0x0D, 3, 256, {-4478536, -3394147, -13656751}, {{20670, -182654, 1088128}, {20537, -182591, 1087360}}, {{-62, -777, 180}}, {0x1B,0x8E,0x00,0x0D,0xE3,0xA6,0xEE,0x76,0xD6,0x30,0xA3,0x3A,0x5F,0xFA,0x42,0x01,0x82,0x36,0x3D,0xA0,0x26,0x24,0xFC,0xFF,0xDF,0xF3,0xFF,0xB4,0x00,0x40,0x0E,0x14,0x10,0x6C,0xD3,0x03,0x5E,0x42,0x00,0x01}},
    {3619, 8, 0x0D, 3, 256, {-4478640, -3394375, -13656635}, {{20412, -182526, 1085951}, {20541, -182143, 1086400}}, {{-69, -510, 567}}, {0x23,0x8E,0x00,0x0D,0x43,0xA5,0xEE,0xE6,0xD2,0x30,0x8B,0x3B,0x5F,0xF2,0x3E,0x01,0x02,0x37,0xFD,0x7F,0x24,0xB4,0xFB,0xFF,0x0B,0xF8,0xFF,0x37,0x02,0x40,0x0F,0x14,0x10,0x88,0xD3,0x03,0x4F,0x42,0x00,0x01}},
    {3627, 8, 0x0D, 3, 256, {-4478712, -3394503, -13656455}, {{20414, -181695, 1087104}, {20288, -181566, 1087808}}, {{-266, -192, 755}}, {0x2B,0x8E,0x00,0x0D,0x23,0xA4,0xEE,0xE6,0xD0,0x30,0xF3,0x3C,0x5F,0xFA,0x3E,0x01,0x41,0x3A,0x3D,0xA0,0x25,0x64,0xEF,0xFF,0x03,0xFD,0xFF,0xF3,0x02,0x00,0xD0,0x13,0x20,0xAC,0xD3,0x03,0x65,0x42,0x00,0x01}},
    {3635, 8, 0x0D, 3, 256, {-4478984, -3394595, -13656239}, {{20478, -181502, 1087296}, {20603, -181692, 1087296}}, {{-391, -647, 177}}, {0x33,0x8E,0x00,0x0D,0xE3,0x9F,0xEE,0x76,0xCF,0x30,0xA3,0x3E,0x5F,0xFA,0x3F,0x01,0x02,0x3B,0x3D,0xD0,0x25,0x94,0xE7,0xFF,0xE7,0xF5,0xFF,0xB1,0x00,0xC0,0x1E,0x14,0x40,0xA4,0xD3,0x03,0x5D,0x42,0x00,0x01}},
    {3643, 8, 0x0D, 3, 256, {-4479208, -3394791, -13656175}, {{20605, -181629, 1088128}, {20862, -181308, 1087616}}, {{-382, -194, 239}}, {0x3B,0x8E,0x00,0x0D,0x63,0x9C,0xEE,0x66,0xCC,0x30,0x23,0x3F,0x5F,0xF6,0x41,0x01,0x83,0x3A,0x3D,0xA0,0x26,0x24,0xE8,0xFF,0xFB,0xFC,0xFF,0xEF,0x00,0x80,0x5F,0x14,0x40,0xBC,0xD3,0x03,0x62,0x42,0x00,0x01}},
    {3651, 8, 0x0D, 3, 256, {-4479456, -3394859, -13656155}, {{20416, -181372, 1087808}, {20413, -181246, 1087616}}, {{-195, -453, 364}}, {0x43,0x8E,0x00,0x0D,0x83,0x98,0xEE,0x56,0xCB,0x30,0x4B,0x3F,0x5F,0x02,0x3F,0x01,0x84,0x3B,0x3D,0x50,0x26,0xD4,0xF3,0xFF,0xEF,0xF8,0xFF,0x6C,0x01,0x40,0xEF,0x13,0x20,0xC0,0xD3,0x03,0x62,0x42,0x00,0x01}},
    {3659, 8, 0x0D, 3, 256, {-4479696, -3394971, -13655995}, {{20607, -181629, 1087616}, {20476, -181437, 1087616}}, {{-263, -769, 492}}, {0x4B,0x8E,0x00,0x0D,0xC3,0x94,0xEE,0x96,0xC9,0x30,0x8B,0x40,0x5F,0xFE,0x41,0x01,0x83,0x3A,0x3D,0x20,0x26,0x94,0xEF,0xFF,0xFF,0xF3,0xFF,0xEC,0x01,0x00,0xFF,0x13,0x30,0xB4,0xD3,0x03,0x62,0x42,0x00,0x01}},
    {3667, 8, 0x0D, 3, 256, {-4479888, -3395223, -13655839}, {{19963, -181245, 1088000}, {20092, -181310, 1087488}}, {{-316, -574, 315}}, {0x53,0x8E,0x00,0x0D,0xC3,0x91,0xEE,0xA6,0xC5,0x30,0xC3,0x41,0x5F,0xEE,0x37,0x01,0x03,0x3C,0x3D,0x80,0x26,0x44,0xEC,0xFF,0x0B,0xF7,0xFF,0x3B,0x01,0x00,0x9F,0x13,0x20,0xBC,0xD3,0x03,0x60,0x42,0x00,0x01}},
    {3675, 8, 0x0D, 3, 256, {-4480120, -3395407, -13655691}, {{20733, -180733, 1086784}, {20798, -180860, 1087232}}, {{-385, -321, 369}}, {0x5B,0x8E,0x00,0x0D,0x23,0x8E,0xEE,0xC6,0xC2,0x30,0xEB,0x42,0x5F,0xF6,0x43,0x01,0x03,0x3E,0x3D,0x50,0x25,0xF4,0xE7,0xFF,0xFF,0xFA,0xFF,0x71,0x01,0x80,0x4F,0x14,0x40,0xD8,0xD3,0x03,0x5C,0x42,0x00,0x01}},
    {3683, 8, 0x0D, 3, 256, {-4480360, -3395515, -13655607}, {{20991, -181054, 1087936}, {20414, -181118, 1087744}}, {{-186, -193, 572}}, {0x63,0x8E,0x00,0x0D,0x63,0x8A,0xEE,0x16,0xC1,0x30,0x93,0x43,0x5F,0xFE,0x47,0x01,0xC2,0x3C,0x3D,0x70,0x26,0x64,0xF4,0xFF,0xFF,0xFC,0xFF,0x3C,0x02,0x80,0xEF,0x13,0x20,0xC8,0xD3,0x03,0x64,0x42,0x00,0x01}},
    {3691, 8, 0x0D, 3, 256, {-4480552, -3395583, -13655423}, {{20287, -181117, 1087615}, {20220, -181182, 1088192}}, {{-65, -629, 256}}, {0x6B,0x8E,0x00,0x0D,0x63,0x87,0xEE,0x06,0xC0,0x30,0x03,0x45,0x5F,0xFE,0x3C,0x01,0x83,0x3C,0xFD,0x1F,0x26,0xF4,0xFB,0xFF,0x2F,0xF6,0xFF,0x00,0x01,0x00,0xBF,0x13,0x20,0xC4,0xD3,0x03,0x6B,0x42,0x00,0x01}},
    {3699, 8, 0x0D, 3, 256, {-4480600, -3395783, -13655351}, {{20092, -181503, 1087808}, {20476, -181117, 1086528}}, {{-330, -377, 47}}, {0x73,0x8E,0x00,0x0D,0xA3,0x86,0xEE,0xE6,0xBC,0x30,0x93,0x45,0x5F,0xF2,0x39,0x01,0x01,0x3B,0x3D,0x50,0x26,0x64,0xEB,0xFF,0x1F,0xFA,0xFF,0x2F,0x00,0x00,0xFF,0x13,0x30,0xC8,0xD3,0x03,0x51,0x42,0x00,0x01}},
    {3707, 8, 0x0D, 3, 256, {-4480704, -3395955, -13655303}, {{20349, -181248, 1087360}, {20026, -181310, 1087296}}, {{-190, -638, 169}}, {0x7B,0x8E,0x00,0x0D,0x03,0x85,0xEE,0x36,0xBA,0x30,0xF3,0x45,0x5F,0xF6,0x3D,0x01,0x00,0x3C,0x3D,0xE0,0x25,0x24,0xF4,0xFF,0x0B,0xF6,0xFF,0xA9,0x00,0x80,0x8E,0x13,0x20,0xBC,0xD3,0x03,0x5D,0x42,0x00,0x01}},
    {3715, 8, 0x0D, 3, 256, {-4480888, -3396135, -13655155}, {{20414, -181309, 1086911}, {20795, -181248, 1086528}}, {{-7, -635, 247}}, {0x83,0x8E,0x00,0x0D,0x23,0x82,0xEE,0x66,0xB7,0x30,0x1B,0x47,0x5F,0xFA,0x3E,0x01,0xC3,0x3B,0xFD,0x6F,0x25,0x94,0xFF,0xFF,0x17,0xF6,0xFF,0xF7,0x00,0xC0,0x4E,0x14,0x00,0xC0,0xD3,0x03,0x51,0x42,0x00,0x01}},
    {3722, 7, 0x0D, 3, 256, {-4480936, -3396311, -13654991}, {{20735, -181054, 1087168}, {20821, -181332, 1087317}}, {{-270, -86, 245}}, {0x8A,0x7E,0x00,0x0D,0x63,0x81,0xEE,0xA6,0xB4,0x30,0x63,0x48,0x5F,0xFE,0x43,0x01,0xC2,0x3C,0x3D,0xB0,0x25,0x24,0xEF,0xFF,0xAB,0xFE,0xFF,0xF5,0x00,0x40,0x55,0x14,0xC0,0xBA,0xD3,0x57,0x5D,0x42,0x00,0x01}},
    {3730, 8, 0x0D, 3, 256, {-4480992, -3396459, -13654955}, {{20155, -181311, 1088000}, {20475, -181375, 1087680}}, {{-72, -626, 59}}, {0x92,0x8E,0x00,0x0D,0x83,0x80,0xEE,0x56,0xB2,0x30,0xAB,0x48,0x5F,0xEE,0x3A,0x01,0xC1,0x3B,0x3D,0x80,0x26,0x84,0xFB,0xFF,0x3B,0xF6,0xFF,0x3B,0x00,0xC0,0xFE,0x13,0x10,0xB8,0xD3,0x03,0x63,0x42,0x00,0x01}},
    {3738, 8, 0x0D, 3, 256, {-4481048, -3396675, -13654919}, {{20923, -181695, 1087808}, {20731, -181758, 1088320}}, {{-196, -575, -18}}, {0x9A,0x8E,0x00,0x0D,0xA3,0x7F,0xEE,0xF6,0xAE,0x30,0xF3,0x48,0x5F,0xEE,0x46,0x01,0x41,0x3A,0x3D,0x50,0x26,0xC4,0xF3,0xFF,0x07,0xF7,0xFF,0xEE,0xFF,0xFF,0x3E,0x14,0x20,0xA0,0xD3,0x03,0x6D,0x42,0x00,0x01}},
    {3746, 8, 0x0D, 3, 256, {-4481184, -3396827, -13654867}, {{20799, -181821, 1087615}, {20607, -182273, 1087296}}, {{0, -254, 319}}, {0xA2,0x8E,0x00,0x0D,0x83,0x7D,0xEE,0x96,0xAC,0x30,0x5B,0x49,0x5F,0xFE,0x44,0x01,0xC3,0x39,0xFD,0x1F,0x26,0x04,0x00,0x00,0x08,0xFC,0xFF,0x3F,0x01,0xC0,0x1F,0x14,0xF0,0x7F,0xD3,0x03,0x5D,0x42,0x00,0x01}},
    {3754, 8, 0x0D, 3, 256, {-4481312, -3396963, -13654715}, {{20669, -182012, 1087104}, {20603, -181119, 1086848}}, {{-136, -576, 177}}, {0xAA,0x8E,0x00,0x0D,0x83,0x7B,0xEE,0x76,0xAA,0x30,0x8B,0x4A,0x5F,0xF6,0x42,0x01,0x04,0x39,0x3D,0xA0,0x25,0x84,0xF7,0xFF,0x03,0xF7,0xFF,0xB1,0x00,0xC0,0x1E,0x14,0x10,0xC8,0xD3,0x03,0x56,0x42,0x00,0x01}},
    {3762, 8, 0x0D, 3, 256, {-4481320, -3397143, -13654595}, {{20413, -180864, 1086656}, {20286, -180672, 1086911}}, {{-2, -254, 372}}, {0xB2,0x8E,0x00,0x0D,0x63,0x7B,0xEE,0xA6,0xA7,0x30,0x7B,0x4B,0x5F,0xF6,0x3E,0x01,0x80,0x3D,0x3D,0x30,0x25,0xE4,0xFF,0xFF,0x0B,0xFC,0xFF,0x74,0x01,0x80,0xCF,0x13,0x00,0xE4,0xD3,0xFF,0x56,0x42,0x00,0x01}},
    {3770, 8, 0x0D, 3, 256, {-4481360, -3397255, -13654511}, {{20861, -180734, 1087552}, {20731, -180992, 1087360}}, {{-67, -454, 239}}, {0xBA,0x8E,0x00,0x0D,0xC3,0x7A,0xEE,0xE6,0xA5,0x30,0x23,0x4C,0x5F,0xF6,0x45,0x01,0x02,0x3E,0x3D,0x10,0x26,0xD4,0xFB,0xFF,0xEB,0xF8,0xFF,0xEF,0x00,0xC0,0x3E,0x14,0x00,0xD0,0xD3,0x03,0x5E,0x42,0x00,0x01}},
    {3778, 8, 0x0D, 3, 256, {-4481408, -3397411, -13654363}, {{20413, -181055, 1087935}, {20155, -181183, 1088192}}, {{-260, -510, -207}}, {0xC2,0x8E,0x00,0x0D,0x03,0x7A,0xEE,0x76,0xA3,0x30,0x4B,0x4D,0x5F,0xF6,0x3E,0x01,0xC1,0x3C,0xFD,0x6F,0x26,0xC4,0xEF,0xFF,0x0B,0xF8,0xFF,0x31,0xFF,0xFF,0xAE,0x13,0x10,0xC4,0xD3,0x03,0x6B,0x42,0x00,0x01}},
    {3786, 8, 0x0D, 3, 256, {-4481536, -3397591, -13654355}, {{20221, -181438, 1087360}, {20092, -181244, 1087296}}, {{-330, -511, 504}}, {0xCA,0x8E,0x00,0x0D,0x03,0x78,0xEE,0xA6,0xA0,0x30,0x5B,0x4D,0x5F,0xF6,0x3B,0x01,0x42,0x3B,0x3D,0xE0,0x25,0x64,0xEB,0xFF,0x07,0xF8,0xFF,0xF8,0x01,0x00,0x9F,0x13,0x40,0xC0,0xD3,0x03,0x5D,0x42,0x00,0x01}},
    {3794, 8, 0x0D, 3, 256, {-4481688, -3397771, -13654239}, {{20156, -181310, 1087680}, {20349, -181183, 1088255}}, {{-132, -324, 253}}, {0xD2,0x8E,0x00,0x0D,0xA3,0x75,0xEE,0xD6,0x9D,0x30,0x43,0x4E,0x5F,0xF2,0x3A,0x01,0xC2,0x3B,0x3D,0x30,0x26,0xC4,0xF7,0xFF,0xF3,0xFA,0xFF,0xFD,0x00,0x40,0xDF,0x13,0x10,0xC4,0xD3,0xFF,0x6B,0x42,0x00,0x01}},
    {3802, 8, 0x0D, 3, 256, {-4481720, -3397907, -13654151}, {{20413, -181118, 1088192}, {20668, -181250, 1087935}}, {{58, -454, 244}}, {0xDA,0x8E,0x00,0x0D,0x23,0x75,0xEE,0xB6,0x9B,0x30,0xF3,0x4E,0x5F,0xF6,0x3E,0x01,0x82,0x3C,0x3D,0xB0,0x26,0xA4,0x03,0x00,0xE8,0xF8,0xFF,0xF4,0x00,0x00,0x2F,0x14,0xE0,0xBF,0xD3,0xFF,0x66,0x42,0x00,0x01}},
    {3810, 8, 0x0D, 3, 264, {-4481800, -3398095, -13654027}, {{19965, -181310, 1087360}, {19515, -181501, 1087040}}, {{-251, -566, 124}}, {0xE2,0x8E,0x00,0x0D,0xE3,0x73,0xEE,0xC6,0x98,0x30,0xEB,0x4F,0x5F,0xF6,0x37,0x01,0xC2,0x3B,0x3D,0xE0,0x25,0x54,0xF0,0xFF,0x2B,0xF7,0xFF,0x7C,0x00,0xC0,0x0E,0x13,0x30,0xB0,0xD3,0x03,0x59,0x42,0x08,0x01}},
    {3818, 8, 0x0D, 3, 256, {-4481944, -3398271, -13653983}, {{19325, -181310, 1087488}, {19646, -180990, 1087616}}, {{-130, -319, 318}}, {0xEA,0x8E,0x00,0x0D,0xA3,0x71,0xEE,0x06,0x96,0x30,0x43,0x50,0x5F,0xF6,0x2D,0x01,0xC2,0x3B,0x3D,0x00,0x26,0xE4,0xF7,0xFF,0x07,0xFB,0xFF,0x3E,0x01,0x80,0x2F,0x13,0x20,0xD0,0xD3,0x03,0x62,0x42,0x00,0x01}},
    {3826, 8, 0x0D, 3, 256, {-4482064, -3398403, -13653807}, {{19901, -181310, 1087743}, {19902, -180736, 1087616}}, {{-127, -389, 310}}, {0xF2,0x8E,0x00,0x0D,0xC3,0x6F,0xEE,0xF6,0x93,0x30,0xA3,0x51,0x5F,0xF6,0x36,0x01,0xC2,0x3B,0xFD,0x3F,0x26,0x14,0xF8,0xFF,0xEF,0xF9,0xFF,0x36,0x01,0x80,0x6F,0x13,0x00,0xE0,0xD3,0x03,0x62,0x42,0x00,0x01}},
    {3834, 8, 0x0D, 3, 256, {-4482144, -3398539, -13653663}, {{19966, -180671, 1087680}, {20220, -181053, 1088896}}, {{-318, -504, 242}}, {0xFA,0x8E,0x00,0x0D,0x83,0x6E,0xEE,0xD6,0x91,0x30,0xC3,0x52,0x5F,0xFA,0x37,0x01,0x41,0x3E,0x3D,0x30,0x26,0x24,0xEC,0xFF,0x23,0xF8,0xFF,0xF2,0x00,0x00,0xBF,0x13,0x30,0xCC,0xD3,0x03,0x76,0x42,0x00,0x01}},
    {3842, 8, 0x0D, 3, 256, {-4482368, -3398711, -13653543}, {{20286, -181437, 1088448}, {19901, -181436, 1087936}}, {{-391, -329, 375}}, {0x02,0x8F,0x00,0x0D,0x03,0x6B,0xEE,0x26,0x8F,0x30,0xB3,0x53,0x5F,0xFA,0x3C,0x01,0x43,0x3B,0x3D,0xF0,0x26,0x94,0xE7,0xFF,0xDF,0xFA,0xFF,0x77,0x01,0x40,0x6F,0x13,0x40,0xB4,0xD3,0x03,0x67,0x42,0x00,0x01}},
    {3850, 8, 0x0D, 3, 256, {-4482728, -3398863, -13653423}, {{19965, -180923, 1088384}, {20476, -180798, 1088000}}, {{-125, -454, 301}}, {0x0A,0x8F,0x00,0x0D,0x63,0x65,0xEE,0xC6,0x8C,0x30,0xA3,0x54,0x5F,0xF6,0x37,0x01,0x45,0x3D,0x3D,0xE0,0x26,0x34,0xF8,0xFF,0xEB,0xF8,0xFF,0x2D,0x01,0x00,0xFF,0x13,0x20,0xDC,0xD3,0x03,0x68,0x42,0x00,0x01}},
    {2662, 7, 0x0D, 3, 274, {-4415952, -2794759, -11602915}, {{20156, -181568, 1086655}, {20138, -181501, 1087232}}, {{-353, -439, 341}}, {0x66,0x7A,0x00,0x0D,0xC3,0x78,0xF2,0xE6,0x6B,0x55,0x3B,0xE8,0x9D,0xF2,0x3A,0x01,0xC0,0x3A,0xFD,0x2F,0x25,0xF4,0xE9,0xFF,0x27,0xF9,0xFF,0x55,0x01,0x80,0xAA,0x13,0x30,0xB0,0xD3,0x03,0x5C,0x42,0x12,0x01}},
    {2686, 7, 0x0D, 3, 274, {-4416240, -2795279, -11602447}, {{19838, -181439, 1086848}, {19795, -181502, 1087743}}, {{-352, -411, 334}}, {0x7E,0x7A,0x00,0x0D,0x43,0x74,0xF2,0xC6,0x63,0x55,0xE3,0xEB,0x9D,0xFA,0x35,0x01,0x41,0x3B,0x3D,0x60,0x25,0x04,0xEA,0xFF,0x97,0xF9,0xFF,0x4E,0x01,0xC0,0x54,0x13,0x20,0xB0,0xD3,0xFF,0x63,0x42,0x12,0x01}},
    {2697, 7, 0x0D, 3, 265, {-4416488, -2795355, -11602179}, {{19906, -181759, 1087808}, {20736, -181674, 1087658}}, {{2, -253, 344}}, {0x89,0x7A,0x00,0x0D,0x63,0x70,0xF2,0x96,0x62,0x55,0xFB,0xED,0x9D,0x0A,0x37,0x01,0x01,0x3A,0x3D,0x50,0x26,0x24,0x00,0x00,0x0C,0xFC,0xFF,0x58,0x01,0x00,0x40,0x14,0x60,0xA5,0xD3,0xAB,0x62,0x42,0x09,0x01}},
    {2721, 7, 0x0D, 3, 292, {-4416800, -2795731, -11602063}, {{20606, -181948, 1088577}, {20733, -182013, 1088682}}, {{-340, -521, 517}}, {0xA1,0x7A,0x00,0x0D,0x83,0x6B,0xF2,0xB6,0x5C,0x55,0xE3,0xEE,0x9D,0xFA,0x41,0x01,0x44,0x39,0x7D,0x10,0x27,0xC4,0xEA,0xFF,0xDF,0xF7,0xFF,0x05,0x02,0x40,0x3F,0x14,0x30,0x90,0xD3,0xAB,0x72,0x42,0x24,0x01}},
    {2751, 7, 0x0D, 3, 265, {-4417264, -2796395, -11601255}, {{20860, -181311, 1086784}, {21248, -181419, 1087744}}, {{-4, -8, 236}}, {0xBF,0x7A,0x00,0x0D,0x43,0x64,0xF2,0x56,0x52,0x55,0x33,0xF5,0x9D,0xF2,0x45,0x01,0xC1,0x3B,0x3D,0x50,0x25,0xC4,0xFF,0xFF,0xE3,0xFF,0xFF,0xEC,0x00,0x00,0xC0,0x14,0x50,0xB5,0xD3,0x03,0x64,0x42,0x09,0x01}},
    {2775, 7, 0x0D, 3, 274, {-4417784, -2796735, -11600819}, {{20413, -181116, 1088192}, {20564, -181163, 1088853}}, {{-82, -272, 246}}, {0xD7,0x7A,0x00,0x0D,0x23,0x5C,0xF2,0x06,0x4D,0x55,0x9B,0xF8,0x9D,0xF6,0x3E,0x01,0x84,0x3C,0x3D,0xB0,0x26,0xE4,0xFA,0xFF,0xC3,0xFB,0xFF,0xF6,0x00,0x00,0x15,0x14,0x50,0xC5,0xD3,0x57,0x75,0x42,0x12,0x01}},
    {2805, 7, 0x0D, 3, 265, {-4418224, -2797311, -11600231}, {{20415, -181693, 1086911}, {20220, -181846, 1086806}}, {{-97, -608, 85}}, {0xF5,0x7A,0x00,0x0D,0x43,0x55,0xF2,0x06,0x44,0x55,0x33,0xFD,0x9D,0xFE,0x3E,0x01,0x43,0x3A,0xFD,0x6F,0x25,0xF4,0xF9,0xFF,0x83,0xF6,0xFF,0x55,0x00,0x00,0xBF,0x13,0xA0,0x9A,0xD3,0x5B,0x55,0x42,0x09,0x01}},
    {2816, 7, 0x0D, 3, 265, {-4418320, -2797539, -11600207}, {{20222, -181438, 1087168}, {20393, -181077, 1087828}}, {{-11, -271, 518}}, {0x00,0x7B,0x00,0x0D,0xC3,0x53,0xF2,0x76,0x40,0x55,0x63,0xFD,0x9D,0xFA,0x3B,0x01,0x42,0x3B,0x3D,0xB0,0x25,0x54,0xFF,0xFF,0xC7,0xFB,0xFF,0x06,0x02,0x40,0xEA,0x13,0xB0,0xCA,0xD3,0x53,0x65,0x42,0x09,0x01}},
    {2829, 7, 0x0D, 3, 292, {-4418592, -2797795, -11599975}, {{20283, -181693, 1087616}, {20648, -181842, 1087317}}, {{-360, -251, -98}}, {0x0D,0x7B,0x00,0x0D,0x83,0x4F,0xF2,0x76,0x3C,0x55,0x33,0xFF,0x9D,0xEE,0x3C,0x01,0x43,0x3A,0x3D,0x20,0x26,0x84,0xE9,0xFF,0x17,0xFC,0xFF,0x9E,0xFF,0x3F,0x2A,0x14,0xE0,0x9A,0xD3,0x57,0x5D,0x42,0x24,0x01}},
    {2840, 7, 0x0D, 3, 256, {-4418848, -2797923, -11599903}, {{20094, -181630, 1087104}, {20479, -181759, 1087658}}, {{-79, -441, 511}}, {0x18,0x7B,0x00,0x0D,0x83,0x4B,0xF2,0x76,0x3A,0x55,0xC3,0xFF,0x9D,0xFA,0x39,0x01,0x82,0x3A,0x3D,0xA0,0x25,0x14,0xFB,0xFF,0x1F,0xF9,0xFF,0xFF,0x01,0xC0,0xFF,0x13,0x10,0xA0,0xD3,0xAB,0x62,0x42,0x00,0x01}},
    {2864, 7, 0x0D, 3, 265, {-4419168, -2798595, -11599419}, {{20542, -180736, 1087680}, {20478, -181162, 1087914}}, {{-186, -425, 324}}, {0x30,0x7B,0x00,0x0D,0x83,0x46,0xF2,0xF6,0x2F,0x55,0x8B,0x03,0x9E,0xFA,0x40,0x01,0x00,0x3E,0x3D,0x30,0x26,0x64,0xF4,0xFF,0x5F,0xF9,0xFF,0x44,0x01,0x80,0xFF,0x13,0x60,0xC5,0xD3,0xAB,0x66,0x42,0x09,0x01}},
    {2894, 7, 0x0D, 3, 265, {-4419672, -2799139, -11598815}, {{19710, -181372, 1088256}, {19626, -181503, 1089024}}, {{-246, -250, -87}}, {0x4E,0x7B,0x00,0x0D,0xA3,0x3E,0xF2,0x76,0x27,0x55,0x43,0x08,0x9E,0xFA,0x33,0x01,0x84,0x3B,0x3D,0xC0,0x26,0xA4,0xF0,0xFF,0x1B,0xFC,0xFF,0xA9,0xFF,0xBF,0x2A,0x13,0x10,0xB0,0xD3,0x03,0x78,0x42,0x09,0x01}},
    {2918, 7, 0x0D, 3, 283, {-4419984, -2799567, -11598439}, {{20156, -181632, 1088960}, {20565, -181674, 1088853}}, {{5, -255, 506}}, {0x66,0x7B,0x00,0x0D,0xC3,0x39,0xF2,0xC6,0x20,0x55,0x33,0x0B,0x9E,0xF2,0x3A,0x01,0x80,0x3A,0x3D,0x70,0x27,0x54,0x00,0x00,0x04,0xFC,0xFF,0xFA,0x01,0x40,0x15,0x14,0x60,0xA5,0xD3,0x57,0x75,0x42,0x1B,0x01}},
    {2948, 7, 0x0D, 3, 292, {-4420576, -2800107, -11597699}, {{20093, -182079, 1088703}, {20137, -182355, 1088427}}, {{-262, -343, 510}}, {0x84,0x7B,0x00,0x0D,0x83,0x30,0xF2,0x56,0x18,0x55,0xFB,0x10,0x9E,0xF6,0x39,0x01,0xC1,0x38,0xFD,0x2F,0x27,0xA4,0xEF,0xFF,0xA7,0xFA,0xFF,0xFE,0x01,0x40,0xAA,0x13,0xD0,0x7A,0xD3,0xAF,0x6E,0x42,0x24,0x01}},
    {2959, 7, 0x0D, 3, 292, {-4420856, -2800291, -11597507}, {{20092, -181629, 1087744}, {20052, -181332, 1087829}}, {{-258, -251, 352}}, {0x8F,0x7B,0x00,0x0D,0x23,0x2C,0xF2,0x76,0x15,0x55,0x7B,0x12,0x9E,0xF2,0x39,0x01,0x83,0x3A,0x3D,0x40,0x26,0xE4,0xEF,0xFF,0x17,0xFC,0xFF,0x60,0x01,0x00,0x95,0x13,0xC0,0xBA,0xD3,0x57,0x65,0x42,0x24,0x01}},
    {2972, 7, 0x0D, 3, 283, {-4420936, -2800499, -11597267}, {{20093, -181312, 1087743}, {20305, -181245, 1087062}}, {{-588, -593, 163}}, {0x9C,0x7B,0x00,0x0D,0xE3,0x2A,0xF2,0x36,0x12,0x55,0x5B,0x14,0x9E,0xF6,0x39,0x01,0xC0,0x3B,0xFD,0x3F,0x26,0x44,0xDB,0xFF,0xBF,0xF6,0xFF,0xA3,0x00,0x40,0xD4,0x13,0x30,0xC0,0xD3,0x5B,0x59,0x42,0x1B,0x01}},
    {2983, 7, 0x0D, 3, 274, {-4421152, -2800751, -11597199}, {{20286, -181310, 1087296}, {19964, -181419, 1087232}}, {{-180, -519, 168}}, {0xA7,0x7B,0x00,0x0D,0x83,0x27,0xF2,0x46,0x0E,0x55,0xE3,0x14,0x9E,0xFA,0x3C,0x01,0xC2,0x3B,0x3D,0xD0,0x25,0xC4,0xF4,0xFF,0xE7,0xF7,0xFF,0xA8,0x00,0x00,0x7F,0x13,0x50,0xB5,0xD3,0x03,0x5C,0x42,0x12,0x01}},
    {3013, 7, 0x0D, 3, 283, {-4421632, -2801315, -11596767}, {{20734, -180605, 1087552}, {20392, -180734, 1086891}}, {{-253, -516, 511}}, {0xC5,0x7B,0x00,0x0D,0x03,0x20,0xF2,0x76,0x05,0x55,0x43,0x18,0x9E,0xFA,0x43,0x01,0x83,0x3E,0x3D,0x10,0x26,0x34,0xF0,0xFF,0xF3,0xF7,0xFF,0xFF,0x01,0x00,0xEA,0x13,0x20,0xE0,0xD3,0xAF,0x56,0x42,0x1B,0x01}},
    {3037, 7, 0x0D, 3, 292, {-4422096, -2802003, -11596139}, {{20154, -181309, 1088256}, {20052, -181588, 1088256}}, {{-177, -325, 154}}, {0xDD,0x7B,0x00,0x0D,0xC3,0x18,0xF2,0xB6,0xFA,0x54,0x2B,0x1D,0x9E,0xEA,0x3A,0x01,0xC3,0x3B,0x3D,0xC0,0x26,0xF4,0xF4,0xFF,0xEF,0xFA,0xFF,0x9A,0x00,0x00,0x95,0x13,0xC0,0xAA,0xD3,0x03,0x6C,0x42,0x24,0x01}},
    {3067, 7, 0x0D, 3, 283, {-4422776, -2802399, -11595579}, {{20990, -182010, 1087425}, {20819, -182356, 1088596}}, {{-334, -599, 755}}, {0xFB,0x7B,0x00,0x0D,0x23,0x0E,0xF2,0x86,0xF4,0x54,0x8B,0x21,0x9E,0xFA,0x47,0x01,0x06,0x39,0x7D,0xF0,0x25,0x24,0xEB,0xFF,0xA7,0xF6,0xFF,0xF3,0x02,0xC0,0x54,0x14,0xC0,0x7A,0xD3,0x53,0x71,0x42,0x1B,0x01}},
    {3091, 7, 0x0D, 3, 274, {-4423288, -2803051, -11595015}, {{19646, -181116, 1088256}, {19455, -181245, 1088000}}, {{-356, -251, 512}}, {0x13,0x7C,0x00,0x0D,0x23,0x06,0xF2,0x56,0xEA,0x54,0xF3,0x25,0x9E,0xFA,0x32,0x01,0x84,0x3C,0x3D,0xC0,0x26,0xC4,0xE9,0xFF,0x17,0xFC,0xFF,0x00,0x02,0xC0,0xFF,0x12,0x30,0xC0,0xD3,0x03,0x68,0x42,0x12,0x01}},
    {3756, 7, 0x0D, 3, 393, {7824328, 2366293, -1281142}, {{11514, -176894, 1087296}, {11347, -177492, 1088511}}, {{-186, -768, 584}}, {0xAC,0x7E,0x00,0x0D,0x23,0x8F,0xDD,0x55,0x6D,0x90,0x14,0xE7,0xD8,0xEB,0xB3,0x00,0x02,0x4D,0x3D,0xD0,0x25,0x64,0xF4,0xFF,0x03,0xF4,0xFF,0x48,0x02,0xC0,0x14,0x0B,0xC0,0xAA,0xD4,0xFF,0x6F,0x42,0x89,0x01}},
    {3780, 7, 0x0D, 3, 384, {7824912, 2365741, -1280394}, {{10749, -177277, 1088127}, {11433, -177407, 1088769}}, {{-351, -495, 668}}, {0xC4,0x7E,0x00,0x0D,0x43,0x98,0xDD,0xB5,0x64,0x90,0xEC,0xEC,0xD8,0xF7,0xA7,0x00,0x83,0x4B,0xFD,0x9F,0x26,0x14,0xEA,0xFF,0x47,0xF8,0xFF,0x9C,0x02,0x40,0x2A,0x0B,0x10,0xB0,0xD4,0x07,0x74,0x42,0x80,0x01}},
    {3791, 7, 0x0D, 3, 384, {7824944, 2365493, -1279926}, {{11454, -177149, 1088256}, {11176, -177065, 1088597}}, {{-268, -420, 419}}, {0xCF,0x7E,0x00,0x0D,0xC3,0x98,0xDD,0xD5,0x60,0x90,0x94,0xF0,0xD8,0xFB,0xB2,0x00,0x03,0x4C,0x3D,0xC0,0x26,0x44,0xEF,0xFF,0x73,0xF9,0xFF,0xA3,0x01,0x00,0xEA,0x0A,0x70,0xC5,0xD4,0x57,0x71,0x42,0x80,0x01}},
    {3815, 7, 0x0D, 3, 384, {7825264, 2364977, -1278930}, {{10364, -177725, 1087488}, {10324, -178090, 1087317}}, {{2, -333, -6}}, {0xE7,0x7E,0x00,0x0D,0xC3,0x9D,0xDD,0xC5,0x58,0x90,0x5C,0xF8,0xD8,0xF3,0xA1,0x00,0xC3,0x49,0x3D,0x00,0x26,0x24,0x00,0x00,0xCC,0xFA,0xFF,0xFA,0xFF,0x3F,0x15,0x0A,0x60,0x85,0xD4,0x57,0x5D,0x42,0x80,0x01}},
    {3845, 7, 0x0D, 3, 384, {7825808, 2364565, -1278190}, {{9789, -177982, 1088064}, {10494, -177918, 1087402}}, {{-256, -272, 154}}, {0x05,0x7F,0x00,0x0D,0x43,0xA6,0xDD,0x55,0x52,0x90,0x24,0xFE,0xD8,0xF7,0x98,0x00,0xC2,0x48,0x3D,0x90,0x26,0x04,0xF0,0xFF,0xC3,0xFB,0xFF,0x9A,0x00,0x80,0x3F,0x0A,0x20,0x90,0xD4,0xAB,0x5E,0x42,0x80,0x01}},
    {3869, 7, 0x0D, 3, 384, {7826048, 2364021, -1277554}, {{11324, -177983, 1087615}, {11436, -177662, 1087829}}, {{-255, -98, 416}}, {0x1D,0x7F,0x00,0x0D,0x03,0xAA,0xDD,0xD5,0x49,0x90,0x1C,0x03,0xD9,0xF3,0xB0,0x00,0xC1,0x48,0xFD,0x1F,0x26,0x14,0xF0,0xFF,0x7B,0xFE,0xFF,0xA0,0x01,0x00,0x2B,0x0B,0x20,0xA0,0xD4,0x57,0x65,0x42,0x80,0x01}},
    {3899, 7, 0x0D, 3, 384, {7826096, 2363457, -1276814}, {{10364, -177341, 1088320}, {10324, -177663, 1088597}}, {{86, -256, 677}}, {0x3B,0x7F,0x00,0x0D,0xC3,0xAA,0xDD,0x05,0x41,0x90,0xE4,0x08,0xD9,0xF3,0xA1,0x00,0x43,0x4B,0x3D,0xD0,0x26,0x64,0x05,0x00,0x00,0xFC,0xFF,0xA5,0x02,0x00,0x15,0x0A,0x10,0xA0,0xD4,0x57,0x71,0x42,0x80,0x01}},
    {3923, 7, 0x0D, 3, 384, {7826304, 2363025, -1275878}, {{11003, -177470, 1087616}, {10579, -177664, 1087401}}, {{161, -609, 0}}, {0x53,0x7F,0x00,0x0D,0x03,0xAE,0xDD,0x45,0x3A,0x90,0x34,0x10,0xD9,0xEF,0xAB,0x00,0xC2,0x4A,0x3D,0x20,0x26,0x14,0x0A,0x00,0x7C,0xF6,0xFF,0x00,0x00,0xC0,0x54,0x0A,0x00,0xA0,0xD4,0xA7,0x5E,0x42,0x80,0x01}},
    {3934, 7, 0x0D, 3, 384, {7826768, 2362733, -1275658}, {{10171, -177406, 1087872}, {10238, -177406, 1087061}}, {{-334, -426, 322}}, {0x5E,0x7F,0x00,0x0D,0x43,0xB5,0xDD,0xB5,0x35,0x90,0xEC,0x11,0xD9,0xEF,0x9E,0x00,0x02,0x4B,0x3D,0x60,0x26,0x24,0xEB,0xFF,0x5B,0xF9,0xFF,0x42,0x01,0x80,0xFF,0x09,0x20,0xB0,0xD4,0x57,0x59,0x42,0x80,0x01}},
    {3958, 7, 0x0D, 3, 402, {7827264, 2362245, -1274858}, {{11006, -176513, 1088191}, {10666, -176638, 1088427}}, {{-190, -343, -90}}, {0x76,0x7F,0x00,0x0D,0x03,0xBD,0xDD,0x15,0x2E,0x90,0x2C,0x18,0xD9,0xFB,0xAB,0x00,0x7F,0x4E,0xFD,0xAF,0x26,0x24,0xF4,0xFF,0xA7,0xFA,0xFF,0xA6,0xFF,0xBF,0x6A,0x0A,0x20,0xE0,0xD4,0xAF,0x6E,0x42,0x92,0x01}},
    {3988, 7, 0x0D, 3, 384, {7827944, 2361649, -1273886}, {{11325, -177470, 1088192}, {11431, -177491, 1088426}}, {{-261, -595, 245}}, {0x94,0x7F,0x00,0x0D,0xA3,0xC7,0xDD,0xC5,0x24,0x90,0xC4,0x1F,0xD9,0xF7,0xB0,0x00,0xC2,0x4A,0x3D,0xB0,0x26,0xB4,0xEF,0xFF,0xB7,0xF6,0xFF,0xF5,0x00,0xC0,0x29,0x0B,0xD0,0xAA,0xD4,0xAB,0x6E,0x42,0x80,0x01}},
    {4012, 7, 0x0D, 3, 384, {7828472, 2361137, -1273230}, {{11450, -177023, 1087744}, {11005, -177064, 1086805}}, {{-340, -511, 408}}, {0xAC,0x7F,0x00,0x0D,0xE3,0xCF,0xDD,0xC5,0x1C,0x90,0xE4,0x24,0xD9,0xEB,0xB2,0x00,0x81,0x4C,0x3D,0x40,0x26,0xC4,0xEA,0xFF,0x07,0xF8,0xFF,0x98,0x01,0x40,0xBF,0x0A,0x80,0xC5,0xD4,0x57,0x55,0x42,0x80,0x01}},
    {4042, 7, 0x0D, 3, 384, {7829024, 2360629, -1272034}, {{10427, -176958, 1087616}, {10665, -177236, 1087829}}, {{-183, -261, 155}}, {0xCA,0x7F,0x00,0x0D,0x83,0xD8,0xDD,0xD5,0x14,0x90,0x3C,0x2E,0xD9,0xEF,0xA2,0x00,0xC2,0x4C,0x3D,0x20,0x26,0x94,0xF4,0xFF,0xEF,0xFB,0xFF,0x9B,0x00,0x40,0x6A,0x0A,0xC0,0xBA,0xD4,0x57,0x65,0x42,0x80,0x01}},
    {4066, 7, 0x0D, 3, 393, {7829688, 2359997, -1271662}, {{10110, -178044, 1088128}, {10408, -178346, 1088000}}, {{-169, -431, 153}}, {0xE2,0x7F,0x00,0x0D,0xE3,0xE2,0xDD,0xF5,0x0A,0x90,0x24,0x31,0xD9,0xFB,0x9D,0x00,0x84,0x48,0x3D,0xA0,0x26,0x74,0xF5,0xFF,0x47,0xF9,0xFF,0x99,0x00,0x00,0x2A,0x0A,0x60,0x75,0xD4,0x03,0x68,0x42,0x89,0x01}},
    {4077, 7, 0x0D, 3, 384, {7830128, 2359809, -1271494}, {{10877, -178113, 1087423}, {10495, -177576, 1087318}}, {{-89, -249, 82}}, {0xED,0x7F,0x00,0x0D,0xC3,0xE9,0xDD,0x05,0x08,0x90,0x74,0x32,0xD9,0xF7,0xA9,0x00,0x3F,0x48,0xFD,0xEF,0x25,0x74,0xFA,0xFF,0x1F,0xFC,0xFF,0x52,0x00,0xC0,0x3F,0x0A,0x80,0xA5,0xD4,0x5B,0x5D,0x42,0x80,0x01}},
    {5, 7, 0x0D, 3, 384, {7830920, 2359357, -1270586}, {{11387, -176895, 1088064}, {11176, -177150, 1088000}}, {{-268, -671, 421}}, {0x05,0x70,0x00,0x0D,0x23,0xF6,0xDD,0xF5,0x00,0x90,0x8C,0x39,0xD9,0xEF,0xB1,0x00,0x01,0x4D,0x3D,0x90,0x26,0x44,0xEF,0xFF,0x87,0xF5,0xFF,0xA5,0x01,0x00,0xEA,0x0A,0x20,0xC0,0xD4,0x03,0x68,0x42,0x80,0x01}},
    {35, 7, 0x0D, 3, 384, {7831600, 2358685, -1269506}, {{10814, -176702, 1087296}, {10153, -177150, 1086890}}, {{-263, -254, 67}}, {0x23,0x70,0x00,0x0D,0xC3,0x00,0xDE,0x75,0xF6,0x8F,0xFC,0x41,0xD9,0xFB,0xA8,0x00,0xC2,0x4D,0x3D,0xD0,0x25,0x94,0xEF,0xFF,0x0B,0xFC,0xFF,0x43,0x00,0x40,0xEA,0x09,0x20,0xC0,0xD4,0xAB,0x56,0x42,0x80,0x01}},
    {59, 7, 0x0D, 3, 384, {7832072, 2358053, -1268886}, {{10812, -176831, 1088192}, {10492, -176809, 1088938}}, {{-175, -671, 421}}, {0x3B,0x70,0x00,0x0D,0x23,0x08,0xDE,0x95,0xEC,0x8F,0xD4,0x46,0xD9,0xF3,0xA8,0x00,0x41,0x4D,0x3D,0xB0,0x26,0x14,0xF5,0xFF,0x87,0xF5,0xFF,0xA5,0x01,0x00,0x3F,0x0A,0x70,0xD5,0xD4,0xAB,0x76,0x42,0x80,0x01}},
    {89, 7, 0x0D, 3, 384, {7832520, 2357369, -1267942}, {{11007, -178110, 1088128}, {11348, -177576, 1087829}}, {{-353, -417, 580}}, {0x59,0x70,0x00,0x0D,0x23,0x0F,0xDE,0xE5,0xE1,0x8F,0x34,0x4E,0xD9,0xFF,0xAB,0x00,0x42,0x48,0x3D,0xA0,0x26,0xF4,0xE9,0xFF,0x7F,0xF9,0xFF,0x44,0x02,0x00,0x15,0x0B,0x80,0xA5,0xD4,0x57,0x65,0x42,0x80,0x01}},
    {113, 7, 0x0D, 3, 384, {7833024, 2356725, -1267426}, {{10941, -177793, 1087551}, {11091, -177236, 1087574}}, {{-254, -500, 502}}, {0x71,0x70,0x00,0x0D,0x03,0x17,0xDE,0xD5,0xD7,0x8F,0x3C,0x52,0xD9,0xF7,0xAA,0x00,0x7F,0x49,0xFD,0x0F,0x26,0x24,0xF0,0xFF,0x33,0xF8,0xFF,0xF6,0x01,0xC0,0xD4,0x0A,0xC0,0xBA,0xD4,0x5B,0x61,0x42,0x80,0x01}},
    {124, 7, 0x0D, 3, 384, {7833176, 2356469, -1267046}, {{10556, -177343, 1086848}, {10409, -177320, 1087317}}, {{-350, -602, 231}}, {0x7C,0x70,0x00,0x0D,0x63,0x19,0xDE,0xD5,0xD3,0x8F,0x34,0x55,0xD9,0xF3,0xA4,0x00,0x41,0x4B,0x3D,0x60,0x25,0x24,0xEA,0xFF,0x9B,0xF6,0xFF,0xE7,0x00,0x40,0x2A,0x0A,0x80,0xB5,0xD4,0x57,0x5D,0x42,0x80,0x01}},
    {148, 7, 0x0D, 3, 384, {7833880, 2355721, -1266366}, {{10617, -177472, 1088640}, {11178, -177407, 1088425}}, {{-10, -422, 168}}, {0x94,0x70,0x00,0x0D,0x63,0x24,0xDE,0x25,0xC8,0x8F,0x84,0x5A,0xD9,0xE7,0xA5,0x00,0xC0,0x4A,0x3D,0x20,0x27,0x64,0xFF,0xFF,0x6B,0xF9,0xFF,0xA8,0x00,0x80,0xEA,0x0A,0x10,0xB0,0xD4,0xA7,0x6E,0x42,0x80,0x01}},
    {178, 7, 0x0D, 3, 384, {7834792, 2354993, -1265414}, {{11258, -177663, 1087104}, {10748, -177492, 1088085}}, {{-93, -673, 242}}, {0xB2,0x70,0x00,0x0D,0xA3,0x32,0xDE,0xC5,0xBC,0x8F,0xF4,0x61,0xD9,0xEB,0xAF,0x00,0x01,0x4A,0x3D,0xA0,0x25,0x34,0xFA,0xFF,0x7F,0xF5,0xFF,0xF2,0x00,0x00,0x7F,0x0A,0xC0,0xAA,0xD4,0x57,0x69,0x42,0x80,0x01}},
    {202, 7, 0x0D, 3, 384, {7835184, 2354561, -1264882}, {{10364, -177342, 1087040}, {10578, -177404, 1087829}}, {{-529, -592, 233}}, {0xCA,0x70,0x00,0x0D,0xC3,0x38,0xDE,0x05,0xB6,0x8F,0x1C,0x66,0xD9,0xF3,0xA1,0x00,0x42,0x4B,0x3D,0x90,0x25,0xF4,0xDE,0xFF,0xC3,0xF6,0xFF,0xE9,0x00,0x80,0x54,0x0A,0x40,0xB0,0xD4,0x57,0x65,0x42,0x80,0x01}},
    {232, 7, 0x0D, 3, 384, {7835656, 2353821, -1263866}, {{11259, -177724, 1088000}, {11518, -177491, 1087915}}, {{-343, -511, 160}}, {0xE8,0x70,0x00,0x0D,0x23,0x40,0xDE,0x75,0xAA,0x8F,0x0C,0x6E,0xD9,0xEF,0xAF,0x00,0xC4,0x49,0x3D,0x80,0x26,0x94,0xEA,0xFF,0x07,0xF8,0xFF,0xA0,0x00,0x80,0x3F,0x0B,0xD0,0xAA,0xD4,0xAF,0x66,0x42,0x80,0x01}},
    {243, 7, 0x0D, 3, 384, {7835848, 2353501, -1263450}, {{12028, -177534, 1087296}, {11774, -177236, 1087146}}, {{-354, -331, 148}}, {0xF3,0x70,0x00,0x0D,0x23,0x43,0xDE,0x75,0xA5,0x8F,0x4C,0x71,0xD9,0xF3,0xBB,0x00,0x82,0x4A,0x3D,0xD0,0x25,0xE4,0xE9,0xFF,0xD7,0xFA,0xFF,0x94,0x00,0x80,0x7F,0x0B,0xC0,0xBA,0xD4,0xAB,0x5A,0x42,0x80,0x01}},
    {256, 7, 0x0D, 3, 384, {7835712, 2353297, -1262938}, {{11070, -177403, 1087488}, {11176, -177578, 1087317}}, {{-170, -511, 156}}, {0x00,0x71,0x00,0x0D,0x03,0x41,0xDE,0x45,0xA2,0x8F,0x4C,0x75,0xD9,0xFB,0xAC,0x00,0x05,0x4B,0x3D,0x00,0x26,0x64,0xF5,0xFF,0x07,0xF8,0xFF,0x9C,0x00,0x00,0xEA,0x0A,0x60,0xA5,0xD4,0x57,0x5D,0x42,0x80,0x01}},
    {267, 7, 0x0D, 3, 393, {7835792, 2353065, -1262802}, {{10878, -177408, 1087872}, {10666, -177493, 1087999}}, {{-4, -161, 166}}, {0x0B,0x71,0x00,0x0D,0x43,0x42,0xDE,0xA5,0x9E,0x8F,0x5C,0x76,0xD9,0xFB,0xA9,0x00,0x00,0x4B,0x3D,0x60,0x26,0xC4,0xFF,0xFF,0x7F,0xFD,0xFF,0xA6,0x00,0x80,0x6A,0x0A,0xB0,0xAA,0xD4,0xFF,0x67,0x42,0x89,0x01}},
    {297, 7, 0x0D, 3, 384, {7836368, 2352469, -1261914}, {{11183, -177059, 1087568}, {11004, -177322, 1087828}}, {{-185, -510, 152}}, {0x29,0x71,0x00,0x0D,0x43,0x4B,0xDE,0x55,0x95,0x8F,0x4C,0x7D,0xD9,0xBF,0xAE,0x00,0x5D,0x4C,0x3D,0x14,0x26,0x74,0xF4,0xFF,0x0B,0xF8,0xFF,0x98,0x00,0x00,0xBF,0x0A,0x60,0xB5,0xD4,0x53,0x65,0x42,0x80,0x01}},
    {321, 7, 0x0D, 3, 384, {7836776, 2351893, -1261622}, {{10940, -176832, 1088128}, {11263, -177064, 1088767}}, {{-265, -171, 156}}, {0x41,0x71,0x00,0x0D,0xA3,0x51,0xDE,0x55,0x8C,0x8F,0x94,0x7F,0xD9,0xF3,0xAA,0x00,0x40,0x4D,0x3D,0xA0,0x26,0x74,0xEF,0xFF,0x57,0xFD,0xFF,0x9C,0x00,0xC0,0xFF,0x0A,0x80,0xC5,0xD4,0xFF,0x73,0x42,0x80,0x01}},
    {345, 7, 0x0D, 3, 384, {7836936, 2351265, -1260846}, {{11005, -177917, 1087808}, {10835, -178602, 1088086}}, {{-257, -416, 158}}, {0x59,0x71,0x00,0x0D,0x23,0x54,0xDE,0x85,0x82,0x8F,0xA4,0x85,0xD9,0xF7,0xAB,0x00,0x03,0x49,0x3D,0x50,0x26,0xF4,0xEF,0xFF,0x83,0xF9,0xFF,0x9E,0x00,0xC0,0x94,0x0A,0x60,0x65,0xD4,0x5B,0x69,0x42,0x80,0x01}},
    {375, 7, 0x0D, 3, 384, {7837456, 2350677, -1260238}, {{10302, -177534, 1088192}, {10922, -177579, 1087914}}, {{81, -255, 598}}, {0x77,0x71,0x00,0x0D,0x43,0x5C,0xDE,0x55,0x79,0x8F,0x64,0x8A,0xD9,0xFB,0xA0,0x00,0x82,0x4A,0x3D,0xB0,0x26,0x14,0x05,0x00,0x04,0xFC,0xFF,0x56,0x02,0x80,0xAA,0x0A,0x50,0xA5,0xD4,0xAB,0x66,0x42,0x80,0x01}},
    {386, 7, 0x0D, 3, 384, {7837536, 2350541, -1259754}, {{10749, -177150, 1088320}, {10407, -177234, 1088597}}, {{-337, -509, 237}}, {0x82,0x71,0x00,0x0D,0x83,0x5D,0xDE,0x35,0x77,0x8F,0x2C,0x8E,0xD9,0xF7,0xA7,0x00,0x02,0x4C,0x3D,0xD0,0x26,0xF4,0xEA,0xFF,0x0F,0xF8,0xFF,0xED,0x00,0xC0,0x29,0x0A,0xE0,0xBA,0xD4,0x57,0x71,0x42,0x80,0x01}},
    {399, 7, 0x0D, 3, 384, {7837640, 2350277, -1259306}, {{10684, -177662, 1087744}, {11093, -177407, 1087402}}, {{-107, -423, 671}}, {0x8F,0x71,0x00,0x0D,0x23,0x5F,0xDE,0x15,0x73,0x8F,0xAC,0x91,0xD9,0xF3,0xA6,0x00,0x02,0x4A,0x3D,0x40,0x26,0x54,0xF9,0xFF,0x67,0xF9,0xFF,0x9F,0x02,0x40,0xD5,0x0A,0x10,0xB0,0xD4,0xAB,0x5E,0x42,0x80,0x01}},
    {410, 7, 0x0D, 3, 384, {7838232, 2349961, -1258762}, {{11384, -177791, 1086656}, {11686, -177747, 1086890}}, {{-342, -599, 76}}, {0x9A,0x71,0x00,0x0D,0x63,0x68,0xDE,0x25,0x6E,0x8F,0xEC,0x95,0xD9,0xE3,0xB1,0x00,0x81,0x49,0x3D,0x30,0x25,0xA4,0xEA,0xFF,0xA7,0xF6,0xFF,0x4C,0x00,0x80,0x69,0x0B,0xD0,0x9A,0xD4,0xAB,0x56,0x42,0x80,0x01}},
    {440, 7, 0x0D, 3, 384, {7839112, 2349241, -1258210}, {{10235, -177791, 1088512}, {10408, -177407, 1088170}}, {{-265, -514, 327}}, {0xB8,0x71,0x00,0x0D,0x23,0x76,0xDE,0xE5,0x62,0x8F,0x3C,0x9A,0xD9,0xEF,0x9F,0x00,0x81,0x49,0x3D,0x00,0x27,0x74,0xEF,0xFF,0xFB,0xF7,0xFF,0x47,0x01,0x00,0x2A,0x0A,0x10,0xB0,0xD4,0xAB,0x6A,0x42,0x80,0x01}},
    {464, 7, 0x0D, 3, 384, {7839904, 2348497, -1257510}, {{11322, -177982, 1087104}, {11262, -177662, 1087743}}, {{-188, -259, -175}}, {0xD0,0x71,0x00,0x0D,0x83,0x82,0xDE,0x45,0x57,0x8F,0xB4,0x9F,0xD9,0xEB,0xB0,0x00,0xC2,0x48,0x3D,0xA0,0x25,0x44,0xF4,0xFF,0xF7,0xFB,0xFF,0x51,0xFF,0xBF,0xFF,0x0A,0x20,0xA0,0xD4,0xFF,0x63,0x42,0x80,0x01}},
    {494, 7, 0x0D, 3, 384, {7840328, 2347849, -1256534}, {{10941, -177150, 1087296}, {11004, -177151, 1087573}}, {{-180, -666, 149}}, {0xEE,0x71,0x00,0x0D,0x23,0x89,0xDE,0x25,0x4D,0x8F,0x54,0xA7,0xD9,0xF7,0xAA,0x00,0x02,0x4C,0x3D,0xD0,0x25,0xC4,0xF4,0xFF,0x9B,0xF5,0xFF,0x95,0x00,0x00,0xBF,0x0A,0x10,0xC0,0xD4,0x57,0x61,0x42,0x80,0x01}},
    {518, 7, 0x0D, 3, 384, {7840704, 2347449, -1255790}, {{11390, -178175, 1088192}, {10921, -178175, 1087828}}, {{-168, -264, 162}}, {0x06,0x72,0x00,0x0D,0x03,0x8F,0xDE,0xE5,0x46,0x8F,0x24,0xAD,0xD9,0xFB,0xB1,0x00,0x01,0x48,0x3D,0xB0,0x26,0x84,0xF5,0xFF,0xE3,0xFB,0xFF,0xA2,0x00,0x40,0xAA,0x0A,0x10,0x80,0xD4,0x53,0x65,0x42,0x80,0x01}},
    {529, 7, 0x0D, 3, 384, {7840688, 2347209, -1255602}, {{10556, -178174, 1086848}, {11431, -177236, 1087146}}, {{-14, -593, 511}}, {0x11,0x72,0x00,0x0D,0xC3,0x8E,0xDE,0x25,0x43,0x8F,0x9C,0xAE,0xD9,0xF3,0xA4,0x00,0x02,0x48,0x3D,0x60,0x25,0x24,0xFF,0xFF,0xBF,0xF6,0xFF,0xFF,0x01,0xC0,0x29,0x0B,0xC0,0xBA,0xD4,0xAB,0x5A,0x42,0x80,0x01}},
    {553, 7, 0x0D, 3, 384, {7841336, 2346545, -1254694}, {{10364, -178109, 1088768}, {10238, -178090, 1088682}}, {{-257, -267, 245}}, {0x29,0x72,0x00,0x0D,0xE3,0x98,0xDE,0xC5,0x38,0x8F,0xB4,0xB5,0xD9,0xF3,0xA1,0x00,0x43,0x48,0x3D,0x40,0x27,0xF4,0xEF,0xFF,0xD7,0xFB,0xFF,0xF5,0x00,0x80,0xFF,0x09,0x60,0x85,0xD4,0xAB,0x72,0x42,0x80,0x01}},
    {583, 7, 0x0D, 3, 384, {7841680, 2345857, -1253810}, {{10876, -177342, 1088256}, {11004, -177579, 1087231}}, {{2, -677, 250}}, {0x47,0x72,0x00,0x0D,0x43,0x9E,0xDE,0x05,0x2E,0x8F,0x9C,0xBC,0xD9,0xF3,0xA9,0x00,0x42,0x4B,0x3D,0xC0,0x26,0x24,0x00,0x00,0x6C,0xF5,0xFF,0xFA,0x00,0x00,0xBF,0x0A,0x50,0xA5,0xD4,0xFF,0x5B,0x42,0x80,0x01}},
    {607, 7, 0x0D, 3, 384, {7842544, 2345465, -1253614}, {{10682, -177983, 1087104}, {10749, -177406, 1087402}}, {{-254, -671, 327}}, {0x5F,0x72,0x00,0x0D,0xC3,0xAB,0xDE,0xE5,0x27,0x8F,0x24,0xBE,0xD9,0xEB,0xA6,0x00,0xC1,0x48,0x3D,0xA0,0x25,0x24,0xF0,0xFF,0x87,0xF5,0xFF,0x47,0x01,0x40,0x7F,0x0A,0x20,0xB0,0xD4,0xAB,0x5E,0x42,0x80,0x01}},
    {637, 7, 0x0D, 3, 384, {7843320, 2344717, -1253002}, {{11069, -177535, 1089408}, {10832, -177491, 1089023}}, {{-94, -606, 74}}, {0x7D,0x72,0x00,0x0D,0xE3,0xB7,0xDE,0x35,0x1C,0x8F,0xEC,0xC2,0xD9,0xF7,0xAC,0x00,0x81,0x4A,0x3D,0xE0,0x27,0x24,0xFA,0xFF,0x8B,0xF6,0xFF,0x4A,0x00,0x00,0x94,0x0A,0xD0,0xAA,0xD4,0xFF,0x77,0x42,0x80,0x01}},
    {3015, 7, 0x0D, 3, 338, {-4017840, 523545, -1816974}, {{11321, -176191, 1089024}, {10918, -176381, 1088597}}, {{-439, -774, 153}}, {0xC7,0x7B,0x00,0x0D,0x43,0xC5,0x0A,0x67,0xF4,0x1F,0xE4,0x8C,0xC8,0xE7,0xB0,0x00,0xC1,0x4F,0x3D,0x80,0x27,0x94,0xE4,0xFF,0xEB,0xF3,0xFF,0x99,0x00,0x80,0xA9,0x0A,0x30,0xF0,0xD4,0x57,0x71,0x42,0x52,0x01}},
    {3045, 7, 0x0D, 3, 329, {-4017304, 522593, -1816094}, {{10302, -176578, 1087679}, {10664, -176639, 1087061}}, {{-174, -329, 73}}, {0xE5,0x7B,0x00,0x0D,0xA3,0xCD,0x0A,0x87,0xE5,0x1F,0xC4,0x93,0xC8,0xFB,0xA0,0x00,0x3E,0x4E,0xFD,0x2F,0x26,0x24,0xF5,0xFF,0xDF,0xFA,0xFF,0x49,0x00,0x00,0x6A,0x0A,0x10,0xE0,0xD4,0x57,0x59,0x42,0x49,0x01}},
    {3069, 7, 0x0D, 3, 338, {-4017336, 521961, -1815222}, {{10430, -176636, 1087808}, {10493, -176723, 1087488}}, {{-174, -522, -187}}, {0xFD,0x7B,0x00,0x0D,0x23,0xCD,0x0A,0xA7,0xDB,0x1F,0x94,0x9A,0xC8,0xFB,0xA2,0x00,0x04,0x4E,0x3D,0x50,0x26,0x24,0xF5,0xFF,0xDB,0xF7,0xFF,0x45,0xFF,0x7F,0x3F,0x0A,0xD0,0xDA,0xD4,0x03,0x60,0x42,0x52,0x01}},
    {3080, 7, 0x0D, 3, 329, {-4017160, 521577, -1815002}, {{10684, -175866, 1088705}, {10238, -175956, 1088255}}, {{-264, -591, 676}}, {0x08,0x7C,0x00,0x0D,0xE3,0xCF,0x0A,0xA7,0xD5,0x1F,0x4C,0x9C,0xC8,0xF3,0xA6,0x00,0x06,0x51,0x7D,0x30,0x27,0x84,0xEF,0xFF,0xC7,0xF6,0xFF,0xA4,0x02,0x80,0xFF,0x09,0xC0,0x0A,0xD5,0xFF,0x6B,0x42,0x49,0x01}},
    {3093, 7, 0x0D, 3, 338, {-4017064, 521197, -1814502}, {{10811, -176379, 1089600}, {11092, -176211, 1089451}}, {{-164, -344, -79}}, {0x15,0x7C,0x00,0x0D,0x63,0xD1,0x0A,0xB7,0xCF,0x1F,0x34,0xA0,0xC8,0xEF,0xA8,0x00,0x05,0x4F,0x3D,0x10,0x28,0xC4,0xF5,0xFF,0xA3,0xFA,0xFF,0xB1,0xFF,0x3F,0xD5,0x0A,0xD0,0xFA,0xD4,0xAF,0x7E,0x42,0x52,0x01}},
    {3104, 7, 0x0D, 3, 329, {-4016752, 520965, -1814234}, {{11644, -176384, 1088704}, {11434, -176640, 1089279}}, {{-168, -175, 228}}, {0x20,0x7C,0x00,0x0D,0x43,0xD6,0x0A,0x17,0xCC,0x1F,0x4C,0xA2,0xC8,0xF3,0xB5,0x00,0x00,0x4F,0x3D,0x30,0x27,0x84,0xF5,0xFF,0x47,0xFD,0xFF,0xE4,0x00,0x80,0x2A,0x0B,0x00,0xE0,0xD4,0xFF,0x7B,0x42,0x49,0x01}},
    {3134, 7, 0x0D, 3, 347, {-4016432, 520193, -1813118}, {{10813, -176766, 1087936}, {10837, -176383, 1088937}}, {{-4, -271, 605}}, {0x3E,0x7C,0x00,0x0D,0x43,0xDB,0x0A,0x07,0xC0,0x1F,0x04,0xAB,0xC8,0xF7,0xA8,0x00,0x82,0x4D,0x3D,0x70,0x26,0xC4,0xFF,0xFF,0xC7,0xFB,0xFF,0x5D,0x02,0x40,0x95,0x0A,0x10,0xF0,0xD4,0xA7,0x76,0x42,0x5B,0x01}},
    {3158, 7, 0x0D, 3, 329, {-4015768, 519609, -1812674}, {{10749, -175677, 1088448}, {11004, -176127, 1089707}}, {{-254, -596, 241}}, {0x56,0x7C,0x00,0x0D,0xA3,0xE5,0x0A,0xE7,0xB6,0x1F,0x7C,0xAE,0xC8,0xF7,0xA7,0x00,0xC3,0x51,0x3D,0xF0,0x26,0x24,0xF0,0xFF,0xB3,0xF6,0xFF,0xF1,0x00,0x00,0xBF,0x0A,0x10,0x00,0xD5,0xAF,0x82,0x42,0x49,0x01}},
    {3188, 7, 0x0D, 3, 338, {-4015296, 518697, -1811750}, {{10171, -176955, 1088192}, {10409, -176725, 1088341}}, {{-81, -338, 666}}, {0x74,0x7C,0x00,0x0D,0x03,0xED,0x0A,0xA7,0xA8,0x1F,0xB4,0xB5,0xC8,0xEF,0x9E,0x00,0xC5,0x4C,0x3D,0xB0,0x26,0xF4,0xFA,0xFF,0xBB,0xFA,0xFF,0x9A,0x02,0x40,0x2A,0x0A,0xB0,0xDA,0xD4,0x57,0x6D,0x42,0x52,0x01}},
    {3212, 7, 0x0D, 3, 329, {-4014592, 518073, -1810622}, {{10297, -176510, 1089152}, {10492, -176128, 1089109}}, {{-261, -673, 413}}, {0x8C,0x7C,0x00,0x0D,0x03,0xF8,0x0A,0xE7,0x9E,0x1F,0x84,0xBE,0xC8,0xE7,0xA0,0x00,0x82,0x4E,0x3D,0xA0,0x27,0xB4,0xEF,0xFF,0x7F,0xF5,0xFF,0x9D,0x01,0x00,0x3F,0x0A,0x00,0x00,0xD5,0x57,0x79,0x42,0x49,0x01}},
    {3223, 7, 0x0D, 3, 329, {-4014232, 517753, -1810106}, {{11068, -176385, 1088959}, {11602, -176896, 1089194}}, {{82, -602, 64}}, {0x97,0x7C,0x00,0x0D,0xA3,0xFD,0x0A,0xE7,0x99,0x1F,0x8C,0xC2,0xC8,0xF3,0xAC,0x00,0xFF,0x4E,0xFD,0x6F,0x27,0x24,0x05,0x00,0x98,0xF6,0xFF,0x40,0x00,0x80,0x54,0x0B,0x00,0xD0,0xD4,0xAB,0x7A,0x42,0x49,0x01}},
    {3247, 7, 0x0D, 3, 338, {-4013568, 516953, -1809458}, {{10045, -176766, 1089216}, {9554, -176382, 1089024}}, {{-602, -513, 519}}, {0xAF,0x7C,0x00,0x0D,0x03,0x08,0x0B,0x67,0x8D,0x1F,0x9C,0xC7,0xC8,0xF7,0x9C,0x00,0x82,0x4D,0x3D,0xB0,0x27,0x64,0xDA,0xFF,0xFF,0xF7,0xFF,0x07,0x02,0x80,0x54,0x09,0x20,0xF0,0xD4,0x03,0x78,0x42,0x52,0x01}},
    {3277, 7, 0x0D, 3, 329, {-4013496, 515797, -1808926}, {{10493, -176380, 1087424}, {10238, -176383, 1088000}}, {{-252, -349, 688}}, {0xCD,0x7C,0x00,0x0D,0x23,0x09,0x0B,0x57,0x7B,0x1F,0xC4,0xCB,0xC8,0xF7,0xA3,0x00,0x04,0x4F,0x3D,0xF0,0x25,0x44,0xF0,0xFF,0x8F,0xFA,0xFF,0xB0,0x02,0x80,0xFF,0x09,0x10,0xF0,0xD4,0x03,0x68,0x42,0x49,0x01}},
    {3301, 7, 0x0D, 3, 347, {-4013096, 515077, -1808326}, {{10491, -176125, 1087552}, {10665, -176297, 1088255}}, {{-266, -521, 324}}, {0xE5,0x7C,0x00,0x0D,0x63,0x0F,0x0B,0x17,0x70,0x1F,0x74,0xD0,0xC8,0xEF,0xA3,0x00,0x03,0x50,0x3D,0x10,0x26,0x64,0xEF,0xFF,0xDF,0xF7,0xFF,0x44,0x01,0x40,0x6A,0x0A,0x70,0xF5,0xD4,0xFF,0x6B,0x42,0x5B,0x01}},
    {3331, 7, 0x0D, 3, 347, {-4012456, 514445, -1807706}, {{10493, -175549, 1088768}, {10322, -176297, 1088170}}, {{-264, -601, 504}}, {0x03,0x7D,0x00,0x0D,0x63,0x19,0x0B,0x37,0x66,0x1F,0x4C,0xD5,0xC8,0xF7,0xA3,0x00,0x43,0x52,0x3D,0x40,0x27,0x84,0xEF,0xFF,0x9F,0xF6,0xFF,0xF8,0x01,0x80,0x14,0x0A,0x70,0xF5,0xD4,0xAB,0x6A,0x42,0x5B,0x01}},
    {3355, 7, 0x0D, 3, 338, {-4012296, 513789, -1807010}, {{9852, -175614, 1087808}, {10578, -175786, 1087061}}, {{-173, -678, 74}}, {0x1B,0x7D,0x00,0x0D,0xE3,0x1B,0x0B,0xF7,0x5B,0x1F,0xBC,0xDA,0xC8,0xF3,0x99,0x00,0x02,0x52,0x3D,0x50,0x26,0x34,0xF5,0xFF,0x6B,0xF5,0xFF,0x4A,0x00,0x80,0x54,0x0A,0x60,0x15,0xD5,0x57,0x59,0x42,0x52,0x01}},
    {3366, 7, 0x0D, 3, 329, {-4012136, 513529, -1806762}, {{11198, -176573, 1089152}, {10750, -176381, 1089365}}, {{-609, -434, 168}}, {0x26,0x7D,0x00,0x0D,0x63,0x1E,0x0B,0xE7,0x57,0x1F,0xAC,0xDC,0xC8,0xFB,0xAE,0x00,0x43,0x4E,0x3D,0xA0,0x27,0xF4,0xD9,0xFF,0x3B,0xF9,0xFF,0xA8,0x00,0x80,0x7F,0x0A,0x30,0xF0,0xD4,0x57,0x7D,0x42,0x49,0x01}},
    {3390, 7, 0x0D, 3, 338, {-4011792, 512881, -1806170}, {{10232, -175550, 1088384}, {10235, -176127, 1088853}}, {{-180, -677, 412}}, {0x3E,0x7D,0x00,0x0D,0xC3,0x23,0x0B,0xC7,0x4D,0x1F,0x4C,0xE1,0xC8,0xE3,0x9F,0x00,0x42,0x52,0x3D,0xE0,0x26,0xC4,0xF4,0xFF,0x6F,0xF5,0xFF,0x9C,0x01,0xC0,0xFE,0x09,0x10,0x00,0xD5,0x57,0x75,0x42,0x52,0x01}},
    {3420, 7, 0x0D, 3, 356, {-4010912, 512293, -1805582}, {{9724, -176640, 1088191}, {9726, -176297, 1086976}}, {{-342, -336, 430}}, {0x5C,0x7D,0x00,0x0D,0x83,0x31,0x0B,0x97,0x44,0x1F,0xE4,0xE5,0xC8,0xF3,0x97,0x00,0x00,0x4E,0xFD,0xAF,0x26,0xA4,0xEA,0xFF,0xC3,0xFA,0xFF,0xAE,0x01,0x80,0x7F,0x09,0x70,0xF5,0xD4,0x03,0x58,0x42,0x64,0x01}},
    {3444, 7, 0x0D, 3, 329, {-4011184, 511813, -1804886}, {{10624, -175741, 1089536}, {10665, -176124, 1089792}}, {{-435, -436, -260}}, {0x74,0x7D,0x00,0x0D,0x43,0x2D,0x0B,0x17,0x3D,0x1F,0x54,0xEB,0xC8,0x03,0xA6,0x00,0x83,0x51,0x3D,0x00,0x28,0xD4,0xE4,0xFF,0x33,0xF9,0xFF,0xFC,0xFE,0x7F,0x6A,0x0A,0x40,0x00,0xD5,0x03,0x84,0x42,0x49,0x01}},
    {3474, 7, 0x0D, 3, 356, {-4010640, 511077, -1804254}, {{10303, -175935, 1087872}, {10580, -176127, 1088426}}, {{-91, -249, 329}}, {0x92,0x7D,0x00,0x0D,0xC3,0x35,0x0B,0x97,0x31,0x1F,0x44,0xF0,0xC8,0xFF,0xA0,0x00,0xC1,0x50,0x3D,0x60,0x26,0x54,0xFA,0xFF,0x1F,0xFC,0xFF,0x49,0x01,0x00,0x55,0x0A,0x10,0x00,0xD5,0xAB,0x6E,0x42,0x64,0x01}},
    {3498, 7, 0x0D, 3, 338, {-4010368, 510449, -1803606}, {{10813, -175868, 1089728}, {10749, -176295, 1089451}}, {{-346, -431, 333}}, {0xAA,0x7D,0x00,0x0D,0x03,0x3A,0x0B,0xC7,0x27,0x1F,0x54,0xF5,0xC8,0xF7,0xA8,0x00,0x04,0x51,0x3D,0x30,0x28,0x64,0xEA,0xFF,0x47,0xF9,0xFF,0x4D,0x01,0x40,0x7F,0x0A,0x90,0xF5,0xD4,0xAF,0x7E,0x42,0x52,0x01}},
    {3509, 7, 0x0D, 3, 329, {-4010384, 510221, -1803238}, {{10366, -176701, 1089856}, {10749, -176725, 1089535}}, {{-174, -509, 509}}, {0xB5,0x7D,0x00,0x0D,0xC3,0x39,0x0B,0x37,0x24,0x1F,0x34,0xF8,0xC8,0xFB,0xA1,0x00,0xC3,0x4D,0x3D,0x50,0x28,0x24,0xF5,0xFF,0x0F,0xF8,0xFF,0xFD,0x01,0x40,0x7F,0x0A,0xB0,0xDA,0xD4,0xFF,0x7F,0x42,0x49,0x01}},
    {3533, 7, 0x0D, 3, 338, {-4009928, 509493, -1802574}, {{10620, -176960, 1088448}, {10663, -176807, 1088255}}, {{-528, -598, -12}}, {0xCD,0x7D,0x00,0x0D,0xE3,0x40,0x0B,0xD7,0x18,0x1F,0x64,0xFD,0xC8,0xF3,0xA5,0x00,0xC0,0x4C,0x3D,0xF0,0x26,0x04,0xDF,0xFF,0xAB,0xF6,0xFF,0xF4,0xFF,0xFF,0x69,0x0A,0x90,0xD5,0xD4,0xFF,0x6B,0x42,0x52,0x01}},
    {3563, 7, 0x0D, 3, 347, {-4009192, 508761, -1801986}, {{11453, -176576, 1088704}, {11090, -176638, 1088682}}, {{-269, -433, 425}}, {0xEB,0x7D,0x00,0x0D,0x63,0x4C,0x0B,0x67,0x0D,0x1F,0xFC,0x01,0xC9,0xF7,0xB2,0x00,0x40,0x4E,0x3D,0x30,0x27,0x34,0xEF,0xFF,0x3F,0xF9,0xFF,0xA9,0x01,0x80,0xD4,0x0A,0x20,0xE0,0xD4,0xAB,0x72,0x42,0x5B,0x01}},
    {3587, 7, 0x0D, 3, 356, {-4008944, 508093, -1801550}, {{10366, -176894, 1088128}, {10923, -176895, 1088255}}, {{-98, 1, 163}}, {0x03,0x7E,0x00,0x0D,0x43,0x50,0x0B,0xF7,0x02,0x1F,0x64,0x05,0xC9,0xFB,0xA1,0x00,0x02,0x4D,0x3D,0xA0,0x26,0xE4,0xF9,0xFF,0x07,0x00,0x00,0xA3,0x00,0xC0,0xAA,0x0A,0x10,0xD0,0xD4,0xFF,0x6B,0x42,0x64,0x01}},
    {3617, 7, 0x0D, 3, 356, {-4008880, 507505, -1800458}, {{11581, -176383, 1089472}, {11092, -175954, 1089877}}, {{-351, -430, 160}}, {0x21,0x7E,0x00,0x0D,0x43,0x51,0x0B,0xC7,0xF9,0x1E,0xEC,0x0D,0xC9,0xF7,0xB4,0x00,0x01,0x4F,0x3D,0xF0,0x27,0x14,0xEA,0xFF,0x4B,0xF9,0xFF,0xA0,0x00,0x00,0xD5,0x0A,0xE0,0x0A,0xD5,0x57,0x85,0x42,0x64,0x01}},
    {3628, 7, 0x0D, 3, 329, {-4008816, 507229, -1800126}, {{11323, -175933, 1089152}, {11178, -176126, 1089450}}, {{-88, -172, -5}}, {0x2C,0x7E,0x00,0x0D,0x43,0x52,0x0B,0x77,0xF5,0x1E,0x84,0x10,0xC9,0xEF,0xB0,0x00,0xC3,0x50,0x3D,0xA0,0x27,0x84,0xFA,0xFF,0x53,0xFD,0xFF,0xFB,0xFF,0xBF,0xEA,0x0A,0x20,0x00,0xD5,0xAB,0x7E,0x42,0x49,0x01}},
    {3641, 7, 0x0D, 3, 329, {-4008856, 506985, -1799994}, {{11072, -176511, 1088576}, {11003, -176299, 1089535}}, {{-90, -772, 64}}, {0x39,0x7E,0x00,0x0D,0xA3,0x51,0x0B,0xA7,0xF1,0x1E,0x8C,0x11,0xC9,0x03,0xAD,0x00,0x81,0x4E,0x3D,0x10,0x27,0x64,0xFA,0xFF,0xF3,0xF3,0xFF,0x40,0x00,0xC0,0xBE,0x0A,0x50,0xF5,0xD4,0xFF,0x7F,0x42,0x49,0x01}},
    {3652, 7, 0x0D, 3, 329, {-4008672, 506625, -1799634}, {{11067, -175804, 1088704}, {10835, -175613, 1088342}}, {{-611, -603, 231}}, {0x44,0x7E,0x00,0x0D,0x83,0x54,0x0B,0x07,0xEC,0x1E,0x5C,0x14,0xC9,0xEF,0xAC,0x00,0x44,0x51,0x3D,0x30,0x27,0xD4,0xD9,0xFF,0x97,0xF6,0xFF,0xE7,0x00,0xC0,0x94,0x0A,0x30,0x20,0xD5,0x5B,0x6D,0x42,0x49,0x01}},
    {3682, 7, 0x0D, 3, 356, {-4008352, 505417, -1799270}, {{10939, -176572, 1089920}, {10749, -176210, 1089195}}, {{-358, -434, -83}}, {0x62,0x7E,0x00,0x0D,0x83,0x59,0x0B,0x27,0xD9,0x1E,0x34,0x17,0xC9,0xEF,0xAA,0x00,0x44,0x4E,0x3D,0x60,0x28,0xA4,0xE9,0xFF,0x3B,0xF9,0xFF,0xAD,0xFF,0x7F,0x7F,0x0A,0xE0,0xFA,0xD4,0xAF,0x7A,0x42,0x64,0x01}},
    {3706, 7, 0x0D, 3, 329, {-4008064, 504769, -1798830}, {{10235, -177213, 1088448}, {10495, -177407, 1089194}}, {{-96, -344, 246}}, {0x7A,0x7E,0x00,0x0D,0x03,0x5E,0x0B,0x07,0xCF,0x1E,0xA4,0x1A,0xC9,0xEF,0x9F,0x00,0xC3,0x4B,0x3D,0xF0,0x26,0x04,0xFA,0xFF,0xA3,0xFA,0xFF,0xF6,0x00,0xC0,0x3F,0x0A,0x10,0xB0,0xD4,0xAB,0x7A,0x42,0x49,0x01}},
    {3730, 7, 0x0D, 3, 320, {-4007568, 504297, -1798370}, {{9533, -177344, 1090368}, {9724, -176983, 1090558}}, {{174, -768, 84}}, {0x92,0x7E,0x00,0x0D,0xC3,0x65,0x0B,0xA7,0xC7,0x1E,0x3C,0x1E,0xC9,0xF7,0x94,0x00,0x40,0x4B,0x3D,0xD0,0x28,0xE4,0x0A,0x00,0x00,0xF4,0xFF,0x54,0x00,0x00,0x7F,0x09,0x90,0xCA,0xD4,0xFB,0x8F,0x42,0x40,0x01}},
    {3760, 7, 0x0D, 3, 347, {-4006832, 503401, -1797438}, {{10685, -176766, 1089728}, {10922, -176980, 1088597}}, {{-184, -252, 342}}, {0xB0,0x7E,0x00,0x0D,0x43,0x71,0x0B,0xA7,0xB9,0x1E,0x84,0x25,0xC9,0xF7,0xA6,0x00,0x82,0x4D,0x3D,0x30,0x28,0x84,0xF4,0xFF,0x13,0xFC,0xFF,0x56,0x01,0x80,0xAA,0x0A,0xC0,0xCA,0xD4,0x57,0x71,0x42,0x5B,0x01}},
    {3771, 7, 0x0D, 3, 338, {-4006896, 503105, -1797138}, {{10302, -176124, 1089088}, {10407, -176125, 1089024}}, {{-348, -675, 414}}, {0xBB,0x7E,0x00,0x0D,0x43,0x70,0x0B,0x07,0xB5,0x1E,0xDC,0x27,0xC9,0xFB,0xA0,0x00,0x04,0x50,0x3D,0x90,0x27,0x44,0xEA,0xFF,0x77,0xF5,0xFF,0x9E,0x01,0xC0,0x29,0x0A,0x30,0x00,0xD5,0x03,0x78,0x42,0x52,0x01}},
    {3784, 7, 0x0D, 3, 338, {-4006616, 502601, -1796658}, {{10618, -175805, 1088512}, {10663, -176040, 1088598}}, {{-259, -853, 586}}, {0xC8,0x7E,0x00,0x0D,0xA3,0x74,0x0B,0x27,0xAD,0x1E,0x9C,0x2B,0xC9,0xEB,0xA5,0x00,0x43,0x51,0x3D,0x00,0x27,0xD4,0xEF,0xFF,0xAF,0xF2,0xFF,0x4A,0x02,0xC0,0x69,0x0A,0x80,0x05,0xD5,0x5B,0x71,0x42,0x52,0x01}},
    {3795, 7, 0x0D, 3, 320, {-4006184, 502173, -1796274}, {{10939, -176509, 1088512}, {10576, -176641, 1088170}}, {{-18, -686, 150}}, {0xD3,0x7E,0x00,0x0D,0x63,0x7B,0x0B,0x77,0xA6,0x1E,0x9C,0x2E,0xC9,0xEF,0xAA,0x00,0x83,0x4E,0x3D,0x00,0x27,0xE4,0xFE,0xFF,0x4B,0xF5,0xFF,0x96,0x00,0x00,0x54,0x0A,0xF0,0xDF,0xD4,0xAB,0x6A,0x42,0x40,0x01}},
    {3825, 7, 0x0D, 3, 347, {-4005104, 501225, -1795530}, {{11389, -175808, 1089216}, {11431, -176041, 1090303}}, {{-252, -593, 418}}, {0xF1,0x7E,0x00,0x0D,0x43,0x8C,0x0B,0xA7,0x97,0x1E,0x6C,0x34,0xC9,0xF7,0xB1,0x00,0x40,0x51,0x3D,0xB0,0x27,0x44,0xF0,0xFF,0xBF,0xF6,0xFF,0xA2,0x01,0xC0,0x29,0x0B,0x70,0x05,0xD5,0xFF,0x8B,0x42,0x5B,0x01}},
    {3849, 7, 0x0D, 3, 329, {-4004224, 500477, -1795094}, {{10045, -176768, 1089024}, {9898, -176296, 1088682}}, {{-343, -251, 330}}, {0x09,0x7F,0x00,0x0D,0x03,0x9A,0x0B,0xF7,0x8B,0x1E,0xD4,0x37,0xC9,0xF7,0x9C,0x00,0x80,0x4D,0x3D,0x80,0x27,0x94,0xEA,0xFF,0x17,0xFC,0xFF,0x4A,0x01,0x80,0xAA,0x09,0x80,0xF5,0xD4,0xAB,0x72,0x42,0x49,0x01}},
    {3879, 7, 0x0D, 3, 347, {-4003696, 499617, -1794458}, {{10044, -176702, 1088576}, {10493, -176639, 1088852}}, {{-13, -423, 239}}, {0x27,0x7F,0x00,0x0D,0x43,0xA2,0x0B,0x87,0x7E,0x1E,0xCC,0x3C,0xC9,0xF3,0x9C,0x00,0xC2,0x4D,0x3D,0x10,0x27,0x34,0xFF,0xFF,0x67,0xF9,0xFF,0xEF,0x00,0x40,0x3F,0x0A,0x10,0xE0,0xD4,0x53,0x75,0x42,0x5B,0x01}},
    {3903, 7, 0x0D, 3, 338, {-4003224, 498929, -1793514}, {{9849, -176319, 1089152}, {9984, -176126, 1089194}}, {{-345, -340, 504}}, {0x3F,0x7F,0x00,0x0D,0xA3,0xA9,0x0B,0xC7,0x73,0x1E,0x2C,0x44,0xC9,0xE7,0x99,0x00,0x41,0x4F,0x3D,0xA0,0x27,0x74,0xEA,0xFF,0xB3,0xFA,0xFF,0xF8,0x01,0x00,0xC0,0x09,0x20,0x00,0xD5,0xAB,0x7A,0x42,0x52,0x01}},
    {3914, 7, 0x0D, 3, 356, {-4003040, 498633, -1793302}, {{9851, -176384, 1089088}, {9897, -176211, 1089108}}, {{-276, -427, 431}}, {0x4A,0x7F,0x00,0x0D,0x83,0xAC,0x0B,0x27,0x6F,0x1E,0xD4,0x45,0xC9,0xEF,0x99,0x00,0x00,0x4F,0x3D,0x90,0x27,0xC4,0xEE,0xFF,0x57,0xF9,0xFF,0xAF,0x01,0x40,0xAA,0x09,0xD0,0xFA,0xD4,0x53,0x79,0x42,0x64,0x01}},
    {3927, 7, 0x0D, 3, 338, {-4002656, 498193, -1793178}, {{10746, -176639, 1089984}, {10747, -176553, 1089706}}, {{-90, -858, 158}}, {0x57,0x7F,0x00,0x0D,0x83,0xB2,0x0B,0x47,0x68,0x1E,0xCC,0x46,0xC9,0xEB,0xA7,0x00,0x01,0x4E,0x3D,0x70,0x28,0x64,0xFA,0xFF,0x9B,0xF2,0xFF,0x9E,0x00,0xC0,0x7E,0x0A,0x70,0xE5,0xD4,0xAB,0x82,0x42,0x52,0x01}},
    {3938, 7, 0x0D, 3, 347, {-4002344, 497845, -1792858}, {{11388, -175997, 1088320}, {11433, -176553, 1088853}}, {{-254, -344, 774}}, {0x62,0x7F,0x00,0x0D,0x63,0xB7,0x0B,0xD7,0x62,0x1E,0x4C,0x49,0xC9,0xF3,0xB1,0x00,0x83,0x50,0x3D,0xD0,0x26,0x24,0xF0,0xFF,0xA3,0xFA,0xFF,0x06,0x03,0x40,0x2A,0x0B,0x70,0xE5,0xD4,0x57,0x75,0x42,0x5B,0x01}},
    {3968, 7, 0x0D, 3, 356, {-4001896, 497249, -1791738}, {{10301, -176639, 1088383}, {10492, -176638, 1087403}}, {{-265, -687, 515}}, {0x80,0x7F,0x00,0x0D,0x63,0xBE,0x0B,0x87,0x59,0x1E,0x0C,0x52,0xC9,0xF7,0xA0,0x00,0x01,0x4E,0xFD,0xDF,0x26,0x74,0xEF,0xFF,0x47,0xF5,0xFF,0x03,0x02,0x00,0x3F,0x0A,0x20,0xE0,0xD4,0xAF,0x5E,0x42,0x64,0x01}},
    {3992, 7, 0x0D, 3, 347, {-4001432, 496681, -1790782}, {{10494, -176318, 1087104}, {10837, -176894, 1087743}}, {{-266, -348, 425}}, {0x98,0x7F,0x00,0x0D,0xA3,0xC5,0x0B,0xA7,0x50,0x1E,0x84,0x59,0xC9,0xFB,0xA3,0x00,0x42,0x4F,0x3D,0xA0,0x25,0x64,0xEF,0xFF,0x93,0xFA,0xFF,0xA9,0x01,0x40,0x95,0x0A,0x20,0xD0,0xD4,0xFF,0x63,0x42,0x5B,0x01}},
    {4022, 7, 0x0D, 3, 356, {-4001008, 495701, -1789878}, {{9789, -177598, 1089344}, {9128, -177833, 1089280}}, {{-87, -590, 238}}, {0xB6,0x7F,0x00,0x0D,0x43,0xCC,0x0B,0x57,0x41,0x1E,0x94,0x60,0xC9,0xF7,0x98,0x00,0x42,0x4A,0x3D,0xD0,0x27,0x94,0xFA,0xFF,0xCB,0xF6,0xFF,0xEE,0x00,0x00,0xEA,0x08,0x70,0x95,0xD4,0x03,0x7C,0x42,0x64,0x01}},
    {4046, 7, 0x0D, 3, 347, {-4000472, 494973, -1789702}, {{10299, -176252, 1088576}, {9811, -176041, 1088597}}, {{-249, -425, 334}}, {0xCE,0x7F,0x00,0x0D,0xA3,0xD4,0x0B,0xF7,0x35,0x1E,0xF4,0x61,0xC9,0xEF,0xA0,0x00,0x84,0x4F,0x3D,0x10,0x27,0x74,0xF0,0xFF,0x5F,0xF9,0xFF,0x4E,0x01,0xC0,0x94,0x09,0x70,0x05,0xD5,0x57,0x71,0x42,0x5B,0x01}},
    {4057, 7, 0x0D, 3, 356, {-4000504, 494717, -1789206}, {{10877, -176510, 1088576}, {11007, -176298, 1088255}}, {{-10, -263, 763}}, {0xD9,0x7F,0x00,0x0D,0x23,0xD4,0x0B,0xF7,0x31,0x1E,0xD4,0x65,0xC9,0xF7,0xA9,0x00,0x82,0x4E,0x3D,0x10,0x27,0x64,0xFF,0xFF,0xE7,0xFB,0xFF,0xFB,0x02,0xC0,0xBF,0x0A,0x60,0xF5,0xD4,0xFF,0x6B,0x42,0x64,0x01}},
    {4081, 7, 0x0D, 3, 356, {-4000408, 494217, -1788186}, {{10558, -176703, 1088319}, {10493, -176382, 1088085}}, {{-176, -440, 168}}, {0xF1,0x7F,0x00,0x0D,0xA3,0xD5,0x0B,0x27,0x2A,0x1E,0xCC,0x6D,0xC9,0xFB,0xA4,0x00,0xC1,0x4D,0xFD,0xCF,0x26,0x04,0xF5,0xFF,0x23,0xF9,0xFF,0xA8,0x00,0x40,0x3F,0x0A,0x20,0xF0,0xD4,0x57,0x69,0x42,0x64,0x01}},
    {15, 7, 0x0D, 3, 329, {-4000040, 493357, -1787446}, {{10301, -176829, 1089728}, {9727, -176724, 1089536}}, {{-269, -431, 430}}, {0x0F,0x70,0x00,0x0D,0x63,0xDB,0x0B,0xB7,0x1C,0x1E,0x94,0x73,0xC9,0xF7,0xA0,0x00,0x43,0x4D,0x3D,0x30,0x28,0x34,0xEF,0xFF,0x47,0xF9,0xFF,0xAE,0x01,0xC0,0x7F,0x09,0xC0,0xDA,0xD4,0x03,0x80,0x42,0x49,0x01}},
    {39, 7, 0x0D, 3, 338, {-4000064, 492749, -1787034}, {{11072, -175934, 1088128}, {11519, -176126, 1088255}}, {{-266, -430, 159}}, {0x27,0x70,0x00,0x0D,0x03,0xDB,0x0B,0x37,0x13,0x1E,0xCC,0x76,0xC9,0x03,0xAD,0x00,0xC2,0x50,0x3D,0xA0,0x26,0x64,0xEF,0xFF,0x4B,0xF9,0xFF,0x9F,0x00,0xC0,0x3F,0x0B,0x20,0x00,0xD5,0xFF,0x6B,0x42,0x52,0x01}},
    {69, 7, 0x0D, 3, 356, {-3999400, 491853, -1786354}, {{10813, -176254, 1088896}, {10919, -176298, 1089365}}, {{85, -601, 512}}, {0x45,0x70,0x00,0x0D,0x63,0xE5,0x0B,0x37,0x05,0x1E,0x1C,0x7C,0xC9,0xF7,0xA8,0x00,0x82,0x4F,0x3D,0x60,0x27,0x54,0x05,0x00,0x9C,0xF6,0xFF,0x00,0x02,0xC0,0xA9,0x0A,0x60,0xF5,0xD4,0x57,0x7D,0x42,0x64,0x01}},
    {93, 7, 0x0D, 3, 347, {-3999032, 491205, -1785378}, {{9919, -176509, 1089024}, {9981, -176381, 1089451}}, {{-514, -436, 158}}, {0x5D,0x70,0x00,0x0D,0x23,0xEB,0x0B,0x17,0xFB,0x1D,0xBC,0x83,0xC9,0xFF,0x9A,0x00,0x83,0x4E,0x3D,0x80,0x27,0xE4,0xDF,0xFF,0x33,0xF9,0xFF,0x9E,0x00,0x40,0xBF,0x09,0x30,0xF0,0xD4,0xAF,0x7E,0x42,0x5B,0x01}},
    {104, 7, 0x0D, 3, 338, {-3999112, 490969, -1785010}, {{11455, -176446, 1089536}, {11857, -176724, 1089194}}, {{-174, -770, 232}}, {0x68,0x70,0x00,0x0D,0xE3,0xE9,0x0B,0x67,0xF7,0x1D,0x9C,0x86,0xC9,0xFF,0xB2,0x00,0xC2,0x4E,0x3D,0x00,0x28,0x24,0xF5,0xFF,0xFB,0xF3,0xFF,0xE8,0x00,0x40,0x94,0x0B,0xC0,0xDA,0xD4,0xAB,0x7A,0x42,0x52,0x01}},
    {128, 7, 0x0D, 3, 347, {-3998576, 490149, -1784250}, {{10364, -176894, 1089408}, {10407, -176807, 1089706}}, {{-517, -523, 162}}, {0x80,0x70,0x00,0x0D,0x43,0xF2,0x0B,0x97,0xEA,0x1D,0x8C,0x8C,0xC9,0xF3,0xA1,0x00,0x02,0x4D,0x3D,0xE0,0x27,0xB4,0xDF,0xFF,0xD7,0xF7,0xFF,0xA2,0x00,0xC0,0x29,0x0A,0x90,0xD5,0xD4,0xAB,0x82,0x42,0x5B,0x01}},
    {158, 7, 0x0D, 3, 329, {-3998320, 489261, -1783478}, {{10365, -176702, 1088704}, {10408, -177064, 1088768}}, {{-526, -422, 433}}, {0x9E,0x70,0x00,0x0D,0x43,0xF6,0x0B,0xB7,0xDC,0x1D,0x94,0x92,0xC9,0xF7,0xA1,0x00,0xC2,0x4D,0x3D,0x30,0x27,0x24,0xDF,0xFF,0x6B,0xF9,0xFF,0xB1,0x01,0x00,0x2A,0x0A,0x80,0xC5,0xD4,0x03,0x74,0x42,0x49,0x01}},
    {182, 7, 0x0D, 3, 329, {-3997816, 488633, -1782850}, {{11132, -176509, 1088576}, {11259, -176469, 1088170}}, {{-91, -856, 67}}, {0xB6,0x70,0x00,0x0D,0x23,0xFE,0x0B,0xE7,0xD2,0x1D,0x7C,0x97,0xC9,0xF3,0xAD,0x00,0x83,0x4E,0x3D,0x10,0x27,0x54,0xFA,0xFF,0xA3,0xF2,0xFF,0x43,0x00,0xC0,0xFE,0x0A,0xB0,0xEA,0xD4,0xAB,0x6A,0x42,0x49,0x01}},
    {212, 7, 0x0D, 3, 347, {-3997024, 487645, -1782054}, {{11260, -177023, 1089536}, {11520, -177151, 1090047}}, {{-334, -82, 413}}, {0xD4,0x70,0x00,0x0D,0x83,0x0A,0x0C,0x77,0xC3,0x1D,0xB4,0x9D,0xC9,0xF3,0xAF,0x00,0x81,0x4C,0x3D,0x00,0x28,0x24,0xEB,0xFF,0xBB,0xFE,0xFF,0x9D,0x01,0x00,0x40,0x0B,0x10,0xC0,0xD4,0xFF,0x87,0x42,0x5B,0x01}},
    {236, 7, 0x0D, 3, 338, {-3996664, 487177, -1781250}, {{10748, -175936, 1088768}, {10749, -175786, 1088682}}, {{-1, -609, 333}}, {0xEC,0x70,0x00,0x0D,0x23,0x10,0x0C,0x27,0xBC,0x1D,0xFC,0xA3,0xC9,0xF3,0xA7,0x00,0xC0,0x50,0x3D,0x40,0x27,0xF4,0xFF,0xFF,0x7F,0xF6,0xFF,0x4D,0x01,0x40,0x7F,0x0A,0x60,0x15,0xD5,0xAB,0x72,0x42,0x52,0x01}},
    {247, 7, 0x0D, 3, 338, {-3996320, 486921, -1781118}, {{10621, -176255, 1089216}, {10151, -176127, 1089364}}, {{-176, -603, 146}}, {0xF7,0x70,0x00,0x0D,0x83,0x15,0x0C,0x27,0xB8,0x1D,0x04,0xA5,0xC9,0xF7,0xA5,0x00,0x81,0x4F,0x3D,0xB0,0x27,0x04,0xF5,0xFF,0x97,0xF6,0xFF,0x92,0x00,0xC0,0xE9,0x09,0x10,0x00,0xD5,0x53,0x7D,0x42,0x52,0x01}},
    {271, 7, 0x0D, 3, 329, {-3996056, 486273, -1780586}, {{10427, -177470, 1088000}, {10918, -177660, 1088257}}, {{-613, -771, 672}}, {0x0F,0x71,0x00,0x0D,0xA3,0x19,0x0C,0x07,0xAE,0x1D,0x2C,0xA9,0xC9,0xEF,0xA2,0x00,0xC2,0x4A,0x3D,0x80,0x26,0xB4,0xD9,0xFF,0xF7,0xF3,0xFF,0xA0,0x02,0x80,0xA9,0x0A,0x40,0xA0,0xD4,0x07,0x6C,0x42,0x49,0x01}},
    {301, 7, 0x0D, 3, 338, {-3995816, 485373, -1779678}, {{9852, -176766, 1088192}, {10324, -176812, 1088511}}, {{-3, -79, -85}}, {0x2D,0x71,0x00,0x0D,0x63,0x1D,0x0C,0xF7,0x9F,0x1D,0x44,0xB0,0xC9,0xF3,0x99,0x00,0x82,0x4D,0x3D,0xB0,0x26,0xD4,0xFF,0xFF,0xC7,0xFE,0xFF,0xAB,0xFF,0x3F,0x15,0x0A,0x40,0xD5,0xD4,0xFF,0x6F,0x42,0x52,0x01}},
    {325, 7, 0x0D, 3, 329, {-3995376, 484677, -1779014}, {{10747, -176766, 1089600}, {10154, -176639, 1088511}}, {{-266, -252, 594}}, {0x45,0x71,0x00,0x0D,0x43,0x24,0x0C,0x17,0x95,0x1D,0x74,0xB5,0xC9,0xEF,0xA7,0x00,0x82,0x4D,0x3D,0x10,0x28,0x64,0xEF,0xFF,0x13,0xFC,0xFF,0x52,0x02,0x80,0xEA,0x09,0x10,0xE0,0xD4,0xFF,0x6F,0x42,0x49,0x01}},
    {355, 7, 0x0D, 3, 329, {-3994696, 483965, -1778050}, {{10494, -176893, 1088512}, {10582, -176809, 1087658}}, {{-343, -10, 423}}, {0x63,0x71,0x00,0x0D,0xE3,0x2E,0x0C,0xF7,0x89,0x1D,0xFC,0xBC,0xC9,0xFB,0xA3,0x00,0x03,0x4D,0x3D,0x00,0x27,0x94,0xEA,0xFF,0xDB,0xFF,0xFF,0xA7,0x01,0x80,0x55,0x0A,0x70,0xD5,0xD4,0xAB,0x62,0x42,0x49,0x01}},
    {366, 7, 0x0D, 3, 338, {-3994680, 483833, -1777686}, {{10813, -176639, 1087680}, {11005, -176554, 1087743}}, {{-347, -350, -88}}, {0x6E,0x71,0x00,0x0D,0x23,0x2F,0x0C,0xE7,0x87,0x1D,0xD4,0xBF,0xC9,0xF7,0xA8,0x00,0x01,0x4E,0x3D,0x30,0x26,0x54,0xEA,0xFF,0x8B,0xFA,0xFF,0xA8,0xFF,0x7F,0xBF,0x0A,0x60,0xE5,0xD4,0xFF,0x63,0x42,0x52,0x01}},
    {379, 7, 0x0D, 3, 356, {-3994744, 483445, -1777454}, {{11002, -176510, 1088384}, {10751, -176895, 1088853}}, {{-172, -253, 235}}, {0x7B,0x71,0x00,0x0D,0x23,0x2E,0x0C,0xD7,0x81,0x1D,0xA4,0xC1,0xC9,0xEB,0xAB,0x00,0x82,0x4E,0x3D,0xE0,0x26,0x44,0xF5,0xFF,0x0F,0xFC,0xFF,0xEB,0x00,0xC0,0x7F,0x0A,0x10,0xD0,0xD4,0x57,0x75,0x42,0x64,0x01}},
    {390, 7, 0x0D, 3, 329, {-3994504, 483209, -1777122}, {{10428, -176831, 1088383}, {10323, -176040, 1088086}}, {{-430, -436, 85}}, {0x86,0x71,0x00,0x0D,0xE3,0x31,0x0C,0x27,0x7E,0x1D,0x3C,0xC4,0xC9,0xF3,0xA2,0x00,0x41,0x4D,0xFD,0xDF,0x26,0x24,0xE5,0xFF,0x33,0xF9,0xFF,0x55,0x00,0xC0,0x14,0x0A,0x80,0x05,0xD5,0x5B,0x69,0x42,0x49,0x01}},
    {420, 7, 0x0D, 3, 338, {-3994256, 482529, -1776430}, {{10493, -176894, 1088960}, {9982, -176896, 1088938}}, {{-9, -343, 262}}, {0xA4,0x71,0x00,0x0D,0xC3,0x35,0x0C,0x87,0x73,0x1D,0xA4,0xC9,0xC9,0xF7,0xA3,0x00,0x02,0x4D,0x3D,0x70,0x27,0x74,0xFF,0xFF,0xA7,0xFA,0xFF,0x06,0x01,0x80,0xBF,0x09,0x00,0xD0,0xD4,0xAB,0x76,0x42,0x52,0x01}},
    {75, 7, 0x0D, 3, 265, {6839555, 982628, 14352718}, {{114500, -180496, 1094577}, {112903, -181394, 1095456}}, {{-33675, 1042, 675}}, {0x4B,0x70,0x00,0x0D,0x0F,0x74,0xA1,0x91,0xF9,0x3B,0x9C,0x02,0xB6,0x11,0xFD,0x06,0xF0,0x3E,0x7D,0xEC,0x2C,0x54,0xC7,0xF7,0x4B,0x10,0x00,0xA3,0x02,0xC0,0x41,0x6E,0xE0,0xB6,0xD3,0x83,0xDC,0x42,0x09,0x01}},
    {88, 7, 0x0D, 3, 292, {6835947, 995140, 14335370}, {{107722, -183012, 1098019}, {110856, -182053, 1094848}}, {{-23281, 949, 1715}}, {0x58,0x70,0x00,0x0D,0xAF,0x3B,0xA1,0x11,0xBD,0x3C,0x14,0x7B,0xB5,0x29,0x93,0x06,0x1C,0x35,0xFD,0x48,0x30,0xF4,0x50,0xFA,0xD7,0x0E,0x00,0xB3,0x06,0x00,0x42,0x6C,0xB0,0x8D,0xD3,0x03,0xD3,0x42,0x24,0x01}},
    {99, 7, 0x0D, 3, 274, {6831515, 1004072, 14323722}, {{116991, -177911, 1085217}, {114859, -180776, 1083498}}, {{-22662, -334, 1453}}, {0x63,0x70,0x00,0x0D,0x6F,0xF6,0xA0,0xA1,0x48,0x3D,0x14,0x20,0xB5,0xFD,0x23,0x07,0x09,0x49,0x7D,0xC8,0x23,0xA4,0x77,0xFA,0xCB,0xFA,0xFF,0xAD,0x05,0xC0,0x2A,0x70,0x80,0xDD,0xD3,0xAB,0x21,0x42,0x12,0x01}},
    {129, 7, 0x0D, 3, 265, {6822427, 1023360, 14298806}, {{112329, -182463, 1090644}, {112133, -183740, 1092021}}, {{-11668, 688, 1175}}, {0x81,0x70,0x00,0x0D,0x6F,0x68,0xA0,0x01,0x76,0x3E,0x6C,0x5D,0xB4,0x25,0xDB,0x06,0x41,0x37,0x3D,0x15,0x29,0xC4,0x26,0xFD,0xC3,0x0A,0x00,0x97,0x04,0x40,0x81,0x6D,0x40,0x24,0xD3,0xD7,0xA6,0x42,0x09,0x01}},
    {153, 7, 0x0D, 3, 301, {6822795, 1032860, 14288894}, {{115311, -189874, 1086031}, {115447, -188284, 1088947}}, {{-8006, -1434, -1036}}, {0x99,0x70,0x00,0x0D,0x2F,0x6E,0xA0,0x71,0x0A,0x3F,0xFC,0x0F,0xB4,0xBD,0x09,0x07,0x4E,0x1A,0xFD,0x93,0x24,0xA4,0x0B,0xFE,0x9B,0xE9,0xFF,0xF4,0xFB,0xFF,0xBD,0x70,0x40,0x08,0xD2,0xCF,0x76,0x42,0x2D,0x01}},
    {177, 7, 0x0D, 3, 274, {6819171, 1033352, 14287214}, {{112857, -193837, 1102773}, {112407, -194864, 1103604}}, {{9288, 3246, 4253}}, {0xB1,0x70,0x00,0x0D,0x8F,0x35,0xA0,0x21,0x12,0x3F,0xDC,0x02,0xB4,0x65,0xE3,0x06,0xD3,0x0A,0x7D,0xED,0x34,0x84,0x44,0x02,0xB8,0x32,0x00,0x9D,0x10,0xC0,0xC5,0x6D,0x00,0x6D,0xD0,0xD3,0x5B,0x43,0x12,0x01}},
    {207, 7, 0x0D, 3, 265, {6798195, 1002216, 14305610}, {{108245, -194552, 1105483}, {108598, -194491, 1103407}}, {{33926, 8107, 7661}}, {0xCF,0x70,0x00,0x0D,0xCF,0xED,0x9E,0xA1,0x2B,0x3D,0x94,0x92,0xB4,0x55,0x9B,0x06,0x08,0x08,0xFD,0x92,0x37,0x64,0x48,0x08,0xAC,0x7E,0x00,0xED,0x1D,0x80,0x0D,0x6A,0x50,0x84,0xD0,0xBF,0x58,0x43,0x09,0x01}},
    {218, 7, 0x0D, 3, 256, {6789731, 983788, 14320246}, {{110092, -195530, 1102718}, {110387, -194200, 1104763}}, {{42715, 7523, 7068}}, {0xDA,0x70,0x00,0x0D,0x8F,0x69,0x9E,0xB1,0x0B,0x3C,0xEC,0x04,0xB5,0x31,0xB8,0x06,0x36,0x04,0xBD,0xDF,0x34,0xB4,0x6D,0x0A,0x8C,0x75,0x00,0x9C,0x1B,0xC0,0xCC,0x6B,0x80,0x96,0xD0,0xEF,0x6D,0x43,0x00,0x01}},
    {231, 7, 0x0D, 3, 274, {6781347, 957492, 14343050}, {{102928, -194088, 1102253}, {101526, -193279, 1094774}}, {{45773, 9639, 11166}}, {0xE7,0x70,0x00,0x0D,0x8F,0xE6,0x9D,0xD1,0x70,0x3A,0x14,0xB7,0xB5,0x41,0x48,0x06,0xD8,0x09,0x7D,0x6B,0x34,0xD4,0x2C,0x0B,0x9C,0x96,0x00,0x9E,0x2B,0x80,0x25,0x63,0x10,0xD0,0xD0,0xDB,0xD1,0x42,0x12,0x01}},
    {242, 7, 0x0D, 3, 292, {6773059, 933348, 14363098}, {{110998, -184509, 1096300}, {112011, -180871, 1091954}}, {{54226, 8695, 3930}}, {0xF2,0x70,0x00,0x0D,0x0F,0x65,0x9D,0x91,0xF7,0x38,0xB4,0x53,0xB6,0x59,0xC6,0x06,0x43,0x2F,0x3D,0x9B,0x2E,0x24,0x3D,0x0D,0xDC,0x87,0x00,0x5A,0x0F,0xC0,0x62,0x6D,0x90,0xD7,0xD3,0xCB,0xA5,0x42,0x24,0x01}},
    {272, 7, 0x0D, 3, 265, {6758163, 867216, 14420894}, {{105808, -169210, 1072636}, {108765, -165793, 1073877}}, {{44682, 7855, 6326}}, {0x10,0x71,0x00,0x0D,0x4F,0x7C,0x9C,0x41,0xEE,0x34,0x3C,0x17,0xB8,0x41,0x75,0x06,0x06,0x6B,0x3D,0x7F,0x17,0xA4,0xE8,0x0A,0xBC,0x7A,0x00,0xB6,0x18,0x40,0x37,0x6A,0xF0,0x85,0xD7,0x57,0x8B,0x41,0x09,0x01}},
    {296, 7, 0x0D, 3, 292, {6746851, 826560, 14456102}, {{105913, -164121, 1065550}, {108580, -163159, 1066978}}, {{31540, 5286, 7334}}, {0x28,0x71,0x00,0x0D,0x8F,0xCB,0x9B,0x01,0x73,0x32,0x4C,0x2A,0xB9,0xE5,0x76,0x06,0xE7,0x7E,0xBD,0x93,0x10,0x44,0xB3,0x07,0x98,0x52,0x00,0xA6,0x1C,0x00,0x09,0x6A,0x90,0x2A,0xD8,0x8B,0x1F,0x41,0x24,0x01}},
    {326, 7, 0x0D, 3, 283, {6733987, 785644, 14482810}, {{104613, -154246, 1084313}, {103479, -154500, 1082771}}, {{23953, 8703, 2806}}, {0x46,0x71,0x00,0x0D,0x8F,0x02,0x9B,0xB1,0xF3,0x2F,0xF4,0xFA,0xB9,0x95,0x62,0x06,0x7A,0xA5,0x7D,0xE6,0x22,0x14,0xD9,0x05,0xFC,0x87,0x00,0xF6,0x0A,0xC0,0x0D,0x65,0xC0,0x47,0xDA,0x4F,0x16,0x42,0x1B,0x01}},
    {350, 7, 0x0D, 3, 292, {6741243, 763040, 14502298}, {{102423, -156770, 1081382}, {103615, -159681, 1084312}}, {{19098, 3576, -93}}, {0x5E,0x71,0x00,0x0D,0xEF,0x73,0x9B,0x81,0x92,0x2E,0x34,0x93,0xBA,0x5D,0x40,0x06,0x9E,0x9B,0xBD,0x09,0x20,0xA4,0xA9,0x04,0xE0,0x37,0x00,0xA3,0xFF,0xFF,0x2F,0x65,0xF0,0x03,0xD9,0x63,0x2E,0x42,0x24,0x01}},
    {361, 7, 0x0D, 3, 274, {6742547, 753520, 14510270}, {{103591, -160617, 1090019}, {102263, -160791, 1092332}}, {{19352, 5717, 1186}}, {0x69,0x71,0x00,0x0D,0x4F,0x88,0x9B,0xC1,0xFD,0x2D,0x7C,0xD1,0xBA,0x9D,0x52,0x06,0x97,0x8C,0xFD,0x78,0x28,0x84,0xB9,0x04,0x54,0x59,0x00,0xA2,0x04,0xC0,0xDD,0x63,0x90,0xBE,0xD8,0xB3,0xAB,0x42,0x12,0x01}},
    {374, 7, 0x0D, 3, 274, {6743187, 741216, 14521626}, {{103819, -159893, 1096352}, {105131, -159301, 1093267}}, {{27454, -66, -3}}, {0x76,0x71,0x00,0x0D,0x4F,0x92,0x9B,0x81,0x3D,0x2D,0x34,0x2A,0xBB,0x2D,0x56,0x06,0x6B,0x8F,0x3D,0xA8,0x2E,0xE4,0xB3,0x06,0xF8,0xFE,0xFF,0xFD,0xFF,0xFF,0xAA,0x66,0xB0,0x1B,0xD9,0x4F,0xBA,0x42,0x12,0x01}},
    {385, 7, 0x0D, 3, 265, {6744627, 731004, 14534870}, {{106683, -155422, 1087136}, {105213, -153999, 1090710}}, {{25332, -675, 411}}, {0x81,0x71,0x00,0x0D,0xCF,0xA8,0x9B,0xF1,0x9D,0x2C,0xAC,0x91,0xBB,0xED,0x82,0x06,0xE2,0xA0,0x3D,0xA8,0x25,0x44,0x2F,0x06,0x74,0xF5,0xFF,0x9B,0x01,0x40,0xBF,0x66,0x10,0x67,0xDA,0x5B,0x92,0x42,0x09,0x01}},
    {415, 7, 0x0D, 3, 265, {6746987, 700340, 14573190}, {{106255, -148799, 1092891}, {104206, -147454, 1091048}}, {{29667, 2482, 1040}}, {0x9F,0x71,0x00,0x0D,0xAF,0xCD,0x9B,0xD1,0xBE,0x2A,0x0C,0xBD,0xBC,0x3D,0x7C,0x06,0xC1,0xBA,0xFD,0x46,0x2B,0x34,0x3E,0x07,0xC8,0x26,0x00,0x10,0x04,0x80,0xC3,0x65,0x20,0x00,0xDC,0xA3,0x97,0x42,0x09,0x01}},
    {439, 7, 0x0D, 3, 310, {6741291, 673532, 14596814}, {{106649, -139856, 1084130}, {105740, -137185, 1081495}}, {{24891, 1725, 2306}}, {0xB7,0x71,0x00,0x0D,0xAF,0x74,0x9B,0xF1,0x1B,0x29,0x9C,0x75,0xBD,0x65,0x82,0x06,0xB0,0xDD,0xBD,0xB8,0x22,0xB4,0x13,0x06,0xF4,0x1A,0x00,0x02,0x09,0x00,0x43,0x67,0xF0,0x81,0xDE,0x5F,0x02,0x42,0x36,0x01}},
    {469, 7, 0x0D, 3, 274, {6737531, 652904, 14617826}, {{101312, -138922, 1076913}, {101210, -138979, 1077582}}, {{9637, 761, 684}}, {0xD5,0x71,0x00,0x0D,0xEF,0x39,0x9B,0xA1,0xD9,0x27,0xC4,0x19,0xBE,0x01,0x2F,0x06,0x56,0xE1,0x7D,0xAC,0x1B,0x54,0x5A,0x02,0xE4,0x0B,0x00,0xAC,0x02,0x80,0xD6,0x62,0xD0,0x11,0xDE,0x3B,0xC5,0x41,0x12,0x01}},
    {493, 7, 0x0D, 3, 265, {6734875, 644564, 14624810}, {{99092, -140156, 1092086}, {99340, -139899, 1092004}}, {{6725, 1620, 1115}}, {0xED,0x71,0x00,0x0D,0x6F,0x10,0x9B,0x51,0x57,0x27,0x54,0x50,0xBE,0x51,0x0C,0x06,0x84,0xDC,0xBD,0x7D,0x2A,0x54,0xA4,0x01,0x50,0x19,0x00,0x5B,0x04,0x00,0x03,0x61,0x50,0xD8,0xDD,0x93,0xA6,0x42,0x09,0x01}},
    {504, 7, 0x0D, 3, 274, {6735211, 642320, 14627458}, {{98426, -139112, 1089275}, {97786, -140650, 1089448}}, {{3496, -856, -13}}, {0xF8,0x71,0x00,0x0D,0xAF,0x15,0x9B,0x41,0x34,0x27,0x04,0x65,0xBE,0xE9,0x01,0x06,0x98,0xE0,0xFD,0xBE,0x27,0x84,0xDA,0x00,0xA0,0xF2,0xFF,0xF3,0xFF,0xBF,0x7E,0x5F,0x60,0xA9,0xDD,0xA3,0x7E,0x42,0x12,0x01}},
    {528, 7, 0x0D, 3, 283, {6732571, 638928, 14632350}, {{101245, -139886, 1094906}, {100007, -139294, 1093201}}, {{4937, -834, 755}}, {0x10,0x72,0x00,0x0D,0x6F,0xEC,0x9A,0x41,0xFF,0x26,0x3C,0x8B,0xBE,0xF5,0x2D,0x06,0x92,0xDD,0xBD,0x3E,0x2D,0x94,0x34,0x01,0xF8,0xF2,0xFF,0xF3,0x02,0xC0,0xA9,0x61,0x20,0xFE,0xDD,0x47,0xB9,0x42,0x1B,0x01}},
    {558, 7, 0x0D, 3, 274, {6734147, 638704, 14637102}, {{99956, -136189, 1085505}, {99406, -136526, 1086039}}, {{-1377, -1275, -235}}, {0x2E,0x72,0x00,0x0D,0x0F,0x05,0x9B,0xC1,0xFB,0x26,0x5C,0xB0,0xBE,0xD1,0x19,0x06,0x03,0xEC,0x7D,0x10,0x24,0xF4,0xA9,0xFF,0x17,0xEC,0xFF,0x15,0xFF,0xBF,0x13,0x61,0x20,0xAB,0xDE,0x5F,0x49,0x42,0x12,0x01}},
    {582, 7, 0x0D, 3, 256, {6733571, 641228, 14636886}, {{103606, -135975, 1085187}, {103675, -134973, 1083225}}, {{-4679, -924, 159}}, {0x46,0x72,0x00,0x0D,0x0F,0xFC,0x9A,0x31,0x23,0x27,0xAC,0xAE,0xBE,0xD9,0x52,0x06,0xD9,0xEC,0xFD,0xC0,0x23,0x94,0xDB,0xFE,0x93,0xF1,0xFF,0x9F,0x00,0xC0,0x3E,0x65,0x30,0x0C,0xDF,0x67,0x1D,0x42,0x00,0x01}},
    {612, 7, 0x0D, 3, 274, {6729163, 648760, 14630602}, {{101177, -136470, 1094470}, {100262, -136932, 1094659}}, {{-4772, -764, 344}}, {0x64,0x72,0x00,0x0D,0x2F,0xB7,0x9A,0xE1,0x98,0x27,0x94,0x7D,0xBE,0xE5,0x2C,0x06,0xEA,0xEA,0xBD,0xD1,0x2C,0xC4,0xD5,0xFE,0x13,0xF4,0xFF,0x58,0x01,0x80,0xE9,0x61,0xC0,0x91,0xDE,0x0F,0xD0,0x42,0x12,0x01}},
    {636, 7, 0x0D, 3, 310, {6726363, 651456, 14628414}, {{101758, -139136, 1098432}, {101975, -139696, 1098494}}, {{1102, 172, 1112}}, {0x7C,0x72,0x00,0x0D,0x6F,0x8B,0x9A,0x01,0xC3,0x27,0x7C,0x6C,0xBE,0xF9,0x35,0x06,0x80,0xE0,0x3D,0xB0,0x30,0xE4,0x44,0x00,0xB0,0x02,0x00,0x58,0x04,0xC0,0x95,0x63,0x00,0xE5,0xDD,0xFB,0x0B,0x43,0x36,0x01}},
    {647, 7, 0x0D, 3, 283, {6724227, 650576, 14628630}, {{100938, -139594, 1095549}, {100534, -139182, 1094143}}, {{505, 1547, 1782}}, {0x87,0x72,0x00,0x0D,0x0F,0x6A,0x9A,0x41,0xB5,0x27,0x2C,0x6E,0xBE,0x29,0x29,0x06,0xB6,0xDE,0x7D,0xDF,0x2D,0x94,0x1F,0x00,0x2C,0x18,0x00,0xF6,0x06,0x80,0x2D,0x62,0x20,0x05,0xDE,0xFF,0xC7,0x42,0x1B,0x01}},
    {671, 7, 0x0D, 3, 274, {6716051, 648668, 14626334}, {{101585, -138170, 1089854}, {101302, -138408, 1090389}}, {{-81, 1462, 3394}}, {0x9F,0x72,0x00,0x0D,0x4F,0xEA,0x99,0x71,0x97,0x27,0x3C,0x5C,0xBE,0x45,0x33,0x06,0x46,0xE4,0xBD,0x4F,0x28,0xF4,0xFA,0xFF,0xDB,0x16,0x00,0x42,0x0D,0x80,0xED,0x62,0x80,0x35,0xDE,0x57,0x8D,0x42,0x12,0x01}},
    {701, 7, 0x0D, 3, 283, {6703627, 644564, 14626326}, {{99160, -141266, 1095228}, {99176, -141665, 1095420}}, {{2486, 2991, 3496}}, {0xBD,0x72,0x00,0x0D,0x2F,0x28,0x99,0x51,0x57,0x27,0x2C,0x5C,0xBE,0x61,0x0D,0x06,0x2E,0xD8,0x3D,0x8F,0x2D,0x64,0x9B,0x00,0xBC,0x2E,0x00,0xA8,0x0D,0x00,0xDA,0x60,0xF0,0x69,0xDD,0xF3,0xDB,0x42,0x1B,0x01}},
    {725, 7, 0x0D, 3, 283, {6689539, 633540, 14629838}, {{100017, -145316, 1104494}, {100391, -145902, 1103774}}, {{12544, 5893, 8448}}, {0xD5,0x72,0x00,0x0D,0x0F,0x4C,0x98,0x11,0xAB,0x26,0x9C,0x77,0xBE,0xC5,0x1A,0x06,0x5C,0xC8,0xBD,0x9B,0x36,0x04,0x10,0x03,0x14,0x5C,0x00,0x00,0x21,0xC0,0x09,0x62,0x20,0x61,0xDC,0x7B,0x5E,0x43,0x1B,0x01}},
    {755, 7, 0x0D, 3, 274, {6640427, 610948, 14628198}, {{94785, -142544, 1092018}, {94471, -141572, 1088930}}, {{1973, 14154, 18916}}, {0xF3,0x72,0x00,0x0D,0xAF,0x4C,0x95,0x11,0x4A,0x25,0xCC,0x6A,0xBE,0x05,0xC9,0x05,0x30,0xD3,0xBD,0x6C,0x2A,0x54,0x7B,0x00,0x28,0xDD,0x00,0xE4,0x49,0xC0,0x41,0x5C,0xC0,0x6F,0xDD,0x8B,0x76,0x42,0x12,0x01}},
    {779, 7, 0x0D, 3, 265, {6568443, 593788, 14608802}, {{95671, -137067, 1082683}, {95869, -137316, 1085351}}, {{-10397, 19021, 27538}}, {0x0B,0x73,0x00,0x0D,0xEF,0xE7,0x90,0xF1,0x3D,0x24,0x44,0xD3,0xBD,0xDD,0xD6,0x05,0x95,0xE8,0xFD,0x4E,0x21,0x34,0x76,0xFD,0x37,0x29,0x01,0x92,0x6B,0x40,0x9F,0x5D,0xC0,0x79,0xDE,0x9F,0x3E,0x42,0x09,0x01}},
    {790, 7, 0x0D, 3, 265, {6524219, 587220, 14593814}, {{93837, -138822, 1088062}, {91534, -139688, 1087998}}, {{-13209, 21072, 33422}}, {0x16,0x73,0x00,0x0D,0xEF,0x34,0x8E,0x51,0xD7,0x23,0x2C,0x5E,0xBD,0x35,0xBA,0x05,0xBA,0xE1,0xBD,0x8F,0x26,0x74,0xC6,0xFC,0x43,0x49,0x01,0x8E,0x82,0x80,0x63,0x59,0x80,0xE5,0xDD,0xFB,0x67,0x42,0x09,0x01}},
    {814, 7, 0x0D, 3, 283, {6385659, 569412, 14541246}, {{83061, -151091, 1089672}, {85253, -151203, 1092356}}, {{-26948, 39141, 52773}}, {0x2E,0x73,0x00,0x0D,0xEF,0xBF,0x85,0x11,0xC1,0x22,0x7C,0xC3,0xBB,0xD5,0x11,0x05,0xCD,0xB1,0x3D,0x22,0x28,0xC4,0x6B,0xF9,0x97,0x63,0x02,0x25,0xCE,0x40,0x41,0x53,0xD0,0x15,0xDB,0x13,0xAC,0x42,0x1B,0x01}},
    {844, 7, 0x0D, 3, 265, {6152227, 528328, 14455126}, {{84081, -146677, 1108722}, {79975, -145087, 1107102}}, {{-6492, 39734, 57290}}, {0x4C,0x73,0x00,0x0D,0x8F,0x80,0x77,0x21,0x3F,0x20,0xAC,0x22,0xB9,0xC5,0x21,0x05,0x0B,0xC3,0xBD,0xBC,0x3A,0x44,0x6A,0xFE,0xDB,0x6C,0x02,0xCA,0xDF,0xC0,0x19,0x4E,0x10,0x94,0xDC,0x7B,0x92,0x43,0x09,0x01}},
    {868, 7, 0x0D, 3, 292, {5943011, 489184, 14403746}, {{70337, -147307, 1082299}, {68631, -150133, 1075372}}, {{-21914, 40670, 71875}}, {0x64,0x73,0x00,0x0D,0x8F,0xBB,0x6A,0x81,0xDB,0x1D,0x44,0x91,0xB7,0x05,0x4B,0x04,0x95,0xC0,0xFD,0xEE,0x20,0x64,0xA6,0xFA,0x7B,0x7B,0x02,0xC3,0x18,0xC1,0x05,0x43,0xB0,0x58,0xDB,0xB3,0xA2,0x41,0x24,0x01}},
    {898, 7, 0x0D, 3, 292, {5555227, 454248, 14276446}, {{59922, -154148, 1100771}, {52635, -157026, 1095025}}, {{-53629, 57131, 108874}}, {0x82,0x73,0x00,0x0D,0x6F,0x10,0x53,0xA1,0xB9,0x1B,0xBC,0xAE,0xB3,0x49,0xA8,0x03,0xDC,0xA5,0xFD,0xF8,0x32,0x34,0xE8,0xF2,0xAF,0x7C,0x03,0x4A,0xA9,0xC1,0x66,0x33,0xE0,0xA9,0xD9,0xC7,0xD5,0x42,0x24,0x01}},
    {909, 7, 0x0D, 3, 301, {5367203, 442932, 14214406}, {{42648, -154093, 1089146}, {40655, -154194, 1087617}}, {{-72377, 63510, 133007}}, {0x8D,0x73,0x00,0x0D,0x8F,0x96,0x47,0xD1,0x08,0x1B,0x0C,0xCA,0xB1,0x61,0x9A,0x02,0x13,0xA6,0xBD,0x9E,0x27,0x74,0x54,0xEE,0x5B,0xE0,0x03,0x8F,0x07,0xC2,0xB3,0x27,0xE0,0x5A,0xDA,0x07,0x62,0x42,0x2D,0x01}},
    {922, 7, 0x0D, 3, 265, {5087883, 432808, 14122662}, {{33293, -157176, 1083802}, {27083, -162519, 1086960}}, {{-94794, 71713, 165557}}, {0x9A,0x73,0x00,0x0D,0x2F,0x8A,0x36,0xA1,0x6A,0x1A,0x4C,0xFD,0xAE,0x35,0x08,0x02,0x08,0x9A,0xBD,0x66,0x22,0x64,0xDB,0xE8,0x87,0x60,0x04,0xB5,0x86,0xC2,0x72,0x1A,0x90,0x52,0xD8,0xC3,0x57,0x42,0x09,0x01}},
    {933, 7, 0x0D, 3, 292, {4794227, 427228, 14029782}, {{16632, -178671, 1096264}, {18103, -180093, 1104819}}, {{-108773, 73149, 202643}}, {0xA5,0x73,0x00,0x0D,0xCF,0x9D,0x24,0x71,0x13,0x1A,0xAC,0x27,0xAC,0xE1,0x03,0x01,0x11,0x46,0x3D,0x92,0x2E,0xB4,0x71,0xE5,0xF7,0x76,0x04,0x93,0x17,0xC3,0xAD,0x11,0x30,0x08,0xD4,0xCF,0x6E,0x43,0x24,0x01}},
    {957, 7, 0x0D, 3, 265, {3924347, 415392, 13800262}, {{-1122, -184407, 1127720}, {-6956, -184678, 1122502}}, {{-117129, 75953, 298380}}, {0xBD,0x73,0x00,0x0D,0xEF,0x85,0xEF,0x80,0x5A,0x19,0x8C,0x26,0xA5,0x79,0xEE,0xFF,0xA9,0x2F,0x3D,0x4A,0x4D,0x74,0x67,0xE3,0xC7,0xA2,0x04,0x8C,0x8D,0x04,0x35,0xF9,0xAF,0xE9,0xD2,0x1B,0x83,0x44,0x09,0x01}},
    {987, 7, 0x0D, 3, 256, {2241347, 401600, 13444038}, {{-4295, -179847, 1127555}, {1266, -183440, 1130966}}, {{-133318, 63432, 392733}}, {0xDB,0x73,0x00,0x0D,0x0F,0xCD,0x88,0x00,0x83,0x18,0x8C,0x47,0x9A,0xE5,0xBC,0xFF,0x79,0x41,0xFD,0x20,0x4D,0xA4,0x73,0xDF,0x23,0xDF,0x03,0x1D,0xFE,0x85,0x3C,0x01,0x00,0x37,0xD3,0x5B,0x07,0x45,0x00,0x01}},
    {1011, 7, 0x0D, 3, 292, {647179, 384968, 13182782}, {{-35489, -219644, 1131690}, {-34752, -232481, 1116025}}, {{-96077, 30448, 397784}}, {0xF3,0x73,0x00,0x0D,0x2F,0x80,0x27,0x20,0x7F,0x17,0x7C,0x4E,0x92,0x7D,0xD5,0xFD,0x04,0xA6,0xBC,0x2A,0x51,0x34,0x8B,0xE8,0xC3,0xDB,0x01,0xD8,0x11,0x06,0x10,0xDE,0xFF,0x3D,0xC7,0xE7,0x1D,0x44,0x24,0x01}},
    {1041, 7, 0x0D, 3, 283, {-717608, 3683505, 677566}, {{-7173, -187943, 1123080}, {-18342, -185796, 1115264}}, {{-44752, -13293, 342449}}, {0x11,0x74,0x00,0x0D,0x63,0x33,0xD4,0xC7,0xD2,0xE0,0x7C,0xAD,0x14,0xEC,0x8F,0xFF,0xD9,0x21,0x3D,0xC2,0x48,0x04,0x13,0xF5,0x4F,0x30,0xFF,0xB1,0x39,0x85,0x16,0xEE,0xCF,0xA3,0xD2,0x03,0x12,0x44,0x1B,0x01}},
    {1052, 7, 0x0D, 3, 256, {-694256, 3665505, 989718}, {{-16475, -207949, 1093697}, {-7370, -220800, 1086423}}, {{-39224, -10921, 322673}}, {0x1C,0x74,0x00,0x0D,0x43,0xA0,0xD5,0x87,0xB9,0xDF,0x2C,0x34,0x1E,0x94,0xFE,0xFE,0xB3,0xD3,0x7C,0x10,0x2C,0x84,0x6C,0xF6,0x5F,0x55,0xFF,0x71,0xEC,0x84,0xCD,0xF8,0x0F,0x18,0xCA,0x5F,0x4F,0x42,0x00,0x01}},
    {1065, 7, 0x0D, 3, 274, {-657672, 3650885, 1322586}, {{-16082, -235587, 1075074}, {-26992, -237502, 1066028}}, {{-35722, 8007, 290703}}, {0x29,0x74,0x00,0x0D,0xE3,0xDB,0xD7,0x17,0xD5,0xDE,0xB4,0x5C,0x28,0xB8,0x04,0xFF,0xBD,0x67,0xBC,0xE0,0x19,0x64,0x47,0xF7,0x1F,0x7D,0x00,0x8F,0x6F,0x04,0xA4,0xE5,0x2F,0x04,0xC6,0xB3,0x10,0x41,0x12,0x01}},
    {1076, 7, 0x0D, 3, 301, {-617544, 3650677, 1578218}, {{-43300, -253073, 1051033}, {-56844, -257061, 1051878}}, {{-40322, 21735, 284725}}, {0x34,0x74,0x00,0x0D,0xE3,0x4E,0xDA,0xD7,0xD1,0xDE,0xD4,0x29,0x30,0x70,0x5B,0xFD,0x6F,0x23,0x7C,0x66,0x02,0xE4,0x27,0xF6,0x9F,0x53,0x01,0x35,0x58,0x04,0x7D,0xC8,0xBF,0x3D,0xC1,0x9B,0x33,0x40,0x2D,0x01}},
    {1106, 7, 0x0D, 3, 292, {-500936, 3676665, 2232950}, {{-58692, -250264, 1068449}, {-47915, -249125, 1077046}}, {{-34356, 37244, 264795}}, {0x52,0x74,0x00,0x0D,0xE3,0x6C,0xE1,0xE7,0x67,0xE0,0xEC,0x24,0x44,0xF0,0x6A,0xFC,0x68,0x2E,0x7C,0x68,0x13,0xC4,0x9C,0xF7,0xF3,0x45,0x02,0x5B,0x0A,0x44,0x35,0xD1,0xBF,0x2D,0xC3,0xDB,0xBC,0x41,0x24,0x01}},
    {1130, 7, 0x0D, 3, 274, {-377560, 3699073, 2682550}, {{-60422, -241258, 1086092}, {-59819, -238709, 1084132}}, {{-38627, 36645, 248251}}, {0x6A,0x74,0x00,0x0D,0xA3,0xF4,0xE8,0x07,0xC6,0xE1,0x6C,0xDD,0x51,0xE8,0x4F,0xFC,0x96,0x51,0x3C,0xA3,0x24,0xD4,0x91,0xF6,0x97,0x3C,0x02,0xBB,0xC9,0x43,0x95,0xC5,0xBF,0xB8,0xC5,0x93,0x2B,0x42,0x12,0x01}},
    {1160, 7, 0x0D, 3, 265, {-202296, 3665057, 3173686}, {{-58361, -222593, 1091583}, {-70765, -222382, 1082324}}, {{33170, -14236, 192479}}, {0x88,0x74,0x00,0x0D,0x23,0xA7,0xF3,0x87,0xB2,0xDF,0x6C,0xDA,0x60,0x1C,0x70,0xFC,0x7F,0x9A,0xFC,0xFF,0x29,0x24,0x19,0x08,0x90,0x21,0xFF,0xDF,0xEF,0xC2,0xE4,0xBA,0x2F,0xB5,0xC9,0x53,0x0F,0x42,0x09,0x01}},
    {1184, 7, 0x0D, 3, 265, {-109736, 3597469, 3474674}, {{-73608, -223395, 1048869}, {-76040, -225194, 1045150}}, {{2743, -20465, 161458}}, {0xA0,0x74,0x00,0x0D,0x63,0x4D,0xF9,0x77,0x92,0xDB,0xE4,0x09,0x6A,0xE0,0x81,0xFB,0x5D,0x97,0x7C,0x49,0x00,0x74,0xAB,0x00,0x3C,0xC0,0xFE,0xB2,0x76,0x02,0xBE,0xB5,0x6F,0x05,0xC9,0x7B,0xCA,0x3F,0x09,0x01}},
    {1195, 7, 0x0D, 3, 283, {-93176, 3575093, 3600626}, {{-69576, -230903, 1044603}, {-66991, -230424, 1047039}}, {{-5541, -19271, 154817}}, {0xAB,0x74,0x00,0x0D,0x23,0x50,0xFA,0xD7,0x34,0xDA,0xE4,0xE1,0x6D,0xE0,0xC0,0xFB,0x09,0x7A,0xFC,0x1E,0xFC,0xB3,0xA5,0xFE,0xE7,0xD2,0xFE,0xC1,0x5C,0x42,0x94,0xBE,0x8F,0xBE,0xC7,0xFF,0xE7,0x3F,0x1B,0x01}},
    {1208, 7, 0x0D, 3, 274, {-81168, 3552637, 3739566}, {{-66400, -227287, 1054401}, {-72320, -223427, 1055997}}, {{-4857, -22085, 138885}}, {0xB8,0x74,0x00,0x0D,0xC3,0x0B,0xFB,0xF7,0xD5,0xD8,0x5C,0x1F,0x72,0x80,0xF2,0xFB,0x29,0x88,0x7C,0xB0,0x05,0x74,0xD0,0xFE,0xEF,0xA6,0xFE,0x85,0x1E,0x02,0x60,0xB9,0xDF,0x73,0xC9,0xF7,0x73,0x40,0x12,0x01}},
    {1219, 7, 0x0D, 3, 274, {-75696, 3530205, 3843174}, {{-77459, -218120, 1061551}, {-71127, -218179, 1066735}}, {{5286, -33260, 119093}}, {0xC3,0x74,0x00,0x0D,0x43,0x61,0xFB,0x77,0x77,0xD7,0xCC,0x48,0x75,0xB4,0x45,0xFB,0xF8,0xAB,0xFC,0xAB,0x0C,0x64,0x4A,0x01,0x50,0xF8,0xFD,0x35,0xD1,0x41,0x8A,0xBA,0xDF,0xBB,0xCA,0xBF,0x1B,0x41,0x12,0x01}},
    {1249, 7, 0x0D, 3, 265, {-36912, 3416301, 4039502}, {{-60064, -220970, 1067718}, {-56316, -226510, 1068109}}, {{65569, -60620, 67694}}, {0xE1,0x74,0x00,0x0D,0x43,0xBF,0xFD,0xB7,0x83,0xD0,0x9C,0x46,0x7B,0x80,0x55,0xFC,0xD6,0xA0,0xBC,0xB1,0x12,0x14,0x02,0x10,0xD0,0x4C,0xFC,0x6E,0x08,0x01,0x01,0xC9,0x2F,0xB3,0xC8,0x37,0x31,0x41,0x09,0x01}},
    {1273, 7, 0x0D, 3, 265, {-1160, 3291213, 4124878}, {{-64045, -206585, 1035030}, {-63994, -207249, 1036989}}, {{40756, -67366, 24467}}, {0xF9,0x74,0x00,0x0D,0xE3,0xED,0xFF,0x37,0xE1,0xC8,0x9C,0xE1,0x7D,0x4C,0x17,0xFC,0x07,0xD9,0xBC,0xC5,0xF2,0x43,0xF3,0x09,0x68,0xE3,0xFB,0x93,0x5F,0x80,0x81,0xC1,0xFF,0x66,0xCD,0xF7,0x4A,0x3F,0x09,0x01}},
    {1303, 7, 0x0D, 3, 283, {-21712, 3161649, 4095094}, {{-54691, -223349, 1071686}, {-51966, -227326, 1080399}}, {{65220, -61810, -66403}}, {0x17,0x75,0x00,0x0D,0xC3,0xAC,0xFE,0xC7,0xF8,0xC0,0xEC,0xF8,0x7C,0x74,0xA9,0xFC,0x8B,0x97,0xBC,0x91,0x16,0x44,0xEC,0x0F,0x38,0x3A,0xFC,0x9D,0xFC,0xBE,0x40,0xCD,0x2F,0x80,0xC8,0x3F,0xF1,0x41,0x1B,0x01}},
    {1327, 7, 0x0D, 3, 265, {38488, 3028758, 3922094}, {{-44274, -228479, 1105485}, {-43410, -225082, 1108222}}, {{135638, -71202, -143737}}, {0x2F,0x75,0x00,0x0D,0x63,0x59,0x02,0x58,0xDC,0xB8,0x5C,0xB1,0x77,0x38,0x4C,0xFD,0x81,0x83,0x7C,0x93,0x37,0x64,0x1D,0x21,0x78,0xA7,0xFB,0x87,0xCE,0xBD,0x9B,0xD5,0x6F,0x0C,0xC9,0xFB,0xA3,0x43,0x09,0x01}},
    {1338, 7, 0x0D, 3, 274, {97416, 2948766, 3793146}, {{-44144, -219388, 1115680}, {-45968, -215437, 1119543}}, {{165125, -78182, -183563}}, {0x3A,0x75,0x00,0x0D,0x23,0xF2,0x05,0x78,0xFA,0xB3,0xF4,0xC1,0x73,0x40,0x4E,0xFD,0x04,0xA7,0x3C,0x88,0x41,0x54,0x50,0x28,0x68,0x3A,0xFB,0xF5,0x32,0x3D,0x1C,0xD3,0x3F,0x67,0xCB,0xDF,0x54,0x44,0x12,0x01}},
    {1362, 7, 0x0D, 3, 301, {284704, 2737074, 3388310}, {{-44925, -190902, 1114031}, {-42348, -187698, 1108854}}, {{211852, -73739, -284311}}, {0x52,0x75,0x00,0x0D,0x83,0x60,0x11,0xC8,0x0E,0xA7,0x2C,0x67,0x67,0x0C,0x42,0xFD,0x4A,0x16,0xFD,0xEB,0x3F,0xC4,0xB8,0x33,0xD4,0x7F,0xFB,0x69,0xA9,0x3B,0xA5,0xD6,0xEF,0x2C,0xD2,0xDB,0xAD,0x43,0x2D,0x01}},
    {1392, 7, 0x0D, 3, 283, {559400, 2517518, 2629018}, {{-43492, -202443, 1066406}, {-41621, -209218, 1076551}}, {{161805, -30180, -368011}}, {0x70,0x75,0x00,0x0D,0xA3,0x24,0x22,0x38,0xA8,0x99,0x34,0x3B,0x50,0x70,0x58,0xFD,0x35,0xE9,0xBC,0x69,0x11,0xD4,0x80,0x27,0x70,0x28,0xFE,0x75,0x62,0xFA,0x5A,0xD7,0xEF,0xEB,0xCC,0x1F,0xB5,0x41,0x1B,0x01}},
    {1416, 7, 0x0D, 3, 265, {744520, 2403562, 1928930}, {{-18577, -221222, 1107438}, {-6695, -211152, 1105494}}, {{155927, -27211, -364111}}, {0x88,0x75,0x00,0x0D,0x23,0x71,0x2D,0xA8,0xB3,0x92,0xC4,0xDD,0x3A,0xBC,0xDD,0xFE,0xDA,0x9F,0xBC,0x7B,0x39,0x74,0x11,0x26,0xD4,0x56,0xFE,0xB1,0x71,0x7A,0x76,0xF9,0x0F,0x73,0xCC,0x5B,0x79,0x43,0x09,0x01}},
    {1446, 7, 0x0D, 3, 274, {904688, 2295790, 997830}, {{64819, -130924, 1087977}, {90689, -113260, 1096661}}, {{84820, -7245, -405439}}, {0xA6,0x75,0x00,0x0D,0xC3,0x37,0x37,0xB8,0x1F,0x8C,0x8C,0x73,0x1E,0xCC,0xF4,0x03,0x94,0x00,0x7E,0x7A,0x26,0x44,0xB5,0x14,0xCC,0x8E,0xFF,0x41,0xD0,0x79,0x90,0x58,0x40,0x59,0xE4,0x57,0xEF,0x42,0x12,0x01}},
    {1470, 7, 0x0D, 3, 292, {971448, 2344218, 49606}, {{120020, -108906, 1145454}, {113776, -126613, 1150234}}, {{46812, 47564, -505606}}, {0xBE,0x75,0x00,0x0D,0xE3,0x4A,0x3B,0x68,0x14,0x8F,0x8C,0x83,0x01,0x50,0x53,0x07,0x96,0x56,0xBE,0x9B,0x5E,0xC4,0x6D,0x0B,0x30,0xE7,0x02,0xFA,0x48,0x38,0x1C,0x6F,0xB0,0x16,0xE1,0x6B,0x34,0x46,0x24,0x01}},
    {1481, 7, 0x0D, 3, 274, {887899, -491632, 14451325}, {{114623, -161064, 1153750}, {116579, -173230, 1155850}}, {{47398, 53187, -525909}}, {0xC9,0x75,0x00,0x0D,0x6F,0x31,0x36,0x40,0xFE,0xE1,0xFB,0x04,0xB9,0xFD,0xFE,0x06,0xD8,0x8A,0xBD,0xB5,0x66,0x64,0x92,0x0B,0x0C,0x3F,0x03,0xAB,0xF9,0xF7,0xD8,0x71,0x20,0xB5,0xD5,0x2B,0x8C,0x46,0x12,0x01}},
    {1505, 7, 0x0D, 3, 274, {3056027, -516512, 14536357}, {{164470, -184200, 1153153}, {181830, -182270, 1139921}}, {{110658, 29075, -571258}}, {0xE1,0x75,0x00,0x0D,0x6F,0x86,0xBA,0x80,0x79,0xE0,0x4B,0x9D,0xBB,0xD9,0x09,0x0A,0x78,0x30,0x7D,0x20,0x66,0x24,0x04,0x1B,0x4C,0xC6,0x01,0x86,0x48,0xB7,0x91,0xB1,0x20,0x80,0xD3,0x47,0x93,0x45,0x12,0x01}},
    {1535, 7, 0x0D, 3, 292, {5985699, -515892, 14702121}, {{203271, -114565, 996731}, {187986, -104518, 996827}}, {{-3153, 38976, -687193}}, {0xFF,0x75,0x00,0x0D,0x8F,0x56,0x6D,0x31,0x83,0xE0,0x53,0xAC,0xC0,0x1D,0x68,0x0C,0x7B,0x40,0xFE,0x5E,0xCD,0xF3,0x3A,0xFF,0x03,0x61,0x02,0xA7,0x83,0xB5,0x94,0xB7,0xA0,0x7B,0xE6,0x6F,0xD7,0x3C,0x24,0x01}},
    {1559, 7, 0x0D, 3, 274, {8308011, -430408, 14632349}, {{60570, -115803, 1037946}, {36839, -127663, 1044029}}, {{-115777, 93786, -658809}}, {0x17,0x76,0x00,0x0D,0xAF,0x14,0xFB,0xE1,0xBA,0xE5,0x3B,0x8B,0xBE,0x69,0xB2,0x03,0xA5,0x3B,0xBE,0x9E,0xF5,0xF3,0xBB,0xE3,0x6B,0xB9,0x05,0x87,0xF2,0xF5,0xF9,0x23,0x10,0xD5,0xE0,0xF7,0xB8,0x3F,0x12,0x01}},
    {1589, 7, 0x0D, 3, 292, {-6116901, -346608, 14430805}, {{-20674, -126518, 1125879}, {-24407, -118098, 1133470}}, {{-88482, 141168, -512424}}, {0x35,0x76,0x00,0x0D,0x6F,0xA7,0x8A,0x42,0xD8,0xEA,0xAB,0x64,0xB8,0xF9,0xBC,0xFE,0xCA,0x11,0xFE,0x7D,0x4B,0xE4,0x65,0xEA,0xC3,0x9D,0x08,0x58,0x2E,0x78,0x2A,0xE8,0xEF,0x2A,0xE3,0x7B,0x2E,0x45,0x24,0x01}},
    {2003, 7, 0x0D, 3, 256, {504491, -362786, 13496185}, {{8444, -178494, 1087999}, {9129, -178858, 1087573}}, {{-269, -431, 0}}, {0xD3,0x77,0x00,0x0D,0xAF,0xCA,0x1E,0x78,0xDB,0xE9,0xF3,0xDE,0x9B,0xF1,0x83,0x00,0xC2,0x46,0xFD,0x7F,0x26,0x34,0xEF,0xFF,0x47,0xF9,0xFF,0x00,0x00,0x40,0xEA,0x08,0x60,0x55,0xD4,0x57,0x61,0x42,0x00,0x01}},
    {2027, 7, 0x0D, 3, 292, {503867, -362386, 13495973}, {{9407, -178816, 1087872}, {8788, -178687, 1087743}}, {{-260, -427, 275}}, {0xEB,0x77,0x00,0x0D,0xEF,0xC0,0x1E,0xB8,0xE1,0xE9,0x4B,0xDD,0x9B,0xFD,0x92,0x00,0x80,0x45,0x3D,0x60,0x26,0xC4,0xEF,0xFF,0x57,0xF9,0xFF,0x13,0x01,0x00,0x95,0x08,0x10,0x60,0xD4,0xFF,0x63,0x42,0x24,0x01}},
    {2057, 7, 0x0D, 3, 256, {503035, -361950, 13495729}, {{9022, -178622, 1086720}, {9297, -178344, 1086805}}, {{-262, -770, 182}}, {0x09,0x78,0x00,0x0D,0xEF,0xB3,0x1E,0x88,0xE8,0xE9,0x63,0xDB,0x9B,0xF9,0x8C,0x00,0x42,0x46,0x3D,0x40,0x25,0xA4,0xEF,0xFF,0xFB,0xF3,0xFF,0xB6,0x00,0x40,0x14,0x09,0x80,0x75,0xD4,0x57,0x55,0x42,0x00,0x01}},
    {2068, 7, 0x0D, 3, 274, {502891, -361710, 13495633}, {{8510, -178241, 1087423}, {8700, -177750, 1087061}}, {{251, -681, 439}}, {0x14,0x78,0x00,0x0D,0xAF,0xB1,0x1E,0x48,0xEC,0xE9,0xA3,0xDA,0x9B,0xF9,0x84,0x00,0xBF,0x47,0xFD,0xEF,0x25,0xB4,0x0F,0x00,0x5C,0xF5,0xFF,0xB7,0x01,0x00,0x7F,0x08,0xA0,0x9A,0xD4,0x57,0x59,0x42,0x12,0x01}},
    {2081, 7, 0x0D, 3, 265, {502475, -361474, 13495621}, {{10044, -178752, 1088704}, {9129, -179284, 1088085}}, {{-179, -349, 443}}, {0x21,0x78,0x00,0x0D,0x2F,0xAB,0x1E,0xF8,0xEF,0xE9,0x8B,0xDA,0x9B,0xF1,0x9C,0x00,0xC0,0x45,0x3D,0x30,0x27,0xD4,0xF4,0xFF,0x8F,0xFA,0xFF,0xBB,0x01,0x40,0xEA,0x08,0xC0,0x3A,0xD4,0x57,0x69,0x42,0x09,0x01}},
    {2092, 7, 0x0D, 3, 274, {502083, -361258, 13495529}, {{9403, -178751, 1087552}, {8874, -179283, 1087402}}, {{-270, -258, 435}}, {0x2C,0x78,0x00,0x0D,0x0F,0xA5,0x1E,0x58,0xF3,0xE9,0xD3,0xD9,0x9B,0xED,0x92,0x00,0xC1,0x45,0x3D,0x10,0x26,0x24,0xEF,0xFF,0xFB,0xFB,0xFF,0xB3,0x01,0x80,0xAA,0x08,0xD0,0x3A,0xD4,0xAB,0x5E,0x42,0x12,0x01}},
    {2116, 7, 0x0D, 3, 256, {501795, -360790, 13495221}, {{9467, -178559, 1086656}, {9894, -178002, 1086806}}, {{-431, -756, 11}}, {0x44,0x78,0x00,0x0D,0x8F,0xA0,0x1E,0xA8,0xFA,0xE9,0x6B,0xD7,0x9B,0xED,0x93,0x00,0x81,0x46,0x3D,0x30,0x25,0x14,0xE5,0xFF,0x33,0xF4,0xFF,0x0B,0x00,0x80,0xA9,0x09,0xE0,0x8A,0xD4,0x5B,0x55,0x42,0x00,0x01}},
    {2146, 7, 0x0D, 3, 256, {501179, -360106, 13494765}, {{9405, -179775, 1087488}, {9214, -179540, 1087316}}, {{-98, -520, 335}}, {0x62,0x78,0x00,0x0D,0xEF,0x96,0x1E,0x58,0x05,0xEA,0xDB,0xD3,0x9B,0xF5,0x92,0x00,0xC1,0x41,0x3D,0x00,0x26,0xE4,0xF9,0xFF,0xE3,0xF7,0xFF,0x4F,0x01,0x80,0xFF,0x08,0xC0,0x2A,0xD4,0x53,0x5D,0x42,0x00,0x01}},
    {2170, 7, 0x0D, 3, 265, {500643, -359754, 13494589}, {{8382, -177599, 1088128}, {8617, -177321, 1088682}}, {{-274, -340, 261}}, {0x7A,0x78,0x00,0x0D,0x8F,0x8E,0x1E,0xD8,0x0A,0xEA,0x7B,0xD2,0x9B,0xF9,0x82,0x00,0x41,0x4A,0x3D,0xA0,0x26,0xE4,0xEE,0xFF,0xB3,0xFA,0xFF,0x05,0x01,0x40,0x6A,0x08,0x70,0xB5,0xD4,0xAB,0x72,0x42,0x09,0x01}},
    {2200, 7, 0x0D, 3, 256, {499955, -359038, 13494305}, {{8891, -178303, 1088576}, {8957, -178261, 1088853}}, {{-96, -517, 169}}, {0x98,0x78,0x00,0x0D,0xCF,0x83,0x1E,0x08,0x16,0xEA,0x43,0xD0,0x9B,0xED,0x8A,0x00,0x81,0x47,0x3D,0x10,0x27,0x04,0xFA,0xFF,0xEF,0xF7,0xFF,0xA9,0x00,0x40,0xBF,0x08,0xB0,0x7A,0xD4,0x57,0x75,0x42,0x00,0x01}},
    {2211, 7, 0x0D, 3, 265, {499587, -358810, 13494189}, {{9084, -177853, 1087552}, {8787, -177917, 1088256}}, {{-523, -439, 355}}, {0xA3,0x78,0x00,0x0D,0x0F,0x7E,0x1E,0x98,0x19,0xEA,0x5B,0xCF,0x9B,0xF1,0x8D,0x00,0x43,0x49,0x3D,0x10,0x26,0x54,0xDF,0xFF,0x27,0xF9,0xFF,0x63,0x01,0xC0,0x94,0x08,0x30,0x90,0xD4,0x03,0x6C,0x42,0x09,0x01}},
    {2224, 7, 0x0D, 3, 256, {499283, -358526, 13494037}, {{8380, -177920, 1088960}, {8361, -178091, 1089109}}, {{68, -417, 95}}, {0xB0,0x78,0x00,0x0D,0x4F,0x79,0x1E,0x08,0x1E,0xEA,0x2B,0xCE,0x9B,0xF1,0x82,0x00,0x00,0x49,0x3D,0x70,0x27,0x44,0x04,0x00,0x7C,0xF9,0xFF,0x5F,0x00,0x40,0x2A,0x08,0x50,0x85,0xD4,0x57,0x79,0x42,0x00,0x01}},
    {2235, 7, 0x0D, 3, 256, {499051, -358294, 13493989}, {{7675, -178430, 1087872}, {7934, -178429, 1088085}}, {{-274, -415, 350}}, {0xBB,0x78,0x00,0x0D,0xAF,0x75,0x1E,0xA8,0x21,0xEA,0xCB,0xCD,0x9B,0xED,0x77,0x00,0x02,0x47,0x3D,0x60,0x26,0xE4,0xEE,0xFF,0x87,0xF9,0xFF,0x5E,0x01,0x80,0xBF,0x07,0x30,0x70,0xD4,0x57,0x69,0x42,0x00,0x01}},
    {2265, 7, 0x0D, 3, 265, {498523, -357690, 13493729}, {{9405, -178813, 1088128}, {8787, -178343, 1088426}}, {{-527, -597, 170}}, {0xD9,0x78,0x00,0x0D,0x6F,0x6D,0x1E,0x18,0x2B,0xEA,0xC3,0xCB,0x9B,0xF5,0x92,0x00,0x83,0x45,0x3D,0xA0,0x26,0x14,0xDF,0xFF,0xAF,0xF6,0xFF,0xAA,0x00,0xC0,0x94,0x08,0x90,0x75,0xD4,0xAB,0x6E,0x42,0x09,0x01}},
    {2289, 7, 0x0D, 3, 265, {497875, -357062, 13493425}, {{9852, -178175, 1087425}, {9555, -178089, 1087486}}, {{-190, -340, 443}}, {0xF1,0x78,0x00,0x0D,0x4F,0x63,0x1E,0xE8,0x34,0xEA,0x63,0xC9,0x9B,0xF1,0x99,0x00,0x01,0x48,0x7D,0xF0,0x25,0x24,0xF4,0xFF,0xB3,0xFA,0xFF,0xBB,0x01,0xC0,0x54,0x09,0x70,0x85,0xD4,0xFB,0x5F,0x42,0x09,0x01}},
    {2313, 7, 0x0D, 3, 256, {497539, -356658, 13493165}, {{8574, -178107, 1088320}, {8361, -177834, 1088597}}, {{-192, -254, -1}}, {0x09,0x79,0x00,0x0D,0x0F,0x5E,0x1E,0x38,0x3B,0xEA,0x5B,0xC7,0x9B,0xF9,0x85,0x00,0x45,0x48,0x3D,0xD0,0x26,0x04,0xF4,0xFF,0x0B,0xFC,0xFF,0xFF,0xFF,0x7F,0x2A,0x08,0x60,0x95,0xD4,0x57,0x71,0x42,0x00,0x01}},
    {2343, 7, 0x0D, 3, 265, {496643, -355986, 13492873}, {{9019, -179262, 1088192}, {8442, -179454, 1088086}}, {{-358, -775, -152}}, {0x27,0x79,0x00,0x0D,0x0F,0x50,0x1E,0xB8,0x45,0xEA,0x13,0xC5,0x9B,0xED,0x8C,0x00,0xC2,0x43,0x3D,0xB0,0x26,0xA4,0xE9,0xFF,0xE7,0xF3,0xFF,0x68,0xFF,0xBF,0x3E,0x08,0x20,0x30,0xD4,0x5B,0x69,0x42,0x09,0x01}},
    {2354, 7, 0x0D, 3, 256, {496515, -355802, 13492717}, {{8701, -178429, 1089024}, {8360, -178175, 1089193}}, {{-83, -507, 433}}, {0x32,0x79,0x00,0x0D,0x0F,0x4E,0x1E,0x98,0x48,0xEA,0xDB,0xC3,0x9B,0xF5,0x87,0x00,0x03,0x47,0x3D,0x80,0x27,0xD4,0xFA,0xFF,0x17,0xF8,0xFF,0xB1,0x01,0x00,0x2A,0x08,0x10,0x80,0xD4,0xA7,0x7A,0x42,0x00,0x01}},
    {2367, 7, 0x0D, 3, 256, {496163, -355514, 13492625}, {{9018, -178430, 1088703}, {9298, -178858, 1087403}}, {{-13, -598, 505}}, {0x3F,0x79,0x00,0x0D,0x8F,0x48,0x1E,0x18,0x4D,0xEA,0x23,0xC3,0x9B,0xE9,0x8C,0x00,0x02,0x47,0xFD,0x2F,0x27,0x34,0xFF,0xFF,0xAB,0xF6,0xFF,0xF9,0x01,0x80,0x14,0x09,0x60,0x55,0xD4,0xAF,0x5E,0x42,0x00,0x01}},
    {2378, 7, 0x0D, 3, 256, {495419, -355378, 13492585}, {{9088, -178366, 1088384}, {8787, -178516, 1088255}}, {{-23, -337, 529}}, {0x4A,0x79,0x00,0x0D,0xEF,0x3C,0x1E,0x38,0x4F,0xEA,0xD3,0xC2,0x9B,0x01,0x8E,0x00,0x42,0x47,0x3D,0xE0,0x26,0x94,0xFE,0xFF,0xBF,0xFA,0xFF,0x11,0x02,0xC0,0x94,0x08,0xC0,0x6A,0xD4,0xFF,0x6B,0x42,0x00,0x01}},
    {2408, 7, 0x0D, 3, 265, {494667, -354794, 13492337}, {{10365, -178560, 1089088}, {10237, -178601, 1088340}}, {{-351, -420, 177}}, {0x68,0x79,0x00,0x0D,0x2F,0x31,0x1E,0x58,0x58,0xEA,0xE3,0xC0,0x9B,0xF5,0xA1,0x00,0x80,0x46,0x3D,0x90,0x27,0x14,0xEA,0xFF,0x73,0xF9,0xFF,0xB1,0x00,0x40,0xFF,0x09,0x70,0x65,0xD4,0x53,0x6D,0x42,0x09,0x01}},
    {2432, 7, 0x0D, 3, 256, {493947, -354346, 13492137}, {{10043, -178497, 1088895}, {9557, -178259, 1089025}}, {{-252, -251, 335}}, {0x80,0x79,0x00,0x0D,0xEF,0x25,0x1E,0x58,0x5F,0xEA,0x53,0xBF,0x9B,0xED,0x9C,0x00,0xBF,0x46,0xFD,0x5F,0x27,0x44,0xF0,0xFF,0x17,0xFC,0xFF,0x4F,0x01,0x40,0x55,0x09,0xD0,0x7A,0xD4,0x07,0x78,0x42,0x00,0x01}},
    {2443, 7, 0x0D, 3, 256, {493683, -354166, 13491953}, {{9531, -177981, 1088000}, {9213, -178258, 1087147}}, {{-355, -595, 249}}, {0x8B,0x79,0x00,0x0D,0xCF,0x21,0x1E,0x28,0x62,0xEA,0xE3,0xBD,0x9B,0xED,0x94,0x00,0xC3,0x48,0x3D,0x80,0x26,0xD4,0xE9,0xFF,0xB7,0xF6,0xFF,0xF9,0x00,0x40,0xFF,0x08,0xE0,0x7A,0xD4,0xAF,0x5A,0x42,0x00,0x01}},
    {2467, 7, 0x0D, 3, 265, {493203, -353554, 13491717}, {{10108, -178429, 1086848}, {9897, -178771, 1087744}}, {{-273, -414, -2}}, {0xA3,0x79,0x00,0x0D,0x4F,0x1A,0x1E,0xB8,0x6B,0xEA,0x0B,0xBC,0x9B,0xF1,0x9D,0x00,0x03,0x47,0x3D,0x60,0x25,0xF4,0xEE,0xFF,0x8B,0xF9,0xFF,0xFE,0xFF,0x7F,0xAA,0x09,0xD0,0x5A,0xD4,0x03,0x64,0x42,0x09,0x01}},
    {2497, 7, 0x0D, 3, 274, {492699, -352962, 13491305}, {{9149, -177917, 1087552}, {9641, -178685, 1087659}}, {{-530, -429, 424}}, {0xC1,0x79,0x00,0x0D,0x6F,0x12,0x1E,0xF8,0x74,0xEA,0xD3,0xB8,0x9B,0xF5,0x8E,0x00,0x03,0x49,0x3D,0x10,0x26,0xE4,0xDE,0xFF,0x4F,0xF9,0xFF,0xA8,0x01,0x40,0x6A,0x09,0x30,0x60,0xD4,0xAF,0x62,0x42,0x12,0x01}},
    {2521, 7, 0x0D, 3, 265, {491779, -352418, 13490885}, {{8826, -178688, 1086783}, {8958, -178683, 1086976}}, {{-673, -412, -65}}, {0xD9,0x79,0x00,0x0D,0x0F,0x04,0x1E,0x78,0x7D,0xEA,0x8B,0xB5,0x9B,0xE9,0x89,0x00,0x00,0x46,0xFD,0x4F,0x25,0xF4,0xD5,0xFF,0x93,0xF9,0xFF,0xBF,0xFF,0xBF,0xBF,0x08,0x50,0x60,0xD4,0x03,0x58,0x42,0x09,0x01}},
    {2545, 7, 0x0D, 3, 256, {491387, -351998, 13490525}, {{9276, -177598, 1087103}, {9470, -177662, 1088001}}, {{-444, -499, 263}}, {0xF1,0x79,0x00,0x0D,0xEF,0xFD,0x1D,0x08,0x84,0xEA,0xBB,0xB2,0x9B,0xF1,0x90,0x00,0x42,0x4A,0xFD,0x9F,0x25,0x44,0xE4,0xFF,0x37,0xF8,0xFF,0x07,0x01,0x80,0x3F,0x09,0x20,0xA0,0xD4,0x07,0x68,0x42,0x00,0x01}},
    {2575, 7, 0x0D, 3, 256, {490603, -351410, 13490137}, {{9785, -178044, 1088064}, {9298, -178258, 1087829}}, {{-422, -687, 163}}, {0x0F,0x7A,0x00,0x0D,0xAF,0xF1,0x1D,0x38,0x8D,0xEA,0xB3,0xAF,0x9B,0xE5,0x98,0x00,0x84,0x48,0x3D,0x90,0x26,0xA4,0xE5,0xFF,0x47,0xF5,0xFF,0xA3,0x00,0x80,0x14,0x09,0xE0,0x7A,0xD4,0x57,0x65,0x42,0x00,0x01}},
    {2586, 7, 0x0D, 3, 256, {490451, -351162, 13489917}, {{8830, -178746, 1088129}, {8958, -178772, 1087914}}, {{-191, -264, 336}}, {0x1A,0x7A,0x00,0x0D,0x4F,0xEF,0x1D,0x18,0x91,0xEA,0xFB,0xAD,0x9B,0xF9,0x89,0x00,0xC6,0x45,0x7D,0xA0,0x26,0x14,0xF4,0xFF,0xE3,0xFB,0xFF,0x50,0x01,0x80,0xBF,0x08,0xC0,0x5A,0xD4,0xAB,0x66,0x42,0x00,0x01}},
    {2599, 7, 0x0D, 3, 256, {490043, -350902, 13489765}, {{9786, -177918, 1088128}, {9810, -177576, 1087999}}, {{-270, -259, 1}}, {0x27,0x7A,0x00,0x0D,0xEF,0xE8,0x1D,0x28,0x95,0xEA,0xCB,0xAC,0x9B,0xE9,0x98,0x00,0x02,0x49,0x3D,0xA0,0x26,0x24,0xEF,0xFF,0xF7,0xFB,0xFF,0x01,0x00,0x80,0x94,0x09,0x80,0xA5,0xD4,0xFF,0x67,0x42,0x00,0x01}},
    {2610, 7, 0x0D, 3, 274, {489875, -350722, 13489633}, {{9916, -178366, 1088064}, {9300, -178687, 1088853}}, {{-167, -336, -166}}, {0x32,0x7A,0x00,0x0D,0x4F,0xE6,0x1D,0xF8,0x97,0xEA,0xC3,0xAB,0x9B,0xF1,0x9A,0x00,0x42,0x47,0x3D,0x90,0x26,0x94,0xF5,0xFF,0xC3,0xFA,0xFF,0x5A,0xFF,0x3F,0x15,0x09,0x10,0x60,0xD4,0x57,0x75,0x42,0x12,0x01}},
    {2640, 7, 0x0D, 3, 274, {489379, -350210, 13489245}, {{10302, -179196, 1087937}, {9811, -178687, 1087572}}, {{-83, -265, 171}}, {0x50,0x7A,0x00,0x0D,0x8F,0xDE,0x1D,0xF8,0x9F,0xEA,0xBB,0xA8,0x9B,0xF9,0xA0,0x00,0x04,0x44,0x7D,0x70,0x26,0xD4,0xFA,0xFF,0xDF,0xFB,0xFF,0xAB,0x00,0xC0,0x94,0x09,0x10,0x60,0xD4,0x53,0x61,0x42,0x12,0x01}},
    {2664, 7, 0x0D, 3, 256, {488515, -349842, 13489073}, {{9343, -177917, 1088192}, {9215, -177918, 1088170}}, {{-177, -243, 534}}, {0x68,0x7A,0x00,0x0D,0x0F,0xD1,0x1D,0xB8,0xA5,0xEA,0x63,0xA7,0x9B,0xFD,0x91,0x00,0x03,0x49,0x3D,0xB0,0x26,0xF4,0xF4,0xFF,0x37,0xFC,0xFF,0x16,0x02,0xC0,0xFF,0x08,0x20,0x90,0xD4,0xAB,0x6A,0x42,0x00,0x01}},
    {2694, 7, 0x0D, 3, 265, {487235, -349290, 13488773}, {{8507, -178944, 1087935}, {8531, -178347, 1087488}}, {{7, -346, 165}}, {0x86,0x7A,0x00,0x0D,0x0F,0xBD,0x1D,0x58,0xAE,0xEA,0x0B,0xA5,0x9B,0xED,0x84,0x00,0x00,0x45,0xFD,0x6F,0x26,0x74,0x00,0x00,0x98,0xFA,0xFF,0xA5,0x00,0xC0,0x54,0x08,0x50,0x75,0xD4,0x03,0x60,0x42,0x09,0x01}},
    {2718, 7, 0x0D, 3, 256, {486419, -348942, 13488533}, {{9022, -179007, 1086976}, {9128, -178855, 1087573}}, {{-524, -499, 516}}, {0x9E,0x7A,0x00,0x0D,0x4F,0xB0,0x1D,0xC8,0xB3,0xEA,0x2B,0xA3,0x9B,0xF9,0x8C,0x00,0xC1,0x44,0x3D,0x80,0x25,0x44,0xDF,0xFF,0x37,0xF8,0xFF,0x04,0x02,0x00,0xEA,0x08,0x90,0x55,0xD4,0x57,0x61,0x42,0x00,0x01}},
    {2729, 7, 0x0D, 3, 274, {485971, -348874, 13488361}, {{9216, -179069, 1087424}, {9300, -179113, 1088256}}, {{-435, -340, 528}}, {0xA9,0x7A,0x00,0x0D,0x4F,0xA9,0x1D,0xD8,0xB4,0xEA,0xD3,0xA1,0x9B,0x01,0x90,0x00,0x83,0x44,0x3D,0xF0,0x25,0xD4,0xE4,0xFF,0xB3,0xFA,0xFF,0x10,0x02,0x00,0x15,0x09,0x70,0x45,0xD4,0x03,0x6C,0x42,0x12,0x01}},
    {2753, 7, 0x0D, 3, 256, {485627, -348562, 13488161}, {{9852, -178750, 1089280}, {10066, -178856, 1089195}}, {{-351, -505, 84}}, {0xC1,0x7A,0x00,0x0D,0xEF,0xA3,0x1D,0xB8,0xB9,0xEA,0x43,0xA0,0x9B,0xF1,0x99,0x00,0xC2,0x45,0x3D,0xC0,0x27,0x14,0xEA,0xFF,0x1F,0xF8,0xFF,0x54,0x00,0x80,0xD4,0x09,0x80,0x55,0xD4,0xAF,0x7A,0x42,0x00,0x01}},
    {2783, 7, 0x0D, 3, 292, {484603, -348042, 13487825}, {{8955, -178301, 1088256}, {9468, -178601, 1087658}}, {{-94, -683, 189}}, {0xDF,0x7A,0x00,0x0D,0xEF,0x93,0x1D,0xD8,0xC1,0xEA,0xA3,0x9D,0x9B,0xED,0x8B,0x00,0x83,0x47,0x3D,0xC0,0x26,0x24,0xFA,0xFF,0x57,0xF5,0xFF,0xBD,0x00,0x00,0x3F,0x09,0x70,0x65,0xD4,0xAB,0x62,0x42,0x24,0x01}},
    {2807, 7, 0x0D, 3, 256, {483835, -347658, 13487593}, {{9532, -177854, 1088448}, {9896, -178174, 1087999}}, {{-178, -691, 257}}, {0xF7,0x7A,0x00,0x0D,0xEF,0x87,0x1D,0xD8,0xC7,0xEA,0xD3,0x9B,0x9B,0xF1,0x94,0x00,0x42,0x49,0x3D,0xF0,0x26,0xE4,0xF4,0xFF,0x37,0xF5,0xFF,0x01,0x01,0x00,0xAA,0x09,0x20,0x80,0xD4,0xFF,0x67,0x42,0x00,0x01}},
    {2837, 7, 0x0D, 3, 256, {483723, -347018, 13487469}, {{9532, -178431, 1088703}, {9897, -178344, 1088256}}, {{-362, -156, -238}}, {0x15,0x7B,0x00,0x0D,0x2F,0x86,0x1D,0xD8,0xD1,0xEA,0xDB,0x9A,0x9B,0xF1,0x94,0x00,0x01,0x47,0xFD,0x2F,0x27,0x64,0xE9,0xFF,0x93,0xFD,0xFF,0x12,0xFF,0x7F,0xAA,0x09,0x80,0x75,0xD4,0x03,0x6C,0x42,0x00,0x01}},
    {2861, 7, 0x0D, 3, 274, {483691, -346550, 13487193}, {{8890, -178238, 1089152}, {9213, -178428, 1087658}}, {{-523, -586, -67}}, {0x2D,0x7B,0x00,0x0D,0xAF,0x85,0x1D,0x28,0xD9,0xEA,0xB3,0x98,0x9B,0xE9,0x8A,0x00,0xC2,0x47,0x3D,0xA0,0x27,0x54,0xDF,0xFF,0xDB,0xF6,0xFF,0xBD,0xFF,0x7F,0xFF,0x08,0x40,0x70,0xD4,0xAB,0x62,0x42,0x12,0x01}},
    {2872, 7, 0x0D, 3, 274, {483547, -346314, 13487061}, {{9533, -178558, 1087040}, {9382, -178346, 1087146}}, {{-166, -779, 19}}, {0x38,0x7B,0x00,0x0D,0x6F,0x83,0x1D,0xD8,0xDC,0xEA,0xAB,0x97,0x9B,0xF5,0x94,0x00,0x82,0x46,0x3D,0x90,0x25,0xA4,0xF5,0xFF,0xD7,0xF3,0xFF,0x13,0x00,0x80,0x29,0x09,0x60,0x75,0xD4,0xAB,0x5A,0x42,0x12,0x01}},
    {2896, 7, 0x0D, 3, 256, {482987, -345754, 13486817}, {{8702, -178494, 1088320}, {8617, -178088, 1088512}}, {{-278, -239, 338}}, {0x50,0x7B,0x00,0x0D,0xAF,0x7A,0x1D,0x98,0xE5,0xEA,0xC3,0x95,0x9B,0xF9,0x87,0x00,0xC2,0x46,0x3D,0xD0,0x26,0xA4,0xEE,0xFF,0x47,0xFC,0xFF,0x52,0x01,0x40,0x6A,0x08,0x80,0x85,0xD4,0x03,0x70,0x42,0x00,0x01}},
    {2926, 7, 0x0D, 3, 265, {481867, -345394, 13486517}, {{9405, -178686, 1088576}, {9469, -178687, 1088341}}, {{-176, -760, 278}}, {0x6E,0x7B,0x00,0x0D,0x2F,0x69,0x1D,0x38,0xEB,0xEA,0x6B,0x93,0x9B,0xF5,0x92,0x00,0x02,0x46,0x3D,0x10,0x27,0x04,0xF5,0xFF,0x23,0xF4,0xFF,0x16,0x01,0x40,0x3F,0x09,0x10,0x60,0xD4,0x57,0x6D,0x42,0x09,0x01}},
    {2950, 7, 0x0D, 3, 274, {481475, -344962, 13486337}, {{9532, -178302, 1086976}, {9724, -178347, 1086890}}, {{92, -521, 82}}, {0x86,0x7B,0x00,0x0D,0x0F,0x63,0x1D,0xF8,0xF1,0xEA,0x03,0x92,0x9B,0xF1,0x94,0x00,0x82,0x47,0x3D,0x80,0x25,0xC4,0x05,0x00,0xDC,0xF7,0xFF,0x52,0x00,0x00,0x7F,0x09,0x50,0x75,0xD4,0xAB,0x56,0x42,0x12,0x01}},
    {2980, 7, 0x0D, 3, 256, {480979, -344362, 13486137}, {{9146, -177982, 1088320}, {8956, -178175, 1088767}}, {{-184, -762, 5}}, {0xA4,0x7B,0x00,0x0D,0x4F,0x5B,0x1D,0x58,0xFB,0xEA,0x73,0x90,0x9B,0xE9,0x8E,0x00,0xC2,0x48,0x3D,0xD0,0x26,0x84,0xF4,0xFF,0x1B,0xF4,0xFF,0x05,0x00,0x00,0xBF,0x08,0x10,0x80,0xD4,0xFF,0x73,0x42,0x00,0x01}},
    {3004, 7, 0x0D, 3, 265, {480859, -343670, 13485837}, {{8957, -178687, 1089344}, {9128, -178176, 1089450}}, {{-186, -417, -246}}, {0xBC,0x7B,0x00,0x0D,0x6F,0x59,0x1D,0x28,0x06,0xEB,0x1B,0x8E,0x9B,0xF5,0x8B,0x00,0x01,0x46,0x3D,0xD0,0x27,0x64,0xF4,0xFF,0x7F,0xF9,0xFF,0x0A,0xFF,0x3F,0xEA,0x08,0x00,0x80,0xD4,0xAB,0x7E,0x42,0x09,0x01}},
    {3015, 7, 0x0D, 3, 265, {480787, -343438, 13485669}, {{9276, -178558, 1089280}, {9810, -179113, 1088511}}, {{-80, -688, 445}}, {0xC7,0x7B,0x00,0x0D,0x4F,0x58,0x1D,0xC8,0x09,0xEB,0xCB,0x8C,0x9B,0xF1,0x90,0x00,0x82,0x46,0x3D,0xC0,0x27,0x04,0xFB,0xFF,0x43,0xF5,0xFF,0xBD,0x01,0x80,0x94,0x09,0x70,0x45,0xD4,0xFF,0x6F,0x42,0x09,0x01}},
    {3039, 7, 0x0D, 3, 256, {480139, -343006, 13485369}, {{9342, -178236, 1088640}, {9042, -178173, 1088768}}, {{-274, -596, 178}}, {0xDF,0x7B,0x00,0x0D,0x2F,0x4E,0x1D,0x88,0x10,0xEB,0x73,0x8A,0x9B,0xF9,0x91,0x00,0xC4,0x47,0x3D,0x20,0x27,0xE4,0xEE,0xFF,0xB3,0xF6,0xFF,0xB2,0x00,0x80,0xD4,0x08,0x30,0x80,0xD4,0x03,0x74,0x42,0x00,0x01}},
    {3069, 7, 0x0D, 3, 256, {479203, -342546, 13484961}, {{8892, -179005, 1088320}, {9042, -178771, 1088256}}, {{-337, -675, 274}}, {0xFD,0x7B,0x00,0x0D,0x8F,0x3F,0x1D,0xB8,0x17,0xEB,0x43,0x87,0x9B,0xF1,0x8A,0x00,0xC3,0x44,0x3D,0xD0,0x26,0xF4,0xEA,0xFF,0x77,0xF5,0xFF,0x12,0x01,0x80,0xD4,0x08,0xD0,0x5A,0xD4,0x03,0x6C,0x42,0x00,0x01}},
    {3093, 7, 0x0D, 3, 274, {478539, -342074, 13484589}, {{8890, -179328, 1088448}, {9128, -178856, 1087999}}, {{-252, -437, 275}}, {0x15,0x7C,0x00,0x0D,0x2F,0x35,0x1D,0x18,0x1F,0xEB,0x5B,0x84,0x9B,0xE9,0x8A,0x00,0x80,0x43,0x3D,0xF0,0x26,0x44,0xF0,0xFF,0x2F,0xF9,0xFF,0x13,0x01,0x00,0xEA,0x08,0x80,0x55,0xD4,0xFF,0x67,0x42,0x12,0x01}},
    {3123, 7, 0x0D, 3, 265, {477707, -341590, 13484289}, {{9341, -178368, 1087104}, {9470, -178516, 1087743}}, {{-101, -424, 261}}, {0x33,0x7C,0x00,0x0D,0x2F,0x28,0x1D,0xA8,0x26,0xEB,0x03,0x82,0x9B,0xF5,0x91,0x00,0x40,0x47,0x3D,0xA0,0x25,0xB4,0xF9,0xFF,0x63,0xF9,0xFF,0x05,0x01,0x80,0x3F,0x09,0xC0,0x6A,0xD4,0xFF,0x63,0x42,0x09,0x01}},
    {3147, 7, 0x0D, 3, 265, {476915, -341138, 13484057}, {{8892, -178494, 1088128}, {8616, -178429, 1087743}}, {{-358, -426, 252}}, {0x4B,0x7C,0x00,0x0D,0xCF,0x1B,0x1D,0xB8,0x2D,0xEB,0x33,0x80,0x9B,0xF1,0x8A,0x00,0xC2,0x46,0x3D,0xA0,0x26,0xA4,0xE9,0xFF,0x5B,0xF9,0xFF,0xFC,0x00,0x00,0x6A,0x08,0x30,0x70,0xD4,0xFF,0x63,0x42,0x09,0x01}},
    {3158, 7, 0x0D, 3, 265, {476611, -340950, 13483961}, {{8318, -178176, 1087616}, {8360, -177920, 1088169}}, {{-168, -348, 614}}, {0x56,0x7C,0x00,0x0D,0x0F,0x17,0x1D,0xA8,0x30,0xEB,0x73,0x7F,0x9B,0xF9,0x81,0x00,0x00,0x48,0x3D,0x20,0x26,0x84,0xF5,0xFF,0x93,0xFA,0xFF,0x66,0x02,0x00,0x2A,0x08,0x00,0x90,0xD4,0xA7,0x6A,0x42,0x09,0x01}},
    {3182, 7, 0x0D, 3, 256, {475851, -340470, 13483661}, {{8700, -178431, 1089280}, {9299, -178771, 1089876}}, {{-352, -503, 6}}, {0x6E,0x7C,0x00,0x0D,0x2F,0x0B,0x1D,0x28,0x38,0xEB,0x1B,0x7D,0x9B,0xF1,0x87,0x00,0x01,0x47,0x3D,0xC0,0x27,0x04,0xEA,0xFF,0x27,0xF8,0xFF,0x06,0x00,0xC0,0x14,0x09,0xD0,0x5A,0xD4,0x53,0x85,0x42,0x00,0x01}},
    {3212, 7, 0x0D, 3, 256, {475579, -339890, 13483189}, {{9020, -177791, 1088576}, {9043, -177832, 1088853}}, {{-349, -512, 339}}, {0x8C,0x7C,0x00,0x0D,0xEF,0x06,0x1D,0x38,0x41,0xEB,0x6B,0x79,0x9B,0xF1,0x8C,0x00,0x81,0x49,0x3D,0x10,0x27,0x34,0xEA,0xFF,0x03,0xF8,0xFF,0x53,0x01,0xC0,0xD4,0x08,0x80,0x95,0xD4,0x57,0x75,0x42,0x00,0x01}},
    {3236, 7, 0x0D, 3, 265, {474875, -339290, 13482945}, {{8250, -178110, 1087743}, {9041, -178259, 1087915}}, {{-189, -683, 103}}, {0xA4,0x7C,0x00,0x0D,0xEF,0xFB,0x1C,0x98,0x4A,0xEB,0x83,0x77,0x9B,0xE9,0x80,0x00,0x42,0x48,0xFD,0x3F,0x26,0x34,0xF4,0xFF,0x57,0xF5,0xFF,0x67,0x00,0x40,0xD4,0x08,0xD0,0x7A,0xD4,0xAF,0x66,0x42,0x09,0x01}},
    {3266, 7, 0x0D, 3, 283, {474123, -338590, 13482581}, {{9979, -178493, 1088704}, {9640, -178687, 1089023}}, {{-180, -584, 279}}, {0xC2,0x7C,0x00,0x0D,0x2F,0xF0,0x1C,0x88,0x55,0xEB,0xAB,0x74,0x9B,0xED,0x9B,0x00,0xC3,0x46,0x3D,0x30,0x27,0xC4,0xF4,0xFF,0xE3,0xF6,0xFF,0x17,0x01,0x00,0x6A,0x09,0x10,0x60,0xD4,0xFF,0x77,0x42,0x1B,0x01}},
    {3277, 7, 0x0D, 3, 265, {473755, -338386, 13482513}, {{9279, -178048, 1087744}, {9041, -177745, 1088256}}, {{-443, -772, 424}}, {0xCD,0x7C,0x00,0x0D,0x6F,0xEA,0x1C,0xB8,0x58,0xEB,0x23,0x74,0x9B,0xFD,0x90,0x00,0x80,0x48,0x3D,0x40,0x26,0x54,0xE4,0xFF,0xF3,0xF3,0xFF,0xA8,0x01,0x40,0xD4,0x08,0xF0,0x9A,0xD4,0x03,0x6C,0x42,0x09,0x01}},
    {3290, 7, 0x0D, 3, 256, {473251, -338114, 13482301}, {{9276, -178173, 1087872}, {9469, -178432, 1086975}}, {{-77, -517, -153}}, {0xDA,0x7C,0x00,0x0D,0x8F,0xE2,0x1C,0xF8,0x5C,0xEB,0x7B,0x72,0x9B,0xF1,0x90,0x00,0x03,0x48,0x3D,0x60,0x26,0x34,0xFB,0xFF,0xEF,0xF7,0xFF,0x67,0xFF,0x7F,0x3F,0x09,0x00,0x70,0xD4,0xFF,0x57,0x42,0x00,0x01}},
    {3785, 7, 0x0D, 3, 512, {550888, 3091146, -11669955}, {{10682, 45894, 1111108}, {10746, 45475, 1113263}}, {{16284, -959, 254}}, {0xC9,0x7E,0x00,0x0D,0xA3,0x9F,0x21,0x28,0xAB,0xBC,0x7A,0xDC,0x9B,0xEA,0xA6,0x00,0x46,0xB3,0x00,0x11,0x3D,0xC4,0xF9,0x03,0x04,0xF1,0xFF,0xFE,0x00,0x80,0x7E,0x0A,0x30,0x1A,0x0B,0xBC,0xF2,0x43,0x00,0x02}},
    {148, 7, 0x0D, 3, 512, {1472368, 3211242, -11516359}, {{12024, 104785, 1101090}, {12195, 105994, 1101250}}, {{43036, -1276, 239}}, {0x94,0x70,0x00,0x0D,0xC3,0xDD,0x59,0xA8,0xFF,0xC3,0x72,0x8C,0xA0,0xE2,0xBB,0x00,0x51,0x99,0x81,0x48,0x33,0xC4,0x81,0x0A,0x10,0xEC,0xFF,0xEF,0x00,0xC0,0xE8,0x0B,0xA0,0xE0,0x19,0x08,0x37,0x43,0x00,0x02}},
    {159, 7, 0x0D, 3, 512, {1514336, 3216866, -11509535}, {{12214, 108235, 1100133}, {12112, 109574, 1099288}}, {{43637, -934, 171}}, {0x9F,0x70,0x00,0x0D,0x83,0x6D,0x5C,0x88,0x57,0xC4,0xC2,0xC1,0xA0,0xDA,0xBE,0x00,0xCB,0xA6,0x41,0x59,0x32,0x54,0xA7,0x0A,0x68,0xF1,0xFF,0xAB,0x00,0x00,0xD4,0x0B,0x60,0xC0,0x1A,0x60,0x18,0x43,0x00,0x02}},
    {172, 7, 0x0D, 3, 512, {1564920, 3223774, -11501359}, {{11960, 109824, 1102117}, {12108, 110248, 1101509}}, {{45182, -1462, 78}}, {0xAC,0x70,0x00,0x0D,0xE3,0x83,0x5F,0x78,0xC3,0xC4,0xA2,0x01,0xA1,0xE2,0xBA,0x00,0x00,0xAD,0x41,0x49,0x34,0xE4,0x07,0x0B,0x28,0xE9,0xFF,0x4E,0x00,0x00,0xD3,0x0B,0x80,0xEA,0x1A,0x14,0x3B,0x43,0x00,0x02}},
    {183, 7, 0x0D, 3, 512, {1608912, 3229654, -11494327}, {{12086, 113789, 1098344}, {12025, 115456, 1097243}}, {{44673, -1292, -253}}, {0xB7,0x70,0x00,0x0D,0x43,0x33,0x62,0x58,0x1F,0xC5,0x92,0x38,0xA1,0xDA,0xBC,0x00,0x7D,0xBC,0x01,0x9A,0x30,0x14,0xE8,0x0A,0xD0,0xEB,0xFF,0x03,0xFF,0x7F,0xBE,0x0B,0x00,0x30,0x1C,0x6C,0xF8,0x42,0x00,0x02}},
    {237, 7, 0x0D, 3, 512, {1827600, 3257966, -11483107}, {{1336, 139732, 1091694}, {847, 136195, 1100489}}, {{44503, -1968, -5968}}, {0xED,0x70,0x00,0x0D,0x43,0x8C,0x6F,0xB8,0xD9,0xC6,0x3A,0x90,0xA1,0xE2,0x14,0x00,0xD4,0x21,0x82,0x1B,0x2A,0x74,0xDD,0x0A,0x40,0xE1,0xFF,0xB0,0xE8,0xFF,0xD3,0x00,0x30,0x40,0x21,0x24,0x2B,0x43,0x00,0x02}},
    {267, 7, 0x0D, 3, 512, {1963680, 3275758, -11474759}, {{4883, 146725, 1082742}, {9893, 147124, 1074294}}, {{43285, -1965, -7759}}, {0x0B,0x71,0x00,0x0D,0x83,0xDA,0x77,0xB8,0xEF,0xC7,0x72,0xD1,0xA1,0x4E,0x4C,0x00,0x25,0x3D,0x82,0x5D,0x21,0x54,0x91,0x0A,0x4C,0xE1,0xFF,0xB1,0xE1,0x7F,0xA9,0x09,0x40,0xEB,0x23,0xD8,0x91,0x41,0x00,0x02}},
    {291, 7, 0x0D, 3, 512, {2060736, 3287966, -11475635}, {{18677, 128309, 1109615}, {4090, 143596, 1106127}}, {{48251, -3000, -15260}}, {0x23,0x71,0x00,0x0D,0x03,0xC7,0x7D,0x78,0xAE,0xC8,0x9A,0xCA,0xA1,0xD6,0x23,0x01,0x35,0xF5,0xC1,0x9B,0x3B,0xB4,0xC7,0x0B,0x20,0xD1,0xFF,0x64,0xC4,0xBF,0xFE,0x03,0xC0,0x0E,0x23,0x3C,0x83,0x43,0x00,0x02}},
    {302, 7, 0x0D, 3, 512, {2108936, 3293970, -11474211}, {{-7882, 169613, 1079483}, {-12549, 175815, 1075151}}, {{40476, -1101, -2830}}, {0x2E,0x71,0x00,0x0D,0x23,0xB8,0x80,0x48,0x0C,0xC9,0xBA,0xD5,0xA1,0xDA,0x84,0xFF,0x8D,0x96,0xC2,0x2E,0x1E,0xC4,0xE1,0x09,0xCC,0xEE,0xFF,0xF2,0xF4,0xFF,0xBE,0xF3,0x7F,0xEC,0x2A,0x3C,0x9F,0x41,0x00,0x02}},
    {315, 7, 0x0D, 3, 512, {2153320, 3299946, -11467619}, {{4472, 155008, 1091820}, {6907, 148848, 1100916}}, {{40472, -950, 69}}, {0x3B,0x71,0x00,0x0D,0xA3,0x6D,0x83,0xA8,0x69,0xC9,0x3A,0x09,0xA2,0xE2,0x45,0x00,0x80,0x5D,0x02,0x3B,0x2A,0x84,0xE1,0x09,0x28,0xF1,0xFF,0x45,0x00,0xC0,0xBE,0x06,0x00,0x57,0x24,0xD0,0x31,0x43,0x00,0x02}},
    {326, 7, 0x0D, 3, 512, {2194232, 3305450, -11461051}, {{9657, 148365, 1099058}, {10576, 150883, 1093835}}, {{42527, -934, 82}}, {0x46,0x71,0x00,0x0D,0xE3,0xEC,0x85,0xA8,0xBF,0xC9,0x8A,0x3C,0xA2,0xE6,0x96,0x00,0x8D,0x43,0x82,0x4C,0x31,0xF4,0x61,0x0A,0x68,0xF1,0xFF,0x52,0x00,0x00,0x54,0x0A,0x30,0xD6,0x24,0x2C,0xC3,0x42,0x00,0x02}},
    {356, 7, 0x0D, 3, 512, {2296440, 3319474, -11444283}, {{12219, 155516, 1093294}, {11856, 155771, 1093918}}, {{38536, -1125, 2}}, {0x64,0x71,0x00,0x0D,0xE3,0x29,0x8C,0xC8,0x9A,0xCA,0x8A,0xBF,0xA2,0xEE,0xBE,0x00,0x7C,0x5F,0x82,0xAB,0x2B,0x84,0x68,0x09,0x6C,0xEE,0xFF,0x02,0x00,0x00,0x94,0x0B,0xB0,0x07,0x26,0x78,0xC4,0x42,0x00,0x02}},
    {369, 7, 0x0D, 3, 512, {2341896, 3325466, -11436795}, {{11576, 155491, 1097201}, {11768, 156437, 1097761}}, {{41326, -1451, 592}}, {0x71,0x71,0x00,0x0D,0x23,0xF0,0x8E,0x68,0xF8,0xCA,0x0A,0xFA,0xA2,0xE2,0xB4,0x00,0x63,0x5F,0x42,0x7C,0x2F,0xE4,0x16,0x0A,0x54,0xE9,0xFF,0x50,0x02,0x00,0x7E,0x0B,0x50,0x31,0x26,0x84,0x00,0x43,0x00,0x02}},
    {410, 7, 0x0D, 3, 512, {2481560, 3344058, -11413583}, {{12022, 167120, 1089902}, {12283, 166706, 1092383}}, {{36294, -1106, 84}}, {0x9A,0x71,0x00,0x0D,0x63,0x76,0x97,0xE8,0x1A,0xCC,0x62,0xAF,0xA3,0xDA,0xBB,0x00,0xD0,0x8C,0x82,0x5B,0x28,0x64,0xDC,0x08,0xB8,0xEE,0xFF,0x54,0x00,0xC0,0xFE,0x0B,0x20,0xB3,0x28,0x7C,0xAC,0x42,0x00,0x02}},
    {434, 7, 0x0D, 3, 512, {2567448, 3355750, -11399583}, {{12027, 167496, 1097913}, {12369, 168447, 1098108}}, {{45248, -863, 238}}, {0xB2,0x71,0x00,0x0D,0x63,0xB4,0x9C,0x98,0xD1,0xCC,0xC2,0x1C,0xA4,0xEE,0xBB,0x00,0x48,0x8E,0x42,0x2E,0x30,0x04,0x0C,0x0B,0x84,0xF2,0xFF,0xEE,0x00,0x40,0x14,0x0C,0xF0,0x1F,0x29,0xF0,0x05,0x43,0x00,0x02}},
    {445, 7, 0x0D, 3, 512, {2612440, 3361878, -11392251}, {{12472, 170926, 1096382}, {13048, 172014, 1096662}}, {{48141, -1114, -4}}, {0xBD,0x71,0x00,0x0D,0x63,0x73,0x9F,0x58,0x31,0xCD,0x0A,0x56,0xA4,0xE2,0xC2,0x00,0xAE,0x9B,0x82,0xAF,0x2E,0xD4,0xC0,0x0B,0x98,0xEE,0xFF,0xFC,0xFF,0x3F,0xBE,0x0C,0xE0,0xFE,0x29,0x58,0xEF,0x42,0x00,0x02}},
    {469, 7, 0x0D, 3, 512, {2719728, 3376462, -11374951}, {{12277, 178756, 1093064}, {12027, 180606, 1091037}}, {{52834, -1016, 67}}, {0xD5,0x71,0x00,0x0D,0xC3,0xFF,0xA5,0x38,0x15,0xCE,0x32,0xDD,0xA4,0xD6,0xBF,0x00,0x44,0xBA,0x02,0x72,0x2B,0x24,0xE6,0x0C,0x20,0xF0,0xFF,0x43,0x00,0xC0,0xBE,0x0B,0xE0,0x17,0x2C,0x74,0x97,0x42,0x00,0x02}},
    {499, 7, 0x0D, 3, 512, {2847400, 3393874, -11354303}, {{12857, 194974, 1072896}, {12796, 196299, 1072937}}, {{39879, -851, -82}}, {0xF3,0x71,0x00,0x0D,0xA3,0xCA,0xAD,0x48,0x25,0xCF,0x82,0x7E,0xA5,0xE6,0xC8,0x00,0x9E,0xF9,0x02,0xC0,0x17,0x74,0xBC,0x09,0xB4,0xF2,0xFF,0xAE,0xFF,0x3F,0x7F,0x0C,0xB0,0xEC,0x2F,0xA4,0x7C,0x41,0x00,0x02}},
    {523, 7, 0x0D, 3, 512, {2923080, 3403986, -11341951}, {{12792, 197421, 1078322}, {12625, 197624, 1079840}}, {{31793, -766, -163}}, {0x0B,0x72,0x00,0x0D,0x23,0x69,0xB2,0x48,0xC3,0xCF,0x02,0xDF,0xA5,0xE2,0xC7,0x00,0x2D,0x03,0x83,0x0C,0x1D,0x14,0xC3,0x07,0x08,0xF4,0xFF,0x5D,0xFF,0x7F,0x54,0x0C,0x80,0x3F,0x30,0x80,0xE8,0x41,0x00,0x02}},
    {553, 7, 0x0D, 3, 512, {3009480, 3415326, -11328003}, {{11960, 199851, 1082931}, {12537, 202061, 1080439}}, {{31776, -1289, 500}}, {0x29,0x72,0x00,0x0D,0x23,0xAF,0xB7,0x78,0x74,0xD0,0xFA,0x4B,0xA6,0xE2,0xBA,0x00,0xAB,0x0C,0xC3,0x8C,0x21,0x04,0xC2,0x07,0xDC,0xEB,0xFF,0xF4,0x01,0x40,0x3E,0x0C,0xD0,0x54,0x31,0xDC,0xF1,0x41,0x00,0x02}},
    {577, 7, 0x0D, 3, 512, {3073328, 3423586, -11317375}, {{12281, 203849, 1082670}, {12966, 204720, 1082314}}, {{29398, -756, 237}}, {0x41,0x72,0x00,0x0D,0xC3,0x94,0xBB,0x88,0xF5,0xD0,0x02,0x9F,0xA6,0xE6,0xBF,0x00,0x49,0x1C,0x83,0x4B,0x21,0x64,0x2D,0x07,0x30,0xF4,0xFF,0xED,0x00,0x80,0xA9,0x0C,0x00,0xFB,0x31,0x28,0x0F,0x42,0x00,0x02}},
    {588, 7, 0x0D, 3, 512, {3101320, 3427302, -11312739}, {{12603, 206225, 1080173}, {11942, 207205, 1078387}}, {{27442, -768, 338}}, {0x4C,0x72,0x00,0x0D,0x23,0x4A,0xBD,0x98,0x2F,0xD1,0x3A,0xC3,0xA6,0xEE,0xC4,0x00,0x91,0x25,0x43,0xDB,0x1E,0x24,0xB3,0x06,0x00,0xF4,0xFF,0x52,0x01,0x80,0xA9,0x0B,0x50,0x96,0x32,0xCC,0xD1,0x41,0x00,0x02}},
    {612, 7, 0x0D, 3, 512, {3155216, 3434222, -11303559}, {{13242, 210933, 1079143}, {13223, 211066, 1080090}}, {{23774, -758, 244}}, {0x64,0x72,0x00,0x0D,0x43,0x94,0xC0,0xB8,0x9B,0xD1,0xF2,0x0A,0xA7,0xEA,0xCE,0x00,0xF5,0x37,0xC3,0xD9,0x1D,0xE4,0xCD,0x05,0x28,0xF4,0xFF,0xF4,0x00,0xC0,0xE9,0x0C,0xA0,0x87,0x33,0x68,0xEC,0x41,0x00,0x02}},
    {642, 7, 0x0D, 3, 512, {3220336, 3442542, -11292843}, {{12985, 215424, 1077222}, {12880, 214743, 1079492}}, {{22497, -874, 503}}, {0x82,0x72,0x00,0x0D,0xC3,0x8D,0xC4,0xB8,0x1D,0xD2,0xAA,0x5E,0xA7,0xE6,0xCA,0x00,0x80,0x49,0x83,0xF9,0x1B,0x14,0x7E,0x05,0x58,0xF2,0xFF,0xF7,0x01,0x00,0x94,0x0C,0x70,0x6D,0x34,0x10,0xE3,0x41,0x00,0x02}},
    {755, 7, 0x0D, 3, 512, {3544360, 3485334, -11239423}, {{12793, 232476, 1075533}, {12879, 233664, 1074567}}, {{41922, -1193, -2}}, {0xF3,0x72,0x00,0x0D,0xA3,0x54,0xD8,0x58,0xBA,0xD4,0x02,0x00,0xA9,0xE6,0xC7,0x00,0x1C,0x8C,0x43,0x53,0x1A,0x24,0x3C,0x0A,0x5C,0xED,0xFF,0xFE,0xFF,0xFF,0x93,0x0C,0x00,0x0C,0x39,0x1C,0x96,0x41,0x00,0x02}},
    {207, 7, 0x0D, 3, 502, {-1668424, -2286755, -15214267}, {{7935, -187454, 1086848}, {7849, -187988, 1087146}}, {{-81, -591, 761}}, {0xCF,0x70,0x00,0x0D,0xE3,0x2A,0x9A,0x77,0x6D,0x74,0x8B,0xB2,0x2F,0xFE,0x7B,0x00,0xC2,0x23,0x3D,0x60,0x25,0xF4,0xFA,0xFF,0xC7,0xF6,0xFF,0xF9,0x02,0x40,0xAA,0x07,0xC0,0x1A,0xD2,0xAB,0x5A,0x42,0xF6,0x01}},
    {231, 7, 0x0D, 3, 502, {-1668624, -2287359, -15213791}, {{7801, -187647, 1086912}, {7678, -187990, 1087145}}, {{1, -350, 672}}, {0xE7,0x70,0x00,0x0D,0xC3,0x27,0x9A,0x07,0x64,0x74,0x43,0xB6,0x2F,0xE6,0x79,0x00,0x01,0x23,0x3D,0x70,0x25,0x14,0x00,0x00,0x88,0xFA,0xFF,0xA0,0x02,0x80,0x7F,0x07,0xA0,0x1A,0xD2,0xA7,0x5A,0x42,0xF6,0x01}},
    {261, 7, 0x0D, 3, 512, {-1669096, -2287939, -15213187}, {{7868, -187839, 1086655}, {7848, -187733, 1086720}}, {{-79, -508, 768}}, {0x05,0x71,0x00,0x0D,0x63,0x20,0x9A,0xF7,0x5A,0x74,0xFB,0xBA,0x2F,0xF2,0x7A,0x00,0x41,0x22,0xFD,0x2F,0x25,0x14,0xFB,0xFF,0x13,0xF8,0xFF,0x00,0x03,0x00,0xAA,0x07,0xB0,0x2A,0xD2,0x03,0x54,0x42,0x00,0x02}},
    {285, 7, 0x0D, 3, 502, {-1669264, -2288511, -15212743}, {{7483, -188287, 1086144}, {7421, -188243, 1087060}}, {{-192, -593, 669}}, {0x1D,0x71,0x00,0x0D,0xC3,0x1D,0x9A,0x07,0x52,0x74,0x73,0xBE,0x2F,0xEE,0x74,0x00,0x81,0x20,0x3D,0xB0,0x24,0x04,0xF4,0xFF,0xBF,0xF6,0xFF,0x9D,0x02,0x40,0x3F,0x07,0xD0,0x0A,0xD2,0x53,0x59,0x42,0xF6,0x01}},
    {315, 7, 0x0D, 3, 512, {-1669664, -2289127, -15212063}, {{7551, -187199, 1087423}, {7677, -187392, 1087488}}, {{-169, -355, 428}}, {0x3B,0x71,0x00,0x0D,0x83,0x17,0x9A,0x67,0x48,0x74,0xC3,0xC3,0x2F,0xFE,0x75,0x00,0xC1,0x24,0xFD,0xEF,0x25,0x74,0xF5,0xFF,0x77,0xFA,0xFF,0xAC,0x01,0x40,0x7F,0x07,0x00,0x40,0xD2,0x03,0x60,0x42,0x00,0x02}},
    {339, 7, 0x0D, 3, 493, {-1670168, -2289559, -15211695}, {{7549, -187774, 1087552}, {7849, -187477, 1087317}}, {{-86, -524, 675}}, {0x53,0x71,0x00,0x0D,0xA3,0x0F,0x9A,0xA7,0x41,0x74,0xA3,0xC6,0x2F,0xF6,0x75,0x00,0x82,0x22,0x3D,0x10,0x26,0xA4,0xFA,0xFF,0xD3,0xF7,0xFF,0xA3,0x02,0x40,0xAA,0x07,0xB0,0x3A,0xD2,0x57,0x5D,0x42,0xED,0x01}},
    {350, 7, 0x0D, 3, 502, {-1670376, -2289743, -15211471}, {{8061, -187071, 1087488}, {7851, -187475, 1087317}}, {{-356, -176, 84}}, {0x5E,0x71,0x00,0x0D,0x63,0x0C,0x9A,0xC7,0x3E,0x74,0x63,0xC8,0x2F,0xF6,0x7D,0x00,0x41,0x25,0x3D,0x00,0x26,0xC4,0xE9,0xFF,0x43,0xFD,0xFF,0x54,0x00,0xC0,0xAA,0x07,0xD0,0x3A,0xD2,0x57,0x5D,0x42,0xF6,0x01}},
    {374, 7, 0x0D, 3, 493, {-1670624, -2290179, -15211199}, {{8634, -187328, 1088576}, {8871, -187477, 1088425}}, {{71, -606, 150}}, {0x76,0x71,0x00,0x0D,0x83,0x08,0x9A,0xF7,0x37,0x74,0x83,0xCA,0x2F,0xEA,0x86,0x00,0x40,0x24,0x3D,0x10,0x27,0x74,0x04,0x00,0x88,0xF6,0xFF,0x96,0x00,0xC0,0xA9,0x08,0xB0,0x3A,0xD2,0xA7,0x6E,0x42,0xED,0x01}},
    {404, 7, 0x0D, 3, 512, {-1671016, -2290999, -15210831}, {{8444, -187646, 1086463}, {8021, -187476, 1087061}}, {{-249, -248, 771}}, {0x94,0x71,0x00,0x0D,0x63,0x02,0x9A,0x27,0x2B,0x74,0x63,0xCD,0x2F,0xF2,0x83,0x00,0x02,0x23,0xFD,0xFF,0x24,0x74,0xF0,0xFF,0x23,0xFC,0xFF,0x03,0x03,0x40,0xD5,0x07,0xC0,0x3A,0xD2,0x57,0x59,0x42,0x00,0x02}},
    {428, 7, 0x0D, 3, 502, {-1671440, -2291431, -15210331}, {{8635, -187775, 1087296}, {8701, -187987, 1087658}}, {{-341, -599, 423}}, {0xAC,0x71,0x00,0x0D,0xC3,0xFB,0x99,0x67,0x24,0x74,0x4B,0xD1,0x2F,0xEE,0x86,0x00,0x81,0x22,0x3D,0xD0,0x25,0xB4,0xEA,0xFF,0xA7,0xF6,0xFF,0xA7,0x01,0x40,0x7F,0x08,0xD0,0x1A,0xD2,0xAB,0x62,0x42,0xF6,0x01}},
    {458, 7, 0x0D, 3, 484, {-1672088, -2291931, -15209819}, {{8509, -187772, 1087425}, {8190, -187816, 1087572}}, {{-423, -611, 662}}, {0xCA,0x71,0x00,0x0D,0xA3,0xF1,0x99,0x97,0x1C,0x74,0x4B,0xD5,0x2F,0xF6,0x84,0x00,0x84,0x22,0x7D,0xF0,0x25,0x94,0xE5,0xFF,0x77,0xF6,0xFF,0x96,0x02,0x80,0xFF,0x07,0x80,0x25,0xD2,0x53,0x61,0x42,0xE4,0x01}},
    {482, 7, 0x0D, 3, 493, {-1672552, -2292515, -15209327}, {{8384, -187453, 1087232}, {7849, -187305, 1087061}}, {{-338, -278, 322}}, {0xE2,0x71,0x00,0x0D,0x63,0xEA,0x99,0x77,0x13,0x74,0x23,0xD9,0x2F,0x02,0x83,0x00,0xC3,0x23,0x3D,0xC0,0x25,0xE4,0xEA,0xFF,0xAB,0xFB,0xFF,0x42,0x01,0x40,0xAA,0x07,0x70,0x45,0xD2,0x57,0x59,0x42,0xED,0x01}},
    {493, 7, 0x0D, 3, 502, {-1672920, -2292707, -15209103}, {{7677, -187709, 1087616}, {7677, -187388, 1087488}}, {{-519, -691, 592}}, {0xED,0x71,0x00,0x0D,0xA3,0xE4,0x99,0x77,0x10,0x74,0xE3,0xDA,0x2F,0xF6,0x77,0x00,0xC3,0x22,0x3D,0x20,0x26,0x94,0xDF,0xFF,0x37,0xF5,0xFF,0x50,0x02,0x40,0x7F,0x07,0x40,0x40,0xD2,0x03,0x60,0x42,0xF6,0x01}},
    {517, 7, 0x0D, 3, 493, {-1673360, -2293359, -15208583}, {{7229, -187646, 1088064}, {7676, -187389, 1087232}}, {{-334, -687, 508}}, {0x05,0x72,0x00,0x0D,0xC3,0xDD,0x99,0x47,0x06,0x74,0xF3,0xDE,0x2F,0xF6,0x70,0x00,0x02,0x23,0x3D,0x90,0x26,0x24,0xEB,0xFF,0x47,0xF5,0xFF,0xFC,0x01,0x00,0x7F,0x07,0x30,0x40,0xD2,0x03,0x5C,0x42,0xED,0x01}},
    {547, 7, 0x0D, 3, 512, {-1673800, -2294031, -15208015}, {{7614, -188031, 1088064}, {7764, -188073, 1087572}}, {{-185, -184, 77}}, {0x23,0x72,0x00,0x0D,0xE3,0xD6,0x99,0xC7,0xFB,0x73,0x63,0xE3,0x2F,0xFA,0x76,0x00,0x81,0x21,0x3D,0x90,0x26,0x74,0xF4,0xFF,0x23,0xFD,0xFF,0x4D,0x00,0x00,0x95,0x07,0x70,0x15,0xD2,0x53,0x61,0x42,0x00,0x02}},
    {571, 7, 0x0D, 3, 512, {-1674336, -2294395, -15207595}, {{7871, -187517, 1087296}, {7422, -187564, 1087999}}, {{88, -171, 153}}, {0x3B,0x72,0x00,0x0D,0x83,0xCE,0x99,0x17,0xF6,0x73,0xAB,0xE6,0x2F,0xFE,0x7A,0x00,0x83,0x23,0x3D,0xD0,0x25,0x84,0x05,0x00,0x54,0xFD,0xFF,0x99,0x00,0x80,0x3F,0x07,0x40,0x35,0xD2,0xFF,0x67,0x42,0x00,0x02}},
    {601, 7, 0x0D, 3, 512, {-1674784, -2294999, -15207067}, {{8189, -186494, 1086464}, {8787, -186196, 1086634}}, {{-165, -269, 245}}, {0x59,0x72,0x00,0x0D,0x83,0xC7,0x99,0xA7,0xEC,0x73,0xCB,0xEA,0x2F,0xF6,0x7F,0x00,0x82,0x27,0x3D,0x00,0x25,0xB4,0xF5,0xFF,0xCF,0xFB,0xFF,0xF5,0x00,0xC0,0x94,0x08,0xC0,0x8A,0xD2,0xAB,0x52,0x42,0x00,0x02}},
    {612, 7, 0x0D, 3, 512, {-1674984, -2295223, -15206771}, {{7997, -186495, 1088064}, {8446, -186880, 1087829}}, {{7, -526, 421}}, {0x64,0x72,0x00,0x0D,0x63,0xC4,0x99,0x27,0xE9,0x73,0x1B,0xED,0x2F,0xF6,0x7C,0x00,0x81,0x27,0x3D,0x90,0x26,0x74,0x00,0x00,0xC8,0xF7,0xFF,0xA5,0x01,0x80,0x3F,0x08,0x00,0x60,0xD2,0x57,0x65,0x42,0x00,0x02}},
    {625, 7, 0x0D, 3, 512, {-1675184, -2295455, -15206371}, {{8510, -187391, 1087744}, {8360, -187476, 1088853}}, {{-182, -349, 426}}, {0x71,0x72,0x00,0x0D,0x43,0xC1,0x99,0x87,0xE5,0x73,0x3B,0xF0,0x2F,0xFA,0x84,0x00,0x01,0x24,0x3D,0x40,0x26,0xA4,0xF4,0xFF,0x8F,0xFA,0xFF,0xAA,0x01,0x00,0x2A,0x08,0xC0,0x3A,0xD2,0x57,0x75,0x42,0x00,0x02}},
    {636, 7, 0x0D, 3, 512, {-1675320, -2295643, -15206083}, {{8445, -186944, 1087616}, {7849, -186964, 1087658}}, {{-97, -431, 508}}, {0x7C,0x72,0x00,0x0D,0x23,0xBF,0x99,0x97,0xE2,0x73,0x7B,0xF2,0x2F,0xF6,0x83,0x00,0xC0,0x25,0x3D,0x20,0x26,0xF4,0xF9,0xFF,0x47,0xF9,0xFF,0xFC,0x01,0x40,0xAA,0x07,0xC0,0x5A,0xD2,0xAB,0x62,0x42,0x00,0x02}},
    {666, 7, 0x0D, 3, 512, {-1675760, -2296195, -15205451}, {{7806, -187391, 1087424}, {8532, -187389, 1087572}}, {{-267, -360, 494}}, {0x9A,0x72,0x00,0x0D,0x43,0xB8,0x99,0xF7,0xD9,0x73,0x6B,0xF7,0x2F,0xFA,0x79,0x00,0x01,0x24,0x3D,0xF0,0x25,0x54,0xEF,0xFF,0x63,0xFA,0xFF,0xEE,0x01,0x00,0x55,0x08,0x30,0x40,0xD2,0x53,0x61,0x42,0x00,0x02}},
    {690, 7, 0x0D, 3, 512, {-1675944, -2296743, -15204919}, {{7673, -187968, 1087616}, {8189, -187647, 1087999}}, {{-262, -357, 243}}, {0xB2,0x72,0x00,0x0D,0x63,0xB5,0x99,0x67,0xD1,0x73,0x93,0xFB,0x2F,0xE6,0x77,0x00,0xC0,0x21,0x3D,0x20,0x26,0xA4,0xEF,0xFF,0x6F,0xFA,0xFF,0xF3,0x00,0x40,0xFF,0x07,0x10,0x30,0xD2,0xFF,0x67,0x42,0x00,0x02}},
    {720, 7, 0x0D, 3, 512, {-1676256, -2297403, -15204435}, {{8443, -187262, 1088320}, {8361, -187903, 1087317}}, {{-81, -429, -187}}, {0xD0,0x72,0x00,0x0D,0x83,0xB0,0x99,0x17,0xC7,0x73,0x5B,0xFF,0x2F,0xEE,0x83,0x00,0x82,0x24,0x3D,0xD0,0x26,0xF4,0xFA,0xFF,0x4F,0xF9,0xFF,0x45,0xFF,0x7F,0x2A,0x08,0x10,0x20,0xD2,0x57,0x5D,0x42,0x00,0x02}},
    {744, 7, 0x0D, 3, 512, {-1676168, -2297963, -15204195}, {{8764, -187648, 1087104}, {8615, -187647, 1087231}}, {{76, -515, 588}}, {0xE8,0x72,0x00,0x0D,0xE3,0xB1,0x99,0x57,0xBE,0x73,0x3B,0x01,0x30,0xF2,0x88,0x00,0x00,0x23,0x3D,0xA0,0x25,0xC4,0x04,0x00,0xF4,0xF7,0xFF,0x4C,0x02,0xC0,0x69,0x08,0x10,0x30,0xD2,0xFF,0x5B,0x42,0x00,0x02}},
    {755, 7, 0x0D, 3, 502, {-1676232, -2298223, -15204047}, {{8955, -186752, 1087488}, {8359, -186879, 1087658}}, {{-87, -606, 494}}, {0xF3,0x72,0x00,0x0D,0xE3,0xB0,0x99,0x47,0xBA,0x73,0x63,0x02,0x30,0xEE,0x8B,0x00,0x80,0x26,0x3D,0x00,0x26,0x94,0xFA,0xFF,0x8B,0xF6,0xFF,0xEE,0x01,0xC0,0x29,0x08,0x10,0x60,0xD2,0xAB,0x62,0x42,0xF6,0x01}},
    {768, 7, 0x0D, 3, 512, {-1676248, -2298611, -15203707}, {{7803, -186881, 1087935}, {7765, -186964, 1088000}}, {{-192, -168, -186}}, {0x00,0x73,0x00,0x0D,0xA3,0xB0,0x99,0x37,0xB4,0x73,0x0B,0x05,0x30,0xEE,0x79,0x00,0xFF,0x25,0xFD,0x6F,0x26,0x04,0xF4,0xFF,0x63,0xFD,0xFF,0x46,0xFF,0x7F,0x95,0x07,0xC0,0x5A,0xD2,0x03,0x68,0x42,0x00,0x02}},
    {779, 7, 0x0D, 3, 502, {-1676408, -2298811, -15203663}, {{7741, -187389, 1088192}, {8020, -187307, 1087572}}, {{-104, -606, 420}}, {0x0B,0x73,0x00,0x0D,0x23,0xAE,0x99,0x17,0xB1,0x73,0x63,0x05,0x30,0xF6,0x78,0x00,0x03,0x24,0x3D,0xB0,0x26,0x84,0xF9,0xFF,0x8B,0xF6,0xFF,0xA4,0x01,0x00,0xD5,0x07,0x50,0x45,0xD2,0x53,0x61,0x42,0xF6,0x01}},
    {809, 7, 0x0D, 3, 512, {-1676920, -2299431, -15203139}, {{7292, -187199, 1085952}, {7422, -186881, 1085866}}, {{-11, -265, 88}}, {0x29,0x73,0x00,0x0D,0x23,0xA6,0x99,0x67,0xA7,0x73,0x7B,0x09,0x30,0xF2,0x71,0x00,0xC1,0x24,0x3D,0x80,0x24,0x54,0xFF,0xFF,0xDF,0xFB,0xFF,0x58,0x00,0x80,0x3F,0x07,0xF0,0x5F,0xD2,0xAB,0x46,0x42,0x00,0x02}},
    {833, 7, 0x0D, 3, 512, {-1677440, -2299687, -15202667}, {{7616, -187580, 1087360}, {8448, -188416, 1087743}}, {{-4, -81, 939}}, {0x41,0x73,0x00,0x0D,0x03,0x9E,0x99,0x67,0xA3,0x73,0x2B,0x0D,0x30,0x02,0x77,0x00,0x44,0x23,0x3D,0xE0,0x25,0xC4,0xFF,0xFF,0xBF,0xFE,0xFF,0xAB,0x03,0x00,0x40,0x08,0x00,0x00,0xD2,0xFF,0x63,0x42,0x00,0x02}},
    {863, 7, 0x0D, 3, 502, {-1678008, -2300327, -15201843}, {{9148, -187393, 1087039}, {8959, -187818, 1087744}}, {{-78, -177, 493}}, {0x5F,0x73,0x00,0x0D,0x23,0x95,0x99,0x67,0x99,0x73,0x9B,0x13,0x30,0xF2,0x8E,0x00,0xFF,0x23,0xFD,0x8F,0x25,0x24,0xFB,0xFF,0x3F,0xFD,0xFF,0xED,0x01,0xC0,0xBF,0x08,0x60,0x25,0xD2,0x03,0x64,0x42,0xF6,0x01}},
    {887, 7, 0x0D, 3, 512, {-1678360, -2300607, -15201371}, {{8763, -188097, 1088191}, {8615, -187391, 1087829}}, {{-166, -615, -267}}, {0x77,0x73,0x00,0x0D,0xA3,0x8F,0x99,0x07,0x95,0x73,0x4B,0x17,0x30,0xEE,0x88,0x00,0x3F,0x21,0xFD,0xAF,0x26,0xA4,0xF5,0xFF,0x67,0xF6,0xFF,0xF5,0xFE,0xFF,0x69,0x08,0x10,0x40,0xD2,0x57,0x65,0x42,0x00,0x02}},
    {898, 7, 0x0D, 3, 512, {-1678544, -2300871, -15201347}, {{9149, -187326, 1087744}, {8617, -187221, 1087232}}, {{-7, -251, 754}}, {0x82,0x73,0x00,0x0D,0xC3,0x8C,0x99,0xE7,0x90,0x73,0x7B,0x17,0x30,0xF6,0x8E,0x00,0x42,0x24,0x3D,0x40,0x26,0x94,0xFF,0xFF,0x17,0xFC,0xFF,0xF2,0x02,0x40,0x6A,0x08,0xB0,0x4A,0xD2,0x03,0x5C,0x42,0x00,0x02}},
    {922, 7, 0x0D, 3, 502, {-1678952, -2301299, -15200827}, {{7931, -187520, 1087296}, {7763, -187648, 1086634}}, {{-1, -528, 602}}, {0x9A,0x73,0x00,0x0D,0x63,0x86,0x99,0x37,0x8A,0x73,0x8B,0x1B,0x30,0xEE,0x7B,0x00,0x80,0x23,0x3D,0xD0,0x25,0xF4,0xFF,0xFF,0xC3,0xF7,0xFF,0x5A,0x02,0xC0,0x94,0x07,0x00,0x30,0xD2,0xAB,0x52,0x42,0xF6,0x01}},
    {952, 7, 0x0D, 3, 512, {-1679424, -2301975, -15200075}, {{8698, -186302, 1087552}, {8702, -186964, 1087829}}, {{-81, -615, 498}}, {0xB8,0x73,0x00,0x0D,0x03,0x7F,0x99,0xA7,0x7F,0x73,0x6B,0x21,0x30,0xEA,0x87,0x00,0x42,0x28,0x3D,0x10,0x26,0xF4,0xFA,0xFF,0x67,0xF6,0xFF,0xF2,0x01,0x80,0x7F,0x08,0xC0,0x5A,0xD2,0x57,0x65,0x42,0x00,0x02}},
    {758, 7, 0x0D, 3, 512, {-2141000, -3023035, -14492075}, {{8509, -186944, 1086975}, {8702, -186964, 1086720}}, {{-84, -671, 756}}, {0xF6,0x72,0x00,0x0D,0xE3,0x52,0x7D,0x17,0x7D,0x47,0xAB,0xBC,0x45,0xF6,0x84,0x00,0xC0,0x25,0xFD,0x7F,0x25,0xC4,0xFA,0xFF,0x87,0xF5,0xFF,0xF4,0x02,0x80,0x7F,0x08,0xC0,0x5A,0xD2,0x03,0x54,0x42,0x00,0x02}},
    {788, 7, 0x0D, 3, 493, {-2141168, -3023819, -14491347}, {{8572, -187008, 1086400}, {8619, -187306, 1087573}}, {{-78, -96, 499}}, {0x14,0x73,0x00,0x0D,0x43,0x50,0x7D,0xD7,0x70,0x47,0x5B,0xC2,0x45,0xF2,0x85,0x00,0x80,0x25,0x3D,0xF0,0x24,0x24,0xFB,0xFF,0x83,0xFE,0xFF,0xF3,0x01,0xC0,0x6A,0x08,0x60,0x45,0xD2,0x57,0x61,0x42,0xED,0x01}},
    {812, 7, 0x0D, 3, 512, {-2141488, -3024231, -14490995}, {{8379, -186687, 1086015}, {8361, -186708, 1086634}}, {{-167, -587, 499}}, {0x2C,0x73,0x00,0x0D,0x43,0x4B,0x7D,0x67,0x6A,0x47,0x1B,0xC5,0x45,0xEE,0x82,0x00,0xC1,0x26,0xFD,0x8F,0x24,0x94,0xF5,0xFF,0xD7,0xF6,0xFF,0xF3,0x01,0x40,0x2A,0x08,0xC0,0x6A,0xD2,0xAB,0x52,0x42,0x00,0x02}},
    {842, 7, 0x0D, 3, 512, {-2142096, -3024967, -14490311}, {{7675, -186751, 1087488}, {7677, -186794, 1087402}}, {{-94, -499, 249}}, {0x4A,0x73,0x00,0x0D,0xC3,0x41,0x7D,0xE7,0x5E,0x47,0x73,0xCA,0x45,0xEE,0x77,0x00,0x81,0x26,0x3D,0x00,0x26,0x24,0xFA,0xFF,0x37,0xF8,0xFF,0xF9,0x00,0x40,0x7F,0x07,0x60,0x65,0xD2,0xAB,0x5E,0x42,0x00,0x02}},
    {866, 7, 0x0D, 3, 512, {-2142240, -3025523, -14489875}, {{8440, -188095, 1086464}, {8702, -188074, 1086207}}, {{-18, -499, 321}}, {0x62,0x73,0x00,0x0D,0x83,0x3F,0x7D,0x37,0x56,0x47,0xDB,0xCD,0x45,0xE2,0x83,0x00,0x41,0x21,0x3D,0x00,0x25,0xE4,0xFE,0xFF,0x37,0xF8,0xFF,0x41,0x01,0x80,0x7F,0x08,0x60,0x15,0xD2,0xFF,0x4B,0x42,0x00,0x02}},
    {877, 7, 0x0D, 3, 512, {-2142344, -3025663, -14489631}, {{8704, -187263, 1088128}, {8617, -187989, 1088425}}, {{95, -266, 599}}, {0x6D,0x73,0x00,0x0D,0xE3,0x3D,0x7D,0x07,0x54,0x47,0xC3,0xCF,0x45,0x02,0x88,0x00,0x81,0x24,0x3D,0xA0,0x26,0xF4,0x05,0x00,0xD8,0xFB,0xFF,0x57,0x02,0x40,0x6A,0x08,0xB0,0x1A,0xD2,0xA7,0x6E,0x42,0x00,0x02}},
    {901, 7, 0x0D, 3, 512, {-2142680, -3026183, -14488955}, {{8189, -187454, 1086656}, {8275, -187137, 1087231}}, {{88, -519, 237}}, {0x85,0x73,0x00,0x0D,0xA3,0x38,0x7D,0xE7,0x4B,0x47,0x0B,0xD5,0x45,0xF6,0x7F,0x00,0xC2,0x23,0x3D,0x30,0x25,0x84,0x05,0x00,0xE4,0xF7,0xFF,0xED,0x00,0xC0,0x14,0x08,0xF0,0x4F,0xD2,0xFF,0x5B,0x42,0x00,0x02}},
    {931, 7, 0x0D, 3, 512, {-2142952, -3026819, -14488363}, {{8445, -187521, 1087552}, {8191, -187391, 1088084}}, {{-180, -267, 500}}, {0xA3,0x73,0x00,0x0D,0x63,0x34,0x7D,0xF7,0x41,0x47,0xAB,0xD9,0x45,0xF6,0x83,0x00,0x7F,0x23,0x3D,0x10,0x26,0xC4,0xF4,0xFF,0xD7,0xFB,0xFF,0xF4,0x01,0xC0,0xFF,0x07,0x10,0x40,0xD2,0x53,0x69,0x42,0x00,0x02}},
    {955, 7, 0x0D, 3, 512, {-2143128, -3027359, -14487807}, {{7934, -186624, 1088383}, {7936, -186368, 1088170}}, {{10, -171, 683}}, {0xBB,0x73,0x00,0x0D,0xA3,0x31,0x7D,0x87,0x39,0x47,0x03,0xDE,0x45,0xFA,0x7B,0x00,0x00,0x27,0xFD,0xDF,0x26,0xA4,0x00,0x00,0x54,0xFD,0xFF,0xAB,0x02,0x00,0xC0,0x07,0x00,0x80,0xD2,0xAB,0x6A,0x42,0x00,0x02}},
    {985, 7, 0x0D, 3, 512, {-2143560, -3027951, -14486879}, {{8699, -186688, 1087488}, {8701, -186880, 1087402}}, {{10, -506, 596}}, {0xD9,0x73,0x00,0x0D,0xE3,0x2A,0x7D,0x47,0x30,0x47,0x43,0xE5,0x45,0xEE,0x87,0x00,0xC0,0x26,0x3D,0x00,0x26,0xA4,0x00,0x00,0x18,0xF8,0xFF,0x54,0x02,0x40,0x7F,0x08,0x00,0x60,0xD2,0xAB,0x5E,0x42,0x00,0x02}},
    {996, 7, 0x0D, 3, 512, {-2143688, -3028199, -14486579}, {{9276, -187007, 1086976}, {9045, -187049, 1087402}}, {{-101, -253, 506}}, {0xE4,0x73,0x00,0x0D,0xE3,0x28,0x7D,0x67,0x2C,0x47,0x9B,0xE7,0x45,0xF2,0x90,0x00,0x81,0x25,0x3D,0x80,0x25,0xB4,0xF9,0xFF,0x0F,0xFC,0xFF,0xFA,0x01,0x40,0xD5,0x08,0x70,0x55,0xD2,0xAB,0x5E,0x42,0x00,0x02}},
    {1009, 7, 0x0D, 3, 512, {-2143936, -3028399, -14486343}, {{8444, -187643, 1088705}, {8275, -187306, 1088767}}, {{-165, -337, 84}}, {0xF1,0x73,0x00,0x0D,0x03,0x25,0x7D,0x47,0x29,0x47,0x73,0xE9,0x45,0xF2,0x83,0x00,0x05,0x23,0x7D,0x30,0x27,0xB4,0xF5,0xFF,0xBF,0xFA,0xFF,0x54,0x00,0xC0,0x14,0x08,0x60,0x45,0xD2,0xFF,0x73,0x42,0x00,0x02}},
    {1020, 7, 0x0D, 3, 512, {-2144056, -3028599, -14486235}, {{8123, -187199, 1088320}, {8019, -187221, 1087999}}, {{-14, -253, 676}}, {0xFC,0x73,0x00,0x0D,0x23,0x23,0x7D,0x27,0x26,0x47,0x4B,0xEA,0x45,0xEE,0x7E,0x00,0xC1,0x24,0x3D,0xD0,0x26,0x24,0xFF,0xFF,0x0F,0xFC,0xFF,0xA4,0x02,0xC0,0xD4,0x07,0xB0,0x4A,0xD2,0xFF,0x67,0x42,0x00,0x02}},
    {1050, 7, 0x0D, 3, 512, {-2144280, -3029131, -14485551}, {{8764, -187264, 1088192}, {8703, -187819, 1086889}}, {{177, -346, 760}}, {0x1A,0x74,0x00,0x0D,0xA3,0x1F,0x7D,0xD7,0x1D,0x47,0xA3,0xEF,0x45,0xF2,0x88,0x00,0x80,0x24,0x3D,0xB0,0x26,0x14,0x0B,0x00,0x98,0xFA,0xFF,0xF8,0x02,0xC0,0x7F,0x08,0x50,0x25,0xD2,0xA7,0x56,0x42,0x00,0x02}},
    {1074, 7, 0x0D, 3, 512, {-2144280, -3029671, -14485011}, {{8123, -187455, 1087104}, {8277, -187477, 1086548}}, {{92, -343, 762}}, {0x32,0x74,0x00,0x0D,0xA3,0x1F,0x7D,0x67,0x15,0x47,0xDB,0xF3,0x45,0xEE,0x7E,0x00,0xC1,0x23,0x3D,0xA0,0x25,0xC4,0x05,0x00,0xA4,0xFA,0xFF,0xFA,0x02,0x40,0x15,0x08,0xB0,0x3A,0xD2,0x53,0x51,0x42,0x00,0x02}},
    {1104, 7, 0x0D, 3, 512, {-2144608, -3030283, -14484343}, {{7421, -187326, 1086784}, {6909, -187391, 1087658}}, {{-94, -608, 345}}, {0x50,0x74,0x00,0x0D,0x83,0x1A,0x7D,0xD7,0x0B,0x47,0x13,0xF9,0x45,0xF6,0x73,0x00,0x42,0x24,0x3D,0x50,0x25,0x24,0xFA,0xFF,0x83,0xF6,0xFF,0x59,0x01,0x40,0xBF,0x06,0x10,0x40,0xD2,0xAB,0x62,0x42,0x00,0x02}},
    {1128, 7, 0x0D, 3, 502, {-2144984, -3030775, -14483911}, {{8445, -188159, 1087808}, {8020, -188330, 1087487}}, {{2, -335, 257}}, {0x68,0x74,0x00,0x0D,0xA3,0x14,0x7D,0x27,0x04,0x47,0x73,0xFC,0x45,0xF6,0x83,0x00,0x01,0x21,0x3D,0x50,0x26,0x24,0x00,0x00,0xC4,0xFA,0xFF,0x01,0x01,0x00,0xD5,0x07,0x60,0x05,0xD2,0xFF,0x5F,0x42,0xF6,0x01}},
    {1139, 7, 0x0D, 3, 512, {-2145000, -3030967, -14483583}, {{8702, -187521, 1087551}, {8447, -187051, 1086891}}, {{80, -330, 685}}, {0x73,0x74,0x00,0x0D,0x63,0x14,0x7D,0x27,0x01,0x47,0x03,0xFF,0x45,0xFA,0x87,0x00,0x7F,0x23,0xFD,0x0F,0x26,0x04,0x05,0x00,0xD8,0xFA,0xFF,0xAD,0x02,0xC0,0x3F,0x08,0x50,0x55,0xD2,0xAF,0x56,0x42,0x00,0x02}},
    {1163, 7, 0x0D, 3, 512, {-2145272, -3031387, -14483099}, {{7999, -187517, 1087488}, {8021, -187135, 1087402}}, {{-171, -336, 346}}, {0x8B,0x74,0x00,0x0D,0x23,0x10,0x7D,0x97,0xFA,0x46,0xCB,0x02,0x46,0xFE,0x7C,0x00,0x83,0x23,0x3D,0x00,0x26,0x54,0xF5,0xFF,0xC3,0xFA,0xFF,0x5A,0x01,0x40,0xD5,0x07,0x10,0x50,0xD2,0xAB,0x5E,0x42,0x00,0x02}},
    {1193, 7, 0x0D, 3, 512, {-2145872, -3032115, -14482519}, {{8444, -187839, 1086976}, {8104, -187648, 1086719}}, {{9, -433, 508}}, {0xA9,0x74,0x00,0x0D,0xC3,0x06,0x7D,0x37,0xEF,0x46,0x53,0x07,0x46,0xF2,0x83,0x00,0x41,0x22,0x3D,0x80,0x25,0x94,0x00,0x00,0x3C,0xF9,0xFF,0xFC,0x01,0x00,0xEA,0x07,0x00,0x30,0xD2,0xFF,0x53,0x42,0x00,0x02}},
    {1217, 7, 0x0D, 3, 512, {-2146096, -3032599, -14481979}, {{8253, -187968, 1088000}, {8530, -187989, 1088426}}, {{1, -607, 514}}, {0xC1,0x74,0x00,0x0D,0x43,0x03,0x7D,0xA7,0xE7,0x46,0x8B,0x0B,0x46,0xF6,0x80,0x00,0xC0,0x21,0x3D,0x80,0x26,0x14,0x00,0x00,0x84,0xF6,0xFF,0x02,0x02,0x80,0x54,0x08,0xB0,0x1A,0xD2,0xAB,0x6E,0x42,0x00,0x02}},
    {657, 7, 0x0D, 3, 448, {5112696, -1094682, -12095293}, {{12221, -175168, 1088383}, {12116, -174931, 1089110}}, {{-423, -254, 164}}, {0x91,0x72,0x00,0x0D,0xE3,0x0D,0x38,0x99,0x2F,0xBD,0x87,0xE1,0x8E,0xF6,0xBE,0x00,0xC0,0x53,0xFD,0xDF,0x26,0x94,0xE5,0xFF,0x0B,0xFC,0xFF,0xA4,0x00,0x00,0xD5,0x0B,0xD0,0x4A,0xD5,0x5B,0x79,0x42,0xC0,0x01}},
    {681, 7, 0x0D, 3, 448, {5113328, -1095522, -12094945}, {{11898, -175422, 1090048}, {12285, -175444, 1089536}}, {{-164, -689, 496}}, {0xA9,0x72,0x00,0x0D,0xC3,0x17,0x38,0x79,0x22,0xBD,0x3F,0xE4,0x8E,0xEA,0xB9,0x00,0xC2,0x52,0x3D,0x80,0x28,0xC4,0xF5,0xFF,0x3F,0xF5,0xFF,0xF0,0x01,0x40,0xFF,0x0B,0xC0,0x2A,0xD5,0x03,0x80,0x42,0xC0,0x01}},
    {711, 7, 0x0D, 3, 448, {5114576, -1096986, -12094433}, {{11644, -175421, 1088384}, {11176, -175442, 1088768}}, {{-251, -770, 504}}, {0xC7,0x72,0x00,0x0D,0x43,0x2B,0x38,0x99,0x0B,0xBD,0x3F,0xE8,0x8E,0xF2,0xB5,0x00,0xC3,0x52,0x3D,0xE0,0x26,0x54,0xF0,0xFF,0xFB,0xF3,0xFF,0xF8,0x01,0x00,0xEA,0x0A,0xE0,0x2A,0xD5,0x03,0x74,0x42,0xC0,0x01}},
    {735, 7, 0x0D, 3, 448, {5114224, -1098250, -12094177}, {{11454, -175229, 1090368}, {11603, -175189, 1090560}}, {{5, -249, -2}}, {0xDF,0x72,0x00,0x0D,0xC3,0x25,0x38,0xD9,0xF7,0xBC,0x3F,0xEA,0x8E,0xFA,0xB2,0x00,0x83,0x53,0x3D,0xD0,0x28,0x54,0x00,0x00,0x1C,0xFC,0xFF,0xFE,0xFF,0xFF,0x54,0x0B,0xB0,0x3A,0xD5,0x03,0x90,0x42,0xC0,0x01}},
    {765, 7, 0x0D, 3, 448, {5114312, -1099398, -12094145}, {{12026, -175807, 1089983}, {12031, -175447, 1089536}}, {{87, -517, 921}}, {0xFD,0x72,0x00,0x0D,0x23,0x27,0x38,0xE9,0xE5,0xBC,0x7F,0xEA,0x8E,0xEA,0xBB,0x00,0x41,0x51,0xFD,0x6F,0x28,0x74,0x05,0x00,0xEC,0xF7,0xFF,0x99,0x03,0xC0,0xBF,0x0B,0x90,0x2A,0xD5,0x03,0x80,0x42,0xC0,0x01}},
    {789, 7, 0x0D, 3, 448, {5114760, -1100422, -12093741}, {{11643, -175293, 1088512}, {11005, -175614, 1088256}}, {{-260, -424, -185}}, {0x15,0x73,0x00,0x0D,0x23,0x2E,0x38,0xE9,0xD5,0xBC,0xA7,0xED,0x8E,0xEE,0xB5,0x00,0x43,0x53,0x3D,0x00,0x27,0xC4,0xEF,0xFF,0x63,0xF9,0xFF,0x47,0xFF,0x7F,0xBF,0x0A,0x20,0x20,0xD5,0x03,0x6C,0x42,0xC0,0x01}},
    {800, 7, 0x0D, 3, 448, {5114672, -1100850, -12093725}, {{11325, -175744, 1089088}, {11091, -175616, 1089364}}, {{4, -347, 512}}, {0x20,0x73,0x00,0x0D,0xC3,0x2C,0x38,0x39,0xCF,0xBC,0xC7,0xED,0x8E,0xF6,0xB0,0x00,0x80,0x51,0x3D,0x90,0x27,0x44,0x00,0x00,0x94,0xFA,0xFF,0x00,0x02,0xC0,0xD4,0x0A,0x00,0x20,0xD5,0x53,0x7D,0x42,0xC0,0x01}},
    {824, 7, 0x0D, 3, 448, {5115688, -1101610, -12093457}, {{11262, -175039, 1088256}, {11347, -174849, 1088169}}, {{-6, -605, 683}}, {0x38,0x73,0x00,0x0D,0xA3,0x3C,0x38,0x59,0xC3,0xBC,0xDF,0xEF,0x8E,0xFA,0xAF,0x00,0x41,0x54,0x3D,0xC0,0x26,0xA4,0xFF,0xFF,0x8F,0xF6,0xFF,0xAB,0x02,0xC0,0x14,0x0B,0xF0,0x4F,0xD5,0xA7,0x6A,0x42,0xC0,0x01}},
    {854, 7, 0x0D, 3, 448, {5116632, -1102918, -12093081}, {{11773, -174976, 1089279}, {11770, -174846, 1089109}}, {{-258, -850, 159}}, {0x56,0x73,0x00,0x0D,0x63,0x4B,0x38,0xE9,0xAE,0xBC,0xCF,0xF2,0x8E,0xF6,0xB7,0x00,0x80,0x54,0xFD,0xBF,0x27,0xE4,0xEF,0xFF,0xBB,0xF2,0xFF,0x9F,0x00,0x80,0x7E,0x0B,0x20,0x50,0xD5,0x57,0x79,0x42,0xC0,0x01}},
    {878, 7, 0x0D, 3, 448, {5116424, -1103890, -12092869}, {{11709, -174909, 1088576}, {11520, -174846, 1088768}}, {{-333, 3, 244}}, {0x6E,0x73,0x00,0x0D,0x23,0x48,0x38,0xB9,0x9F,0xBC,0x77,0xF4,0x8E,0xF6,0xB6,0x00,0xC3,0x54,0x3D,0x10,0x27,0x34,0xEB,0xFF,0x0F,0x00,0x00,0xF4,0x00,0x00,0x40,0x0B,0x20,0x50,0xD5,0x03,0x74,0x42,0xC0,0x01}},
    {908, 7, 0x0D, 3, 448, {5116760, -1104978, -12092425}, {{11966, -174526, 1088576}, {12200, -174590, 1089365}}, {{-328, -590, 330}}, {0x8C,0x73,0x00,0x0D,0x63,0x4D,0x38,0xB9,0x8E,0xBC,0xEF,0xF7,0x8E,0xFA,0xBA,0x00,0x42,0x56,0x3D,0x10,0x27,0x84,0xEB,0xFF,0xCB,0xF6,0xFF,0x4A,0x01,0x00,0xEA,0x0B,0x20,0x60,0xD5,0x57,0x7D,0x42,0xC0,0x01}},
    {919, 7, 0x0D, 3, 448, {5117056, -1105542, -12092345}, {{12028, -174273, 1089599}, {12029, -174506, 1089451}}, {{-89, -431, 169}}, {0x97,0x73,0x00,0x0D,0x03,0x52,0x38,0xE9,0x85,0xBC,0x8F,0xF8,0x8E,0xF2,0xBB,0x00,0x3F,0x57,0xFD,0x0F,0x28,0x74,0xFA,0xFF,0x47,0xF9,0xFF,0xA9,0x00,0x40,0xBF,0x0B,0x60,0x65,0xD5,0xAF,0x7E,0x42,0xC0,0x01}},
    {932, 7, 0x0D, 3, 448, {5117168, -1105906, -12092277}, {{12671, -175165, 1089856}, {12032, -175189, 1089620}}, {{-92, -92, 424}}, {0xA4,0x73,0x00,0x0D,0xC3,0x53,0x38,0x39,0x80,0xBC,0x17,0xF9,0x8E,0xFE,0xC5,0x00,0xC3,0x53,0x3D,0x50,0x28,0x44,0xFA,0xFF,0x93,0xFE,0xFF,0xA8,0x01,0x00,0xC0,0x0B,0xB0,0x3A,0xD5,0x53,0x81,0x42,0xC0,0x01}},
    {943, 7, 0x0D, 3, 448, {5117288, -1106362, -12092181}, {{11771, -174910, 1088768}, {11433, -174932, 1089194}}, {{-170, -172, 163}}, {0xAF,0x73,0x00,0x0D,0xA3,0x55,0x38,0x19,0x79,0xBC,0xD7,0xF9,0x8E,0xEE,0xB7,0x00,0xC2,0x54,0x3D,0x40,0x27,0x64,0xF5,0xFF,0x53,0xFD,0xFF,0xA3,0x00,0x40,0x2A,0x0B,0xC0,0x4A,0xD5,0xAB,0x7A,0x42,0xC0,0x01}},
    {967, 7, 0x0D, 3, 448, {5117584, -1107106, -12092081}, {{11773, -175424, 1089727}, {11602, -175357, 1089281}}, {{-347, -499, 152}}, {0xC7,0x73,0x00,0x0D,0x43,0x5A,0x38,0x79,0x6D,0xBC,0x9F,0xFA,0x8E,0xF6,0xB7,0x00,0xC0,0x52,0xFD,0x2F,0x28,0x54,0xEA,0xFF,0x37,0xF8,0xFF,0x98,0x00,0x80,0x54,0x0B,0x30,0x30,0xD5,0x07,0x7C,0x42,0xC0,0x01}},
    {997, 7, 0x0D, 3, 448, {5117928, -1108394, -12091737}, {{11707, -175104, 1089088}, {11603, -175104, 1089194}}, {{7, -515, 73}}, {0xE5,0x73,0x00,0x0D,0xA3,0x5F,0x38,0x59,0x59,0xBC,0x4F,0xFD,0x8E,0xEE,0xB6,0x00,0x00,0x54,0x3D,0x90,0x27,0x74,0x00,0x00,0xF4,0xF7,0xFF,0x49,0x00,0xC0,0x54,0x0B,0x00,0x40,0xD5,0xAB,0x7A,0x42,0xC0,0x01}},
    {1021, 7, 0x0D, 3, 448, {5118264, -1109174, -12091773}, {{11005, -174719, 1089344}, {11178, -174334, 1089108}}, {{-182, -428, 254}}, {0xFD,0x73,0x00,0x0D,0xE3,0x64,0x38,0x29,0x4D,0xBC,0x07,0xFD,0x8E,0xF6,0xAB,0x00,0x81,0x55,0x3D,0xD0,0x27,0xA4,0xF4,0xFF,0x53,0xF9,0xFF,0xFE,0x00,0x80,0xEA,0x0A,0x20,0x70,0xD5,0x53,0x79,0x42,0xC0,0x01}},
    {1051, 7, 0x0D, 3, 448, {5118832, -1110442, -12091701}, {{11646, -174528, 1089535}, {11602, -174679, 1088938}}, {{-78, -520, 415}}, {0x1B,0x74,0x00,0x0D,0xC3,0x6D,0x38,0x59,0x39,0xBC,0x97,0xFD,0x8E,0xFA,0xB5,0x00,0x40,0x56,0xFD,0xFF,0x27,0x24,0xFB,0xFF,0xE3,0xF7,0xFF,0x9F,0x01,0x80,0x54,0x0B,0x90,0x5A,0xD5,0xAB,0x76,0x42,0xC0,0x01}},
    {1062, 7, 0x0D, 3, 448, {5118936, -1110954, -12091545}, {{11515, -175356, 1088768}, {11604, -176126, 1088768}}, {{-268, -341, 250}}, {0x26,0x74,0x00,0x0D,0x63,0x6F,0x38,0x59,0x31,0xBC,0xCF,0xFE,0x8E,0xEE,0xB3,0x00,0x04,0x53,0x3D,0x40,0x27,0x44,0xEF,0xFF,0xAF,0xFA,0xFF,0xFA,0x00,0x00,0x55,0x0B,0x20,0x00,0xD5,0x03,0x74,0x42,0xC0,0x01}},
    {1075, 7, 0x0D, 3, 448, {5118960, -1111554, -12091429}, {{11516, -175295, 1088640}, {11175, -174762, 1088682}}, {{-93, -524, 424}}, {0x33,0x74,0x00,0x0D,0xC3,0x6F,0x38,0xF9,0x27,0xBC,0xB7,0xFF,0x8E,0xF2,0xB3,0x00,0x41,0x53,0x3D,0x20,0x27,0x34,0xFA,0xFF,0xD3,0xF7,0xFF,0xA8,0x01,0xC0,0xE9,0x0A,0x60,0x55,0xD5,0xAB,0x72,0x42,0xC0,0x01}},
    {1086, 7, 0x0D, 3, 448, {5119064, -1112058, -12091357}, {{11324, -175230, 1089152}, {11263, -174675, 1089365}}, {{-254, -250, 427}}, {0x3E,0x74,0x00,0x0D,0x63,0x71,0x38,0x19,0x20,0xBC,0x47,0x00,0x8F,0xF2,0xB0,0x00,0x82,0x53,0x3D,0xA0,0x27,0x24,0xF0,0xFF,0x1B,0xFC,0xFF,0xAB,0x01,0xC0,0xFF,0x0A,0xD0,0x5A,0xD5,0x57,0x7D,0x42,0xC0,0x01}},
    {1116, 7, 0x0D, 3, 448, {5119600, -1113262, -12091105}, {{11775, -174529, 1088959}, {12118, -174338, 1087915}}, {{164, -14, 508}}, {0x5C,0x74,0x00,0x0D,0xC3,0x79,0x38,0x49,0x0D,0xBC,0x3F,0x02,0x8F,0xFE,0xB7,0x00,0x3F,0x56,0xFD,0x6F,0x27,0x44,0x0A,0x00,0xC8,0xFF,0xFF,0xFC,0x01,0x80,0xD5,0x0B,0xE0,0x6F,0xD5,0xAF,0x66,0x42,0xC0,0x01}},
    {1140, 7, 0x0D, 3, 448, {5120152, -1113918, -12090909}, {{11519, -174718, 1088192}, {11946, -175105, 1088170}}, {{91, -9, 328}}, {0x74,0x74,0x00,0x0D,0x63,0x82,0x38,0x09,0x03,0xBC,0xC7,0x03,0x8F,0xFE,0xB3,0x00,0x82,0x55,0x3D,0xB0,0x26,0xB4,0x05,0x00,0xDC,0xFF,0xFF,0x48,0x01,0x80,0xAA,0x0B,0xF0,0x3F,0xD5,0xAB,0x6A,0x42,0xC0,0x01}},
    {1170, 7, 0x0D, 3, 448, {5121120, -1114442, -12090625}, {{12285, -174399, 1088960}, {12628, -174420, 1089108}}, {{-350, -70, 334}}, {0x92,0x74,0x00,0x0D,0x83,0x91,0x38,0xD9,0xFA,0xBB,0xFF,0x05,0x8F,0xF6,0xBF,0x00,0xC1,0x56,0x3D,0x70,0x27,0x24,0xEA,0xFF,0xEB,0xFE,0xFF,0x4E,0x01,0x00,0x55,0x0C,0xC0,0x6A,0xD5,0x53,0x79,0x42,0xC0,0x01}},
    {1194, 7, 0x0D, 3, 448, {5121224, -1115358, -12090349}, {{12219, -174399, 1089408}, {12031, -173995, 1088682}}, {{-86, -164, 414}}, {0xAA,0x74,0x00,0x0D,0x23,0x93,0x38,0x89,0xEC,0xBB,0x27,0x08,0x8F,0xEE,0xBE,0x00,0xC1,0x56,0x3D,0xE0,0x27,0xA4,0xFA,0xFF,0x73,0xFD,0xFF,0x9E,0x01,0xC0,0xBF,0x0B,0x50,0x85,0xD5,0xAB,0x72,0x42,0xC0,0x01}},
    {1205, 7, 0x0D, 3, 448, {5121496, -1115458, -12090141}, {{12030, -174207, 1089599}, {12031, -174591, 1088086}}, {{-90, -246, -171}}, {0xB5,0x74,0x00,0x0D,0x63,0x97,0x38,0xF9,0xEA,0xBB,0xC7,0x09,0x8F,0xFA,0xBB,0x00,0x81,0x57,0xFD,0x0F,0x28,0x64,0xFA,0xFF,0x2B,0xFC,0xFF,0x55,0xFF,0xFF,0xBF,0x0B,0x10,0x60,0xD5,0x5B,0x69,0x42,0xC0,0x01}},
    {1229, 7, 0x0D, 3, 448, {5121656, -1116306, -12090169}, {{11900, -174465, 1089215}, {11346, -174589, 1089451}}, {{-340, -598, 602}}, {0xCD,0x74,0x00,0x0D,0xE3,0x99,0x38,0xB9,0xDD,0xBB,0x8F,0x09,0x8F,0xF2,0xB9,0x00,0x7F,0x56,0xFD,0xAF,0x27,0xC4,0xEA,0xFF,0xAB,0xF6,0xFF,0x5A,0x02,0x80,0x14,0x0B,0x30,0x60,0xD5,0xAF,0x7E,0x42,0xC0,0x01}},
    {1259, 7, 0x0D, 3, 448, {5122400, -1117510, -12089617}, {{12095, -174720, 1088767}, {12201, -174933, 1088512}}, {{-8, -437, 330}}, {0xEB,0x74,0x00,0x0D,0x83,0xA5,0x38,0xE9,0xCA,0xBB,0xDF,0x0D,0x8F,0xFE,0xBC,0x00,0x80,0x55,0xFD,0x3F,0x27,0x84,0xFF,0xFF,0x2F,0xF9,0xFF,0x4A,0x01,0x40,0xEA,0x0B,0xB0,0x4A,0xD5,0x03,0x70,0x42,0xC0,0x01}},
    {1283, 7, 0x0D, 3, 448, {5122696, -1118566, -12089349}, {{11708, -174720, 1089151}, {11944, -174505, 1088512}}, {{-169, -512, 84}}, {0x03,0x75,0x00,0x0D,0x23,0xAA,0x38,0x69,0xBA,0xBB,0xF7,0x0F,0x8F,0xF2,0xB6,0x00,0x80,0x55,0xFD,0x9F,0x27,0x74,0xF5,0xFF,0x03,0xF8,0xFF,0x54,0x00,0x00,0xAA,0x0B,0x70,0x65,0xD5,0x03,0x70,0x42,0xC0,0x01}},
    {1313, 7, 0x0D, 3, 448, {5123344, -1119378, -12089201}, {{12414, -174656, 1088447}, {12542, -174935, 1088000}}, {{79, -599, 757}}, {0x21,0x75,0x00,0x0D,0x43,0xB4,0x38,0xB9,0xAD,0xBB,0x1F,0x11,0x8F,0xFA,0xC1,0x00,0xC0,0x55,0xFD,0xEF,0x26,0xF4,0x04,0x00,0xA4,0xF6,0xFF,0xF5,0x02,0x80,0x3F,0x0C,0x90,0x4A,0xD5,0x03,0x68,0x42,0xC0,0x01}},
    {1337, 7, 0x0D, 3, 448, {5124152, -1120418, -12089009}, {{11580, -175102, 1088768}, {11262, -174677, 1089279}}, {{-170, -344, -438}}, {0x39,0x75,0x00,0x0D,0xE3,0xC0,0x38,0x79,0x9D,0xBB,0x9F,0x12,0x8F,0xF2,0xB4,0x00,0x02,0x54,0x3D,0x40,0x27,0x64,0xF5,0xFF,0xA3,0xFA,0xFF,0x4A,0xFE,0xBF,0xFF,0x0A,0xB0,0x5A,0xD5,0xFF,0x7B,0x42,0xC0,0x01}},
    {1348, 7, 0x0D, 3, 448, {5124024, -1120654, -12088985}, {{11199, -174975, 1089344}, {11775, -174847, 1089535}}, {{-90, -250, 249}}, {0x44,0x75,0x00,0x0D,0xE3,0xBE,0x38,0xC9,0x99,0xBB,0xCF,0x12,0x8F,0xFE,0xAE,0x00,0x81,0x54,0x3D,0xD0,0x27,0x64,0xFA,0xFF,0x1B,0xFC,0xFF,0xF9,0x00,0xC0,0x7F,0x0B,0x10,0x50,0xD5,0xFF,0x7F,0x42,0xC0,0x01}},
    {1372, 7, 0x0D, 3, 448, {5124192, -1121710, -12088741}, {{10750, -175167, 1088320}, {11091, -174677, 1088682}}, {{-86, -604, 682}}, {0x5C,0x75,0x00,0x0D,0x83,0xC1,0x38,0x49,0x89,0xBB,0xB7,0x14,0x8F,0xFA,0xA7,0x00,0xC1,0x53,0x3D,0xD0,0x26,0xA4,0xFA,0xFF,0x93,0xF6,0xFF,0xAA,0x02,0xC0,0xD4,0x0A,0xB0,0x5A,0xD5,0xAB,0x72,0x42,0xC0,0x01}},
    {1402, 7, 0x0D, 3, 448, {5124696, -1123082, -12088457}, {{11198, -175552, 1088383}, {11345, -175787, 1088768}}, {{10, -774, 506}}, {0x7A,0x75,0x00,0x0D,0x63,0xC9,0x38,0xD9,0x73,0xBB,0xEF,0x16,0x8F,0xFA,0xAE,0x00,0x40,0x52,0xFD,0xDF,0x26,0xA4,0x00,0x00,0xE8,0xF3,0xFF,0xFA,0x01,0x40,0x14,0x0B,0x50,0x15,0xD5,0x03,0x74,0x42,0xC0,0x01}},
};

#endif  // NS2_MOTION40_HIGH_RATE_FIXTURE_H
